gcccore/6.4.0 unloaded 
cesga/2018 unloaded 
        Preparing the environment for use of the CESGA 2020 software stack.
        Please rebuild modules cache: module --ignore-cache avail
     
cesga/2020 loaded 

The following have been reloaded with a version change:
  1) cesga/2018 => cesga/2020

gcccore/system loaded 
gcc/system loaded 
ucx/1.9.0 loaded 
hwloc/2.2.0 loaded 
slurm/cesga loaded 
openmpi/4.0.5 loaded 
openblas/system loaded 
fftw/3.3.9 loaded 
scalapack/2.1.0 loaded 
cuda/system loaded 
plumed/2.7.1 loaded 
gromacs/2021-PLUMED-2.7.1 loaded 
                   :-) GROMACS - gmx mdrun, 2021-MODIFIED (-:

                            GROMACS is written by:
     Andrey Alekseenko              Emile Apol              Rossen Apostolov     
         Paul Bauer           Herman J.C. Berendsen           Par Bjelkmar       
       Christian Blau           Viacheslav Bolnykh             Kevin Boyd        
     Aldert van Buuren           Rudi van Drunen             Anton Feenstra      
    Gilles Gouaillardet             Alan Gray               Gerrit Groenhof      
       Anca Hamuraru            Vincent Hindriksen          M. Eric Irrgang      
      Aleksei Iupinov           Christoph Junghans             Joe Jordan        
    Dimitrios Karkoulis            Peter Kasson                Jiri Kraus        
      Carsten Kutzner              Per Larsson              Justin A. Lemkul     
       Viveca Lindahl            Magnus Lundborg             Erik Marklund       
        Pascal Merz             Pieter Meulenhoff            Teemu Murtola       
        Szilard Pall               Sander Pronk              Roland Schulz       
       Michael Shirts            Alexey Shvetsov             Alfons Sijbers      
       Peter Tieleman              Jon Vincent              Teemu Virolainen     
     Christian Wennberg            Maarten Wolf              Artem Zhmurov       
                           and the project leaders:
        Mark Abraham, Berk Hess, Erik Lindahl, and David van der Spoel

Copyright (c) 1991-2000, University of Groningen, The Netherlands.
Copyright (c) 2001-2019, The GROMACS development team at
Uppsala University, Stockholm University and
the Royal Institute of Technology, Sweden.
check out http://www.gromacs.org for more information.

GROMACS is free software; you can redistribute it and/or modify it
under the terms of the GNU Lesser General Public License
as published by the Free Software Foundation; either version 2.1
of the License, or (at your option) any later version.

GROMACS:      gmx mdrun, version 2021-MODIFIED
Executable:   /opt/cesga/2020/software/MPI/gcc/system/openmpi/4.0.5/gromacs/2021-PLUMED-2.7.1/bin/gmx_mpi
Data prefix:  /opt/cesga/2020/software/MPI/gcc/system/openmpi/4.0.5/gromacs/2021-PLUMED-2.7.1
Working dir:  /mnt/lustre/scratch/home/csic/eyg/sdp/7_HEMTx4_lwall_flex/2_md/4_md/md_04
Command line:
  gmx_mpi mdrun -v -deffnm step06_md1_04 -cpi step06_md1_04.cpt -cpt 60 -plumed plumed_04.dat -maxh 4

Reading file step06_md1_04.tpr, VERSION 2021-MODIFIED (single precision)
Changing nstlist from 20 to 80, rlist from 1.224 to 1.322

Using 96 MPI processes

Non-default thread affinity set, disabling internal thread affinity

Using 1 OpenMP thread per MPI process

starting mdrun 'UNK in water'
50000000 steps, 100000.0 ps (continuing from step 44490320,  88980.6 ps).
step 44490320, will finish Tue May 10 00:57:51 2022
imb F 28% pme/F 4.61 step 44490400, will finish Wed May  4 16:36:53 2022
step 44490500, will finish Tue May  3 14:01:03 2022
step 44490600, will finish Tue May  3 20:17:18 2022
step 44490700, will finish Tue May  3 14:19:21 2022
step 44490800: timed with pme grid 42 42 42, coulomb cutoff 1.200: 272.1 M-cycles
step 44490800: the domain decompostion limits the PME load balancing to a coulomb cut-off of 1.236
step 44490960: timed with pme grid 40 40 40, coulomb cutoff 1.236: 304.4 M-cycles
step 44491120: timed with pme grid 42 42 42, coulomb cutoff 1.200: 294.2 M-cycles
              optimal pme grid 42 42 42, coulomb cutoff 1.200
vol 0.76  imb F 77% pme/F 0.24 step 44491200, will finish Tue May  3 04:46:28 2022
step 44491300, will finish Tue May  3 03:21:42 2022
step 44491400, will finish Tue May  3 02:16:25 2022
step 44491500, will finish Tue May  3 05:36:57 2022
vol 0.56  imb F 37% pme/F 4.47 step 44491600, will finish Tue May  3 05:59:18 2022
step 44491700, will finish Tue May  3 04:57:39 2022
step 44491800, will finish Tue May  3 06:23:14 2022
step 44491900, will finish Tue May  3 05:28:58 2022
imb F 24% pme/F 2.11 step 44492000, will finish Tue May  3 05:57:43 2022
step 44492100, will finish Tue May  3 06:56:15 2022
step 44492200, will finish Tue May  3 06:56:43 2022
step 44492300, will finish Tue May  3 08:05:43 2022
imb F 15% pme/F 0.65 step 44492400, will finish Tue May  3 07:15:49 2022
step 44492500, will finish Tue May  3 06:32:45 2022
step 44492600, will finish Tue May  3 06:20:33 2022
step 44492700, will finish Tue May  3 06:46:25 2022
imb F 30% pme/F 4.36 step 44492800, will finish Tue May  3 07:18:29 2022
step 44492900, will finish Tue May  3 07:57:47 2022
step 44493000, will finish Tue May  3 07:30:04 2022
step 44493100, will finish Tue May  3 06:55:09 2022
imb F 57% pme/F 0.28 step 44493200, will finish Tue May  3 06:23:10 2022
step 44493300, will finish Tue May  3 05:52:33 2022
step 44493400, will finish Tue May  3 05:34:20 2022
step 44493500, will finish Tue May  3 05:10:26 2022
imb F 31% pme/F 1.17 step 44493600, will finish Tue May  3 04:56:18 2022
step 44493700, will finish Tue May  3 06:04:17 2022
step 44493800, will finish Tue May  3 05:39:00 2022
step 44493900, will finish Tue May  3 05:35:34 2022
imb F 78% pme/F 0.28 step 44494000, will finish Tue May  3 05:12:34 2022
step 44494100, will finish Tue May  3 05:04:58 2022
step 44494200, will finish Tue May  3 04:52:38 2022
step 44494300, will finish Tue May  3 04:49:57 2022
imb F 39% pme/F 0.30 step 44494400, will finish Tue May  3 04:42:50 2022
step 44494500, will finish Tue May  3 04:23:45 2022
step 44494600, will finish Tue May  3 04:06:23 2022
step 44494700, will finish Tue May  3 03:49:00 2022
imb F 88% pme/F 0.31 step 44494800, will finish Tue May  3 03:33:23 2022
step 44494900, will finish Tue May  3 03:17:53 2022
step 44495000, will finish Tue May  3 03:25:01 2022
step 44495100, will finish Tue May  3 03:09:54 2022
imb F 107% pme/F 0.19 step 44495200, will finish Tue May  3 02:59:51 2022
step 44495300, will finish Tue May  3 02:54:53 2022
step 44495400, will finish Tue May  3 02:41:11 2022
step 44495500, will finish Tue May  3 02:28:33 2022
imb F  7% pme/F 1.85 step 44495600, will finish Tue May  3 02:15:59 2022
step 44495700, will finish Tue May  3 02:31:55 2022
step 44495800, will finish Tue May  3 03:12:15 2022
step 44495900, will finish Tue May  3 02:59:09 2022
imb F  4% pme/F 1.78 step 44496000, will finish Tue May  3 02:46:52 2022
step 44496100, will finish Tue May  3 03:02:40 2022
step 44496200, will finish Tue May  3 02:56:08 2022
step 44496300, will finish Tue May  3 02:44:30 2022
imb F 27% pme/F 1.74 step 44496400, will finish Tue May  3 02:34:16 2022
step 44496500, will finish Tue May  3 02:23:29 2022
step 44496600, will finish Tue May  3 02:24:24 2022
step 44496700, will finish Tue May  3 02:14:01 2022
imb F  5% pme/F 1.47 step 44496800, will finish Tue May  3 02:03:47 2022
step 44496900, will finish Tue May  3 02:08:25 2022
step 44497000, will finish Tue May  3 01:58:24 2022
step 44497100, will finish Tue May  3 01:48:59 2022
imb F 16% pme/F 0.17 step 44497200, will finish Tue May  3 01:55:19 2022
step 44497300, will finish Tue May  3 01:46:15 2022
step 44497400, will finish Tue May  3 01:38:07 2022
step 44497500, will finish Tue May  3 01:29:36 2022
imb F 41% pme/F 8.99 step 44497600, will finish Tue May  3 01:45:18 2022
step 44497700, will finish Tue May  3 01:36:58 2022
step 44497800, will finish Tue May  3 01:29:04 2022
step 44497900, will finish Tue May  3 01:21:16 2022
imb F 26% pme/F 1.49 step 44498000, will finish Tue May  3 01:25:14 2022
step 44498100, will finish Tue May  3 01:19:25 2022
step 44498200, will finish Tue May  3 01:15:48 2022
step 44498300, will finish Tue May  3 01:14:05 2022
imb F  6% pme/F 1.70 step 44498400, will finish Tue May  3 01:06:45 2022
step 44498500, will finish Tue May  3 01:32:43 2022
step 44498600, will finish Tue May  3 01:49:01 2022
step 44498700, will finish Tue May  3 01:41:18 2022
imb F  2% pme/F 1.82 step 44498800, will finish Tue May  3 01:33:54 2022
step 44498900, will finish Tue May  3 01:40:48 2022
step 44499000, will finish Tue May  3 02:05:35 2022
step 44499100, will finish Tue May  3 02:31:29 2022
imb F 50% pme/F 13.05 step 44499200, will finish Tue May  3 02:43:18 2022
step 44499300, will finish Tue May  3 02:35:22 2022
step 44499400, will finish Tue May  3 02:28:01 2022
step 44499500, will finish Tue May  3 02:31:45 2022
imb F  8% pme/F 1.64 step 44499600, will finish Tue May  3 02:24:30 2022
step 44499700, will finish Tue May  3 02:17:21 2022
step 44499800, will finish Tue May  3 02:16:29 2022
step 44499900, will finish Tue May  3 02:32:48 2022
imb F 55% pme/F 0.29 step 44500000, will finish Tue May  3 02:34:22 2022
step 44500100, will finish Tue May  3 02:27:14 2022
step 44500200, will finish Tue May  3 02:40:32 2022
step 44500300, will finish Tue May  3 03:04:05 2022
imb F 76% pme/F 0.27 step 44500400, will finish Tue May  3 02:56:56 2022
step 44500500, will finish Tue May  3 02:50:13 2022
step 44500600, will finish Tue May  3 02:43:46 2022
step 44500700, will finish Tue May  3 02:37:14 2022
imb F 26% pme/F 0.10 step 44500800, will finish Tue May  3 02:36:35 2022
step 44500900, will finish Tue May  3 02:52:09 2022
step 44501000, will finish Tue May  3 03:10:54 2022
step 44501100, will finish Tue May  3 03:08:55 2022
imb F 70% pme/F 0.22 step 44501200, will finish Tue May  3 03:15:31 2022
step 44501300, will finish Tue May  3 03:35:57 2022
step 44501400, will finish Tue May  3 03:56:26 2022
step 44501500, will finish Tue May  3 03:49:35 2022
imb F 87% pme/F 0.28 step 44501600, will finish Tue May  3 03:43:00 2022
step 44501700, will finish Tue May  3 03:36:08 2022
step 44501800, will finish Tue May  3 03:31:44 2022
step 44501900, will finish Tue May  3 03:42:29 2022
imb F 50% pme/F 0.32 step 44502000, will finish Tue May  3 03:35:52 2022
step 44502100, will finish Tue May  3 03:29:43 2022
step 44502200, will finish Tue May  3 03:23:53 2022
step 44502300, will finish Tue May  3 03:17:38 2022
imb F 10% pme/F 0.33 step 44502400, will finish Tue May  3 03:25:34 2022
step 44502500, will finish Tue May  3 03:19:39 2022
step 44502600, will finish Tue May  3 03:14:10 2022
step 44502700, will finish Tue May  3 03:08:07 2022
imb F 48% pme/F 0.29 step 44502800, will finish Tue May  3 03:02:38 2022
step 44502900, will finish Tue May  3 03:11:37 2022
step 44503000, will finish Tue May  3 03:05:47 2022
step 44503100, will finish Tue May  3 02:59:59 2022
imb F 86% pme/F 0.24 step 44503200, will finish Tue May  3 02:54:31 2022
step 44503300, will finish Tue May  3 02:57:43 2022
step 44503400, will finish Tue May  3 02:53:28 2022
step 44503500, will finish Tue May  3 02:48:05 2022
imb F 11% pme/F 0.19 step 44503600, will finish Tue May  3 02:52:00 2022
step 44503700, will finish Tue May  3 02:46:49 2022
step 44503800, will finish Tue May  3 02:43:12 2022
step 44503900, will finish Tue May  3 02:39:14 2022
imb F 49% pme/F 0.17 step 44504000, will finish Tue May  3 02:35:30 2022
step 44504100, will finish Tue May  3 02:30:36 2022
step 44504200, will finish Tue May  3 02:37:44 2022
step 44504300, will finish Tue May  3 02:34:39 2022
imb F 63% pme/F 0.38 step 44504400, will finish Tue May  3 02:29:50 2022
step 44504500, will finish Tue May  3 02:24:56 2022
step 44504600, will finish Tue May  3 02:20:05 2022
step 44504700, will finish Tue May  3 02:15:30 2022
imb F  2% pme/F 0.49 step 44504800, will finish Tue May  3 02:10:43 2022
step 44504900, will finish Tue May  3 02:07:34 2022
step 44505000, will finish Tue May  3 02:02:59 2022
step 44505100, will finish Tue May  3 01:58:39 2022
imb F 37% pme/F 0.32 step 44505200, will finish Tue May  3 01:54:21 2022
step 44505300, will finish Tue May  3 01:50:11 2022
step 44505400, will finish Tue May  3 01:49:19 2022
step 44505500, will finish Tue May  3 02:03:17 2022
imb F 87% pme/F 0.28 step 44505600, will finish Tue May  3 02:00:19 2022
step 44505700, will finish Tue May  3 01:57:54 2022
step 44505800, will finish Tue May  3 01:53:41 2022
step 44505900, will finish Tue May  3 01:49:39 2022
imb F 49% pme/F 0.44 step 44506000, will finish Tue May  3 01:45:49 2022
step 44506100, will finish Tue May  3 02:09:55 2022
step 44506200, will finish Tue May  3 02:39:23 2022
step 44506300, will finish Tue May  3 02:48:08 2022
vol 0.98  imb F 24% pme/F 0.14 step 44506400, will finish Tue May  3 02:53:52 2022
step 44506500, will finish Tue May  3 02:49:32 2022
step 44506600, will finish Tue May  3 02:47:38 2022
step 44506700, will finish Tue May  3 02:51:03 2022
vol 0.69  imb F 24% pme/F 0.39 step 44506800, will finish Tue May  3 02:48:52 2022
step 44506900, will finish Tue May  3 02:44:46 2022
step 44507000, will finish Tue May  3 02:40:31 2022
step 44507100, will finish Tue May  3 02:36:37 2022
vol 0.44  imb F 22% pme/F 0.11 step 44507200, will finish Tue May  3 02:38:48 2022
step 44507300, will finish Tue May  3 02:34:57 2022
step 44507400, will finish Tue May  3 02:37:30 2022
step 44507500, will finish Tue May  3 02:33:52 2022
vol 0.35  imb F 15% pme/F 0.30 step 44507600, will finish Tue May  3 02:40:28 2022
step 44507700, will finish Tue May  3 02:36:50 2022
step 44507800, will finish Tue May  3 02:33:12 2022
step 44507900, will finish Tue May  3 02:29:40 2022
vol 0.28  imb F 75% pme/F 0.22 step 44508000, will finish Tue May  3 02:26:11 2022
step 44508100, will finish Tue May  3 02:25:32 2022
step 44508200, will finish Tue May  3 02:22:07 2022
step 44508300, will finish Tue May  3 02:18:42 2022
vol 0.24! imb F 18% pme/F 0.19 step 44508400, will finish Tue May  3 02:24:32 2022
step 44508500, will finish Tue May  3 02:21:10 2022
step 44508600, will finish Tue May  3 02:17:58 2022
step 44508700, will finish Tue May  3 02:14:43 2022
vol 0.27! imb F 22% pme/F 0.28 step 44508800, will finish Tue May  3 02:11:13 2022
step 44508900, will finish Tue May  3 02:10:22 2022
step 44509000, will finish Tue May  3 02:07:15 2022
step 44509100, will finish Tue May  3 02:04:00 2022
vol 0.29! imb F 19% pme/F 0.16 step 44509200, will finish Tue May  3 02:06:01 2022
step 44509300, will finish Tue May  3 02:03:51 2022
step 44509400, will finish Tue May  3 02:07:40 2022
step 44509500, will finish Tue May  3 02:08:02 2022
vol 0.24! imb F 59% pme/F 0.26 step 44509600, will finish Tue May  3 02:05:03 2022
step 44509700, will finish Tue May  3 02:02:10 2022
step 44509800, will finish Tue May  3 01:58:59 2022
step 44509900, will finish Tue May  3 01:55:59 2022
vol 0.20! imb F 19% pme/F 0.14 step 44510000, will finish Tue May  3 01:54:36 2022
step 44510100, will finish Tue May  3 01:51:43 2022
step 44510200, will finish Tue May  3 01:48:42 2022
step 44510300, will finish Tue May  3 01:45:56 2022
vol 0.22! imb F 54% pme/F 0.18 step 44510400, will finish Tue May  3 01:43:17 2022
step 44510500, will finish Tue May  3 01:40:28 2022
step 44510600, will finish Tue May  3 01:42:25 2022
step 44510700, will finish Tue May  3 01:50:08 2022
vol 0.22! imb F 17% pme/F 0.12 step 44510800, will finish Tue May  3 01:54:17 2022
step 44510900, will finish Tue May  3 01:51:36 2022
step 44511000, will finish Tue May  3 01:48:50 2022
step 44511100, will finish Tue May  3 01:46:12 2022
vol 0.24! imb F 16% pme/F 0.07 step 44511200, will finish Tue May  3 02:03:28 2022
step 44511300, will finish Tue May  3 02:00:46 2022
step 44511400, will finish Tue May  3 02:06:08 2022
step 44511500, will finish Tue May  3 02:04:27 2022
vol 0.24! imb F 39% pme/F 0.20 step 44511600, will finish Tue May  3 02:01:45 2022
step 44511700, will finish Tue May  3 01:59:13 2022
step 44511800, will finish Tue May  3 02:04:30 2022
step 44511900, will finish Tue May  3 02:05:40 2022
vol 0.21! imb F 64% pme/F 0.13 step 44512000, will finish Tue May  3 02:03:45 2022
step 44512100, will finish Tue May  3 02:02:18 2022
step 44512200, will finish Tue May  3 02:17:59 2022
step 44512300, will finish Tue May  3 02:41:51 2022
vol 0.21! imb F 23% pme/F 0.09 step 44512400, will finish Tue May  3 02:55:01 2022
step 44512500, will finish Tue May  3 02:56:34 2022
step 44512600, will finish Tue May  3 03:02:06 2022
step 44512700, will finish Tue May  3 03:09:07 2022
imb F 23% pme/F 0.18 step 44512800, will finish Tue May  3 03:07:25 2022
step 44512900, will finish Tue May  3 03:04:13 2022
step 44513000, will finish Tue May  3 03:01:09 2022
step 44513100, will finish Tue May  3 03:00:48 2022
imb F 81% pme/F 0.31 step 44513200, will finish Tue May  3 02:57:49 2022
step 44513300, will finish Tue May  3 02:54:48 2022
step 44513400, will finish Tue May  3 02:54:41 2022
step 44513500, will finish Tue May  3 02:51:43 2022
imb F 18% pme/F 0.25 step 44513600, will finish Tue May  3 02:54:42 2022
step 44513700, will finish Tue May  3 02:51:40 2022
step 44513800, will finish Tue May  3 02:48:46 2022
step 44513900, will finish Tue May  3 02:50:39 2022
imb F 58% pme/F 0.39 step 44514000, will finish Tue May  3 02:47:45 2022
step 44514100, will finish Tue May  3 02:44:51 2022
step 44514200, will finish Tue May  3 02:42:02 2022
step 44514300, will finish Tue May  3 02:39:21 2022
imb F 97% pme/F 0.23 step 44514400, will finish Tue May  3 02:36:38 2022
step 44514500, will finish Tue May  3 02:33:50 2022
step 44514600, will finish Tue May  3 02:31:06 2022
step 44514700, will finish Tue May  3 02:41:30 2022
imb F 46% pme/F 0.31 step 44514800, will finish Tue May  3 02:38:49 2022
step 44514900, will finish Tue May  3 02:35:57 2022
step 44515000, will finish Tue May  3 02:34:19 2022
step 44515100, will finish Tue May  3 02:31:41 2022
imb F 10% pme/F 0.20 step 44515200, will finish Tue May  3 02:35:40 2022
step 44515300, will finish Tue May  3 02:32:53 2022
step 44515400, will finish Tue May  3 02:30:16 2022
step 44515500, will finish Tue May  3 02:31:28 2022
imb F 16% pme/F 0.23 step 44515600, will finish Tue May  3 02:36:33 2022
step 44515700, will finish Tue May  3 02:33:48 2022
step 44515800, will finish Tue May  3 02:31:10 2022
step 44515900, will finish Tue May  3 02:28:33 2022
imb F  3% pme/F 0.31 step 44516000, will finish Tue May  3 02:26:00 2022
step 44516100, will finish Tue May  3 02:27:25 2022
step 44516200, will finish Tue May  3 02:24:48 2022
step 44516300, will finish Tue May  3 02:22:14 2022
imb F 24% pme/F 0.24 step 44516400, will finish Tue May  3 02:21:12 2022
step 44516500, will finish Tue May  3 02:18:41 2022
step 44516600, will finish Tue May  3 02:16:10 2022
step 44516700, will finish Tue May  3 02:13:44 2022
imb F 23% pme/F 0.22 step 44516800, will finish Tue May  3 02:15:23 2022
step 44516900, will finish Tue May  3 02:12:59 2022
step 44517000, will finish Tue May  3 02:14:15 2022
step 44517100, will finish Tue May  3 02:11:49 2022
imb F 88% pme/F 0.24 step 44517200, will finish Tue May  3 02:09:27 2022
step 44517300, will finish Tue May  3 02:12:23 2022
step 44517400, will finish Tue May  3 02:09:58 2022
step 44517500, will finish Tue May  3 02:09:11 2022
imb F 85% pme/F 0.26 step 44517600, will finish Tue May  3 02:06:51 2022
step 44517700, will finish Tue May  3 02:04:36 2022
step 44517800, will finish Tue May  3 02:02:18 2022
step 44517900, will finish Tue May  3 02:13:54 2022
imb F 54% pme/F 0.27 step 44518000, will finish Tue May  3 02:11:35 2022
step 44518100, will finish Tue May  3 02:09:11 2022
step 44518200, will finish Tue May  3 02:19:14 2022
step 44518300, will finish Tue May  3 02:17:32 2022
imb F 84% pme/F 0.25 step 44518400, will finish Tue May  3 02:15:13 2022
step 44518500, will finish Tue May  3 02:14:19 2022
step 44518600, will finish Tue May  3 02:12:03 2022
step 44518700, will finish Tue May  3 02:17:12 2022
imb F 76% pme/F 0.26 step 44518800, will finish Tue May  3 02:14:53 2022
step 44518900, will finish Tue May  3 02:15:15 2022
step 44519000, will finish Tue May  3 02:13:06 2022
step 44519100, will finish Tue May  3 02:12:02 2022
imb F 79% pme/F 0.24 step 44519200, will finish Tue May  3 02:09:46 2022
step 44519300, will finish Tue May  3 02:07:35 2022
step 44519400, will finish Tue May  3 02:05:23 2022
step 44519500, will finish Tue May  3 02:03:11 2022
imb F 14% pme/F 0.23 step 44519600, will finish Tue May  3 02:06:54 2022
step 44519700, will finish Tue May  3 02:04:42 2022
step 44519800, will finish Tue May  3 02:10:06 2022
step 44519900, will finish Tue May  3 02:15:31 2022
imb F 71% pme/F 0.30 step 44520000, will finish Tue May  3 02:16:29 2022
step 44520100, will finish Tue May  3 02:14:18 2022
step 44520200, will finish Tue May  3 02:18:58 2022
step 44520300, will finish Tue May  3 02:36:17 2022
imb F 33% pme/F 0.48 step 44520400, will finish Tue May  3 02:33:55 2022
step 44520500, will finish Tue May  3 02:31:42 2022
step 44520600, will finish Tue May  3 02:29:20 2022
step 44520700, will finish Tue May  3 02:27:08 2022
imb F 35% pme/F 0.15 step 44520800, will finish Tue May  3 02:26:45 2022
step 44520900, will finish Tue May  3 02:27:14 2022
step 44521000, will finish Tue May  3 02:25:06 2022
step 44521100, will finish Tue May  3 02:27:34 2022
imb F 70% pme/F 0.28 step 44521200, will finish Tue May  3 02:25:27 2022
step 44521300, will finish Tue May  3 02:24:25 2022
step 44521400, will finish Tue May  3 02:22:17 2022
step 44521500, will finish Tue May  3 02:20:12 2022
imb F 23% pme/F 0.17 step 44521600, will finish Tue May  3 02:19:00 2022
step 44521700, will finish Tue May  3 02:16:54 2022
step 44521800, will finish Tue May  3 02:21:32 2022
step 44521900, will finish Tue May  3 02:25:57 2022
imb F 75% pme/F 0.26 step 44522000, will finish Tue May  3 02:23:53 2022
step 44522100, will finish Tue May  3 02:27:48 2022
step 44522200, will finish Tue May  3 02:27:07 2022
step 44522300, will finish Tue May  3 02:25:03 2022
imb F 17% pme/F 0.36 step 44522400, will finish Tue May  3 02:26:18 2022
step 44522500, will finish Tue May  3 02:24:15 2022
step 44522600, will finish Tue May  3 02:22:08 2022
step 44522700, will finish Tue May  3 02:20:02 2022
imb F  0% pme/F 0.31 step 44522800, will finish Tue May  3 02:18:05 2022
step 44522900, will finish Tue May  3 02:18:06 2022
step 44523000, will finish Tue May  3 02:16:07 2022
step 44523100, will finish Tue May  3 02:14:02 2022
imb F  7% pme/F 0.46 step 44523200, will finish Tue May  3 02:12:00 2022
step 44523300, will finish Tue May  3 02:10:03 2022
step 44523400, will finish Tue May  3 02:12:21 2022
step 44523500, will finish Tue May  3 02:10:28 2022
imb F 40% pme/F 0.14 step 44523600, will finish Tue May  3 02:09:43 2022
step 44523700, will finish Tue May  3 02:07:53 2022
step 44523800, will finish Tue May  3 02:05:53 2022
step 44523900, will finish Tue May  3 02:03:58 2022
imb F 13% pme/F 0.20 step 44524000, will finish Tue May  3 02:10:08 2022
step 44524100, will finish Tue May  3 02:11:26 2022
step 44524200, will finish Tue May  3 02:09:32 2022
step 44524300, will finish Tue May  3 02:12:38 2022
imb F 65% pme/F 0.31 step 44524400, will finish Tue May  3 02:10:41 2022
step 44524500, will finish Tue May  3 02:08:50 2022
step 44524600, will finish Tue May  3 02:10:08 2022
step 44524700, will finish Tue May  3 02:08:16 2022
imb F 10% pme/F 0.15 step 44524800, will finish Tue May  3 02:11:33 2022
step 44524900, will finish Tue May  3 02:09:41 2022
step 44525000, will finish Tue May  3 02:11:57 2022
step 44525100, will finish Tue May  3 02:10:06 2022
imb F 54% pme/F 0.21 step 44525200, will finish Tue May  3 02:08:19 2022
step 44525300, will finish Tue May  3 02:06:30 2022
step 44525400, will finish Tue May  3 02:08:45 2022
step 44525500, will finish Tue May  3 02:06:57 2022
imb F 20% pme/F 0.26 step 44525600, will finish Tue May  3 02:05:25 2022
step 44525700, will finish Tue May  3 02:03:38 2022
step 44525800, will finish Tue May  3 02:01:57 2022
step 44525900, will finish Tue May  3 02:00:10 2022
imb F 58% pme/F 0.28 step 44526000, will finish Tue May  3 01:58:21 2022
step 44526100, will finish Tue May  3 01:56:35 2022
step 44526200, will finish Tue May  3 01:54:45 2022
step 44526300, will finish Tue May  3 01:53:01 2022
imb F 26% pme/F 0.25 step 44526400, will finish Tue May  3 01:51:20 2022
step 44526500, will finish Tue May  3 01:49:41 2022
step 44526600, will finish Tue May  3 01:50:47 2022
step 44526700, will finish Tue May  3 01:49:03 2022
imb F 70% pme/F 0.27 step 44526800, will finish Tue May  3 01:47:21 2022
step 44526900, will finish Tue May  3 01:51:13 2022
step 44527000, will finish Tue May  3 01:49:35 2022
step 44527100, will finish Tue May  3 01:52:18 2022
imb F 15% pme/F 0.20 step 44527200, will finish Tue May  3 01:59:17 2022
step 44527300, will finish Tue May  3 01:57:36 2022
step 44527400, will finish Tue May  3 01:55:52 2022
step 44527500, will finish Tue May  3 01:54:09 2022
imb F 75% pme/F 0.26 step 44527600, will finish Tue May  3 01:52:28 2022
step 44527700, will finish Tue May  3 01:50:39 2022
step 44527800, will finish Tue May  3 01:49:01 2022
step 44527900, will finish Tue May  3 01:47:18 2022
imb F 24% pme/F 0.34 step 44528000, will finish Tue May  3 01:52:41 2022
step 44528100, will finish Tue May  3 01:51:03 2022
step 44528200, will finish Tue May  3 01:49:23 2022
step 44528300, will finish Tue May  3 01:51:12 2022
imb F 65% pme/F 0.37 step 44528400, will finish Tue May  3 01:49:33 2022
step 44528500, will finish Tue May  3 01:47:55 2022
step 44528600, will finish Tue May  3 01:47:01 2022
step 44528700, will finish Tue May  3 01:45:25 2022
imb F 14% pme/F 0.61 step 44528800, will finish Tue May  3 01:43:44 2022
step 44528900, will finish Tue May  3 01:43:45 2022
step 44529000, will finish Tue May  3 01:42:11 2022
step 44529100, will finish Tue May  3 01:40:33 2022
imb F 83% pme/F 0.26 step 44529200, will finish Tue May  3 01:38:57 2022
step 44529300, will finish Tue May  3 01:37:21 2022
step 44529400, will finish Tue May  3 01:35:47 2022
step 44529500, will finish Tue May  3 01:34:15 2022
imb F 17% pme/F 0.26 step 44529600, will finish Tue May  3 01:37:49 2022
step 44529700, will finish Tue May  3 01:36:15 2022
step 44529800, will finish Tue May  3 01:34:44 2022
step 44529900, will finish Tue May  3 01:49:03 2022
imb F  8% pme/F 0.18 step 44530000, will finish Tue May  3 02:04:42 2022
step 44530100, will finish Tue May  3 02:03:06 2022
step 44530200, will finish Tue May  3 02:01:31 2022
step 44530300, will finish Tue May  3 01:59:51 2022
imb F 41% pme/F 0.39 step 44530400, will finish Tue May  3 01:58:19 2022
step 44530500, will finish Tue May  3 02:01:01 2022
step 44530600, will finish Tue May  3 01:59:25 2022
step 44530700, will finish Tue May  3 01:57:52 2022
imb F 61% pme/F 0.28 step 44530800, will finish Tue May  3 01:56:17 2022
step 44530900, will finish Tue May  3 01:54:43 2022
step 44531000, will finish Tue May  3 01:53:06 2022
step 44531100, will finish Tue May  3 01:51:34 2022
imb F 13% pme/F 0.17 step 44531200, will finish Tue May  3 01:57:05 2022
step 44531300, will finish Tue May  3 01:58:42 2022
step 44531400, will finish Tue May  3 01:57:11 2022
step 44531500, will finish Tue May  3 01:55:35 2022
imb F 45% pme/F 0.28 step 44531600, will finish Tue May  3 01:54:09 2022
step 44531700, will finish Tue May  3 01:52:34 2022
step 44531800, will finish Tue May  3 01:51:07 2022
step 44531900, will finish Tue May  3 01:52:57 2022
imb F 65% pme/F 0.24 step 44532000, will finish Tue May  3 01:51:26 2022
step 44532100, will finish Tue May  3 01:49:57 2022
step 44532200, will finish Tue May  3 01:55:53 2022
step 44532300, will finish Tue May  3 01:54:23 2022
imb F 25% pme/F 0.09 step 44532400, will finish Tue May  3 01:55:01 2022
step 44532500, will finish Tue May  3 01:55:30 2022
step 44532600, will finish Tue May  3 01:54:00 2022
step 44532700, will finish Tue May  3 01:53:20 2022
imb F 45% pme/F 0.37 step 44532800, will finish Tue May  3 01:51:52 2022
step 44532900, will finish Tue May  3 01:50:20 2022
step 44533000, will finish Tue May  3 01:48:52 2022
step 44533100, will finish Tue May  3 01:47:23 2022
imb F 50% pme/F 0.32 step 44533200, will finish Tue May  3 01:47:35 2022
step 44533300, will finish Tue May  3 01:46:07 2022
step 44533400, will finish Tue May  3 01:55:13 2022
step 44533500, will finish Tue May  3 02:09:45 2022
imb F 38% pme/F 0.31 step 44533600, will finish Tue May  3 02:11:20 2022
step 44533700, will finish Tue May  3 02:09:50 2022
step 44533800, will finish Tue May  3 02:08:24 2022
step 44533900, will finish Tue May  3 02:06:55 2022
imb F 28% pme/F 0.42 step 44534000, will finish Tue May  3 02:05:24 2022
step 44534100, will finish Tue May  3 02:04:00 2022
step 44534200, will finish Tue May  3 02:02:30 2022
step 44534300, will finish Tue May  3 02:01:05 2022
imb F 87% pme/F 0.27 step 44534400, will finish Tue May  3 01:59:40 2022
step 44534500, will finish Tue May  3 01:58:11 2022
step 44534600, will finish Tue May  3 01:56:45 2022
step 44534700, will finish Tue May  3 01:55:16 2022
imb F 70% pme/F 0.28 step 44534800, will finish Tue May  3 01:53:53 2022
step 44534900, will finish Tue May  3 01:56:27 2022
step 44535000, will finish Tue May  3 01:59:33 2022
step 44535100, will finish Tue May  3 01:58:09 2022
imb F 33% pme/F 0.43 step 44535200, will finish Tue May  3 01:56:43 2022
step 44535300, will finish Tue May  3 01:55:19 2022
step 44535400, will finish Tue May  3 01:53:54 2022
step 44535500, will finish Tue May  3 01:52:33 2022
imb F 15% pme/F 0.11 step 44535600, will finish Tue May  3 01:53:20 2022
step 44535700, will finish Tue May  3 01:52:05 2022
step 44535800, will finish Tue May  3 01:50:43 2022
step 44535900, will finish Tue May  3 01:49:17 2022
imb F 57% pme/F 0.28 step 44536000, will finish Tue May  3 01:47:55 2022
step 44536100, will finish Tue May  3 01:47:20 2022
step 44536200, will finish Tue May  3 01:45:58 2022
step 44536300, will finish Tue May  3 01:44:38 2022
imb F 11% pme/F 0.40 step 44536400, will finish Tue May  3 01:47:02 2022
step 44536500, will finish Tue May  3 01:45:42 2022
step 44536600, will finish Tue May  3 01:51:04 2022
step 44536700, will finish Tue May  3 02:00:03 2022
imb F  2% pme/F 0.25 step 44536800, will finish Tue May  3 01:58:41 2022
step 44536900, will finish Tue May  3 01:57:19 2022
step 44537000, will finish Tue May  3 01:55:54 2022
step 44537100, will finish Tue May  3 01:54:34 2022
imb F 15% pme/F 0.10 step 44537200, will finish Tue May  3 01:56:53 2022
step 44537300, will finish Tue May  3 01:55:33 2022
step 44537400, will finish Tue May  3 01:54:12 2022
step 44537500, will finish Tue May  3 01:52:54 2022
imb F  7% pme/F 0.24 step 44537600, will finish Tue May  3 01:51:35 2022
step 44537700, will finish Tue May  3 01:56:09 2022
step 44537800, will finish Tue May  3 01:54:50 2022
step 44537900, will finish Tue May  3 01:53:27 2022
imb F 91% pme/F 0.25 step 44538000, will finish Tue May  3 01:52:08 2022
step 44538100, will finish Tue May  3 01:50:49 2022
step 44538200, will finish Tue May  3 01:49:29 2022
step 44538300, will finish Tue May  3 01:48:10 2022
imb F 24% pme/F 0.30 step 44538400, will finish Tue May  3 01:48:16 2022
step 44538500, will finish Tue May  3 01:46:59 2022
step 44538600, will finish Tue May  3 01:45:47 2022
step 44538700, will finish Tue May  3 01:48:00 2022
imb F  2% pme/F 0.29 step 44538800, will finish Tue May  3 01:46:44 2022
step 44538900, will finish Tue May  3 01:46:54 2022
step 44539000, will finish Tue May  3 01:45:37 2022
step 44539100, will finish Tue May  3 01:44:19 2022
imb F 14% pme/F 0.39 step 44539200, will finish Tue May  3 01:43:05 2022
step 44539300, will finish Tue May  3 01:42:33 2022
step 44539400, will finish Tue May  3 01:41:18 2022
step 44539500, will finish Tue May  3 01:40:03 2022
imb F 15% pme/F 0.39 step 44539600, will finish Tue May  3 01:40:13 2022
step 44539700, will finish Tue May  3 01:38:59 2022
step 44539800, will finish Tue May  3 01:37:43 2022
step 44539900, will finish Tue May  3 01:36:29 2022
imb F 60% pme/F 0.32 step 44540000, will finish Tue May  3 01:35:15 2022
step 44540100, will finish Tue May  3 01:34:01 2022
step 44540200, will finish Tue May  3 01:34:11 2022
step 44540300, will finish Tue May  3 01:33:01 2022
imb F 63% pme/F 0.38 step 44540400, will finish Tue May  3 01:31:49 2022
step 44540500, will finish Tue May  3 01:36:08 2022
step 44540600, will finish Tue May  3 01:34:55 2022
step 44540700, will finish Tue May  3 01:35:04 2022
imb F  4% pme/F 0.27 step 44540800, will finish Tue May  3 01:33:52 2022
step 44540900, will finish Tue May  3 01:32:40 2022
step 44541000, will finish Tue May  3 01:37:28 2022
step 44541100, will finish Tue May  3 01:36:14 2022
imb F  6% pme/F 0.28 step 44541200, will finish Tue May  3 01:35:03 2022
step 44541300, will finish Tue May  3 01:33:47 2022
step 44541400, will finish Tue May  3 01:32:36 2022
step 44541500, will finish Tue May  3 01:31:22 2022
imb F 38% pme/F 0.34 step 44541600, will finish Tue May  3 01:30:08 2022
step 44541700, will finish Tue May  3 01:28:59 2022
step 44541800, will finish Tue May  3 01:27:48 2022
step 44541900, will finish Tue May  3 01:26:38 2022
imb F 12% pme/F 0.12 step 44542000, will finish Tue May  3 01:27:31 2022
step 44542100, will finish Tue May  3 01:26:21 2022
step 44542200, will finish Tue May  3 01:28:17 2022
step 44542300, will finish Tue May  3 01:28:43 2022
imb F 53% pme/F 0.36 step 44542400, will finish Tue May  3 01:27:35 2022
step 44542500, will finish Tue May  3 01:26:21 2022
step 44542600, will finish Tue May  3 01:25:12 2022
step 44542700, will finish Tue May  3 01:28:34 2022
imb F 16% pme/F 0.12 step 44542800, will finish Tue May  3 01:30:52 2022
step 44542900, will finish Tue May  3 01:29:43 2022
step 44543000, will finish Tue May  3 01:28:31 2022
step 44543100, will finish Tue May  3 01:27:23 2022
imb F 46% pme/F 0.34 step 44543200, will finish Tue May  3 01:26:12 2022
step 44543300, will finish Tue May  3 01:25:03 2022
step 44543400, will finish Tue May  3 01:23:55 2022
step 44543500, will finish Tue May  3 01:27:15 2022
imb F 73% pme/F 0.28 step 44543600, will finish Tue May  3 01:26:41 2022
step 44543700, will finish Tue May  3 01:25:34 2022
step 44543800, will finish Tue May  3 01:31:46 2022
step 44543900, will finish Tue May  3 01:39:24 2022
imb F 71% pme/F 0.31 step 44544000, will finish Tue May  3 01:38:16 2022
step 44544100, will finish Tue May  3 01:38:27 2022
step 44544200, will finish Tue May  3 01:37:17 2022
step 44544300, will finish Tue May  3 01:36:10 2022
imb F 38% pme/F 0.40 step 44544400, will finish Tue May  3 01:34:59 2022
step 44544500, will finish Tue May  3 01:33:52 2022
step 44544600, will finish Tue May  3 01:33:56 2022
step 44544700, will finish Tue May  3 01:37:05 2022
imb F 69% pme/F 0.25 step 44544800, will finish Tue May  3 01:35:59 2022
step 44544900, will finish Tue May  3 01:34:53 2022
step 44545000, will finish Tue May  3 01:33:41 2022
step 44545100, will finish Tue May  3 01:32:35 2022
imb F 47% pme/F 0.23 step 44545200, will finish Tue May  3 01:31:30 2022
step 44545300, will finish Tue May  3 01:30:25 2022
step 44545400, will finish Tue May  3 01:29:49 2022
step 44545500, will finish Tue May  3 01:39:22 2022
imb F 10% pme/F 0.15 step 44545600, will finish Tue May  3 01:45:18 2022
step 44545700, will finish Tue May  3 01:54:38 2022
step 44545800, will finish Tue May  3 02:03:11 2022
step 44545900, will finish Tue May  3 02:02:04 2022
imb F 84% pme/F 0.26 step 44546000, will finish Tue May  3 02:00:55 2022
step 44546100, will finish Tue May  3 01:59:42 2022
step 44546200, will finish Tue May  3 01:58:35 2022
step 44546300, will finish Tue May  3 01:57:27 2022
imb F 58% pme/F 0.34 step 44546400, will finish Tue May  3 01:56:20 2022
step 44546500, will finish Tue May  3 01:55:13 2022
step 44546600, will finish Tue May  3 01:54:05 2022
step 44546700, will finish Tue May  3 01:52:58 2022
imb F 54% pme/F 0.28 step 44546800, will finish Tue May  3 01:52:29 2022
step 44546900, will finish Tue May  3 01:51:23 2022
step 44547000, will finish Tue May  3 01:50:12 2022
step 44547100, will finish Tue May  3 01:49:07 2022
imb F 49% pme/F 0.31 step 44547200, will finish Tue May  3 01:47:59 2022
step 44547300, will finish Tue May  3 01:46:51 2022
step 44547400, will finish Tue May  3 01:45:45 2022
step 44547500, will finish Tue May  3 01:46:30 2022
imb F 30% pme/F 0.36 step 44547600, will finish Tue May  3 01:45:26 2022
step 44547700, will finish Tue May  3 01:44:22 2022
step 44547800, will finish Tue May  3 01:43:17 2022
step 44547900, will finish Tue May  3 01:42:12 2022
imb F 77% pme/F 0.36 step 44548000, will finish Tue May  3 01:41:07 2022
step 44548100, will finish Tue May  3 01:40:02 2022
step 44548200, will finish Tue May  3 01:38:57 2022
step 44548300, will finish Tue May  3 01:37:54 2022
imb F 14% pme/F 0.35 step 44548400, will finish Tue May  3 01:36:47 2022
step 44548500, will finish Tue May  3 01:35:44 2022
step 44548600, will finish Tue May  3 01:34:42 2022
step 44548700, will finish Tue May  3 01:33:36 2022
imb F 15% pme/F 0.32 step 44548800, will finish Tue May  3 01:32:34 2022
step 44548900, will finish Tue May  3 01:31:27 2022
step 44549000, will finish Tue May  3 01:30:28 2022
step 44549100, will finish Tue May  3 01:31:47 2022
imb F 59% pme/F 0.29 step 44549200, will finish Tue May  3 01:31:20 2022
step 44549300, will finish Tue May  3 01:30:18 2022
step 44549400, will finish Tue May  3 01:29:13 2022
step 44549500, will finish Tue May  3 01:28:12 2022
imb F 13% pme/F 0.38 step 44549600, will finish Tue May  3 01:29:25 2022
step 44549700, will finish Tue May  3 01:32:03 2022
step 44549800, will finish Tue May  3 01:31:02 2022
step 44549900, will finish Tue May  3 01:38:50 2022
imb F 10% pme/F 0.28 step 44550000, will finish Tue May  3 01:44:37 2022
step 44550100, will finish Tue May  3 01:43:35 2022
step 44550200, will finish Tue May  3 01:42:31 2022
step 44550300, will finish Tue May  3 01:41:26 2022
imb F 46% pme/F 0.44 step 44550400, will finish Tue May  3 01:40:25 2022
step 44550500, will finish Tue May  3 01:39:20 2022
step 44550600, will finish Tue May  3 01:38:18 2022
step 44550700, will finish Tue May  3 01:37:17 2022
imb F 50% pme/F 0.28 step 44550800, will finish Tue May  3 01:36:17 2022
step 44550900, will finish Tue May  3 01:35:16 2022
step 44551000, will finish Tue May  3 01:34:14 2022
step 44551100, will finish Tue May  3 01:33:15 2022
imb F  8% pme/F 0.17 step 44551200, will finish Tue May  3 01:37:59 2022
step 44551300, will finish Tue May  3 01:36:56 2022
step 44551400, will finish Tue May  3 01:35:57 2022
step 44551500, will finish Tue May  3 01:36:08 2022
imb F 82% pme/F 0.26 step 44551600, will finish Tue May  3 01:35:09 2022
step 44551700, will finish Tue May  3 01:34:03 2022
step 44551800, will finish Tue May  3 01:33:04 2022
step 44551900, will finish Tue May  3 01:33:50 2022
imb F 76% pme/F 0.25 step 44552000, will finish Tue May  3 01:32:50 2022
step 44552100, will finish Tue May  3 01:31:56 2022
step 44552200, will finish Tue May  3 01:30:57 2022
step 44552300, will finish Tue May  3 01:29:58 2022
imb F 42% pme/F 0.41 step 44552400, will finish Tue May  3 01:28:57 2022
step 44552500, will finish Tue May  3 01:27:59 2022
step 44552600, will finish Tue May  3 01:26:58 2022
step 44552700, will finish Tue May  3 01:25:59 2022
imb F 26% pme/F 0.10 step 44552800, will finish Tue May  3 01:26:32 2022
step 44552900, will finish Tue May  3 01:26:50 2022
step 44553000, will finish Tue May  3 01:25:53 2022
step 44553100, will finish Tue May  3 01:24:52 2022
imb F 52% pme/F 0.28 step 44553200, will finish Tue May  3 01:23:57 2022
step 44553300, will finish Tue May  3 01:22:58 2022
step 44553400, will finish Tue May  3 01:21:59 2022
step 44553500, will finish Tue May  3 01:21:03 2022
imb F 14% pme/F 0.30 step 44553600, will finish Tue May  3 01:21:45 2022
step 44553700, will finish Tue May  3 01:20:48 2022
step 44553800, will finish Tue May  3 01:19:50 2022
step 44553900, will finish Tue May  3 01:18:54 2022
imb F 86% pme/F 0.27 step 44554000, will finish Tue May  3 01:17:58 2022
step 44554100, will finish Tue May  3 01:16:58 2022
step 44554200, will finish Tue May  3 01:16:02 2022
step 44554300, will finish Tue May  3 01:17:50 2022
imb F 64% pme/F 0.34 step 44554400, will finish Tue May  3 01:16:55 2022
step 44554500, will finish Tue May  3 01:16:00 2022
step 44554600, will finish Tue May  3 01:20:25 2022
step 44554700, will finish Tue May  3 01:19:30 2022
imb F 47% pme/F 0.31 step 44554800, will finish Tue May  3 01:18:33 2022
step 44554900, will finish Tue May  3 01:17:37 2022
step 44555000, will finish Tue May  3 01:16:42 2022
step 44555100, will finish Tue May  3 01:18:28 2022
imb F 64% pme/F 0.23 step 44555200, will finish Tue May  3 01:17:34 2022
step 44555300, will finish Tue May  3 01:16:41 2022
step 44555400, will finish Tue May  3 01:15:47 2022
step 44555500, will finish Tue May  3 01:14:51 2022
imb F 81% pme/F 0.32 step 44555600, will finish Tue May  3 01:13:57 2022
step 44555700, will finish Tue May  3 01:13:06 2022
step 44555800, will finish Tue May  3 01:12:11 2022
step 44555900, will finish Tue May  3 01:11:18 2022
imb F 25% pme/F 0.15 step 44556000, will finish Tue May  3 01:12:01 2022
step 44556100, will finish Tue May  3 01:11:08 2022
step 44556200, will finish Tue May  3 01:10:09 2022
step 44556300, will finish Tue May  3 01:09:18 2022
imb F 74% pme/F 0.26 step 44556400, will finish Tue May  3 01:08:24 2022
step 44556500, will finish Tue May  3 01:07:29 2022
step 44556600, will finish Tue May  3 01:06:38 2022
step 44556700, will finish Tue May  3 01:05:43 2022
imb F 58% pme/F 0.35 step 44556800, will finish Tue May  3 01:04:50 2022
step 44556900, will finish Tue May  3 01:03:56 2022
step 44557000, will finish Tue May  3 01:03:03 2022
step 44557100, will finish Tue May  3 01:02:13 2022
imb F 27% pme/F 0.46 step 44557200, will finish Tue May  3 01:01:18 2022
step 44557300, will finish Tue May  3 01:00:27 2022
step 44557400, will finish Tue May  3 01:00:09 2022
step 44557500, will finish Tue May  3 00:59:18 2022
imb F 31% pme/F 0.34 step 44557600, will finish Tue May  3 00:58:24 2022
step 44557700, will finish Tue May  3 00:57:33 2022
step 44557800, will finish Tue May  3 00:56:42 2022
step 44557900, will finish Tue May  3 00:55:47 2022
imb F 49% pme/F 0.32 step 44558000, will finish Tue May  3 00:54:57 2022
step 44558100, will finish Tue May  3 00:54:03 2022
step 44558200, will finish Tue May  3 00:53:12 2022
step 44558300, will finish Tue May  3 00:52:23 2022
imb F 69% pme/F 0.28 step 44558400, will finish Tue May  3 00:51:31 2022
step 44558500, will finish Tue May  3 00:50:42 2022
step 44558600, will finish Tue May  3 00:54:59 2022
step 44558700, will finish Tue May  3 00:54:09 2022
imb F 47% pme/F 0.28 step 44558800, will finish Tue May  3 00:53:20 2022
step 44558900, will finish Tue May  3 01:00:40 2022
step 44559000, will finish Tue May  3 01:00:07 2022
step 44559100, will finish Tue May  3 00:59:17 2022
imb F 14% pme/F 0.11 step 44559200, will finish Tue May  3 00:59:29 2022
step 44559300, will finish Tue May  3 00:58:40 2022
step 44559400, will finish Tue May  3 00:57:48 2022
step 44559500, will finish Tue May  3 00:56:59 2022
imb F 48% pme/F 0.27 step 44559600, will finish Tue May  3 00:56:08 2022
step 44559700, will finish Tue May  3 00:55:15 2022
step 44559800, will finish Tue May  3 00:54:26 2022
step 44559900, will finish Tue May  3 00:53:34 2022
imb F 71% pme/F 0.25 step 44560000, will finish Tue May  3 00:52:45 2022
step 44560100, will finish Tue May  3 00:52:37 2022
step 44560200, will finish Tue May  3 00:53:09 2022
step 44560300, will finish Tue May  3 00:52:20 2022
imb F  4% pme/F 0.55 step 44560400, will finish Tue May  3 00:51:27 2022
step 44560500, will finish Tue May  3 00:50:39 2022
step 44560600, will finish Tue May  3 00:50:52 2022
step 44560700, will finish Tue May  3 00:50:04 2022
imb F 47% pme/F 0.29 step 44560800, will finish Tue May  3 00:49:18 2022
step 44560900, will finish Tue May  3 00:48:28 2022
step 44561000, will finish Tue May  3 00:47:40 2022
step 44561100, will finish Tue May  3 00:46:53 2022
imb F 91% pme/F 0.28 step 44561200, will finish Tue May  3 00:46:05 2022
step 44561300, will finish Tue May  3 00:45:14 2022
step 44561400, will finish Tue May  3 00:44:27 2022
step 44561500, will finish Tue May  3 00:44:17 2022
imb F 52% pme/F 0.28 step 44561600, will finish Tue May  3 00:43:55 2022
step 44561700, will finish Tue May  3 00:43:08 2022
step 44561800, will finish Tue May  3 00:44:48 2022
step 44561900, will finish Tue May  3 00:44:02 2022
imb F  6% pme/F 0.48 step 44562000, will finish Tue May  3 00:43:12 2022
step 44562100, will finish Tue May  3 00:42:26 2022
step 44562200, will finish Tue May  3 00:41:38 2022
step 44562300, will finish Tue May  3 00:40:50 2022
imb F 81% pme/F 0.24 step 44562400, will finish Tue May  3 00:40:04 2022
step 44562500, will finish Tue May  3 00:39:13 2022
step 44562600, will finish Tue May  3 00:38:28 2022
step 44562700, will finish Tue May  3 00:39:10 2022
imb F 64% pme/F 0.34 step 44562800, will finish Tue May  3 00:38:23 2022
step 44562900, will finish Tue May  3 00:37:38 2022
step 44563000, will finish Tue May  3 00:36:48 2022
step 44563100, will finish Tue May  3 00:36:03 2022
imb F 11% pme/F 0.25 step 44563200, will finish Tue May  3 00:37:13 2022
step 44563300, will finish Tue May  3 00:36:28 2022
step 44563400, will finish Tue May  3 00:36:36 2022
step 44563500, will finish Tue May  3 00:36:53 2022
imb F 34% pme/F 0.42 step 44563600, will finish Tue May  3 00:36:08 2022
step 44563700, will finish Tue May  3 00:35:19 2022
step 44563800, will finish Tue May  3 00:34:34 2022
step 44563900, will finish Tue May  3 00:33:48 2022
imb F 56% pme/F 0.30 step 44564000, will finish Tue May  3 00:33:00 2022
step 44564100, will finish Tue May  3 00:32:15 2022
step 44564200, will finish Tue May  3 00:31:31 2022
step 44564300, will finish Tue May  3 00:30:47 2022
imb F 21% pme/F 0.15 step 44564400, will finish Tue May  3 00:30:32 2022
step 44564500, will finish Tue May  3 00:29:49 2022
step 44564600, will finish Tue May  3 00:29:59 2022
step 44564700, will finish Tue May  3 00:29:15 2022
imb F 70% pme/F 0.28 step 44564800, will finish Tue May  3 00:28:33 2022
step 44564900, will finish Tue May  3 00:27:45 2022
step 44565000, will finish Tue May  3 00:27:01 2022
step 44565100, will finish Tue May  3 00:26:16 2022
imb F  8% pme/F 0.26 step 44565200, will finish Tue May  3 00:25:34 2022
step 44565300, will finish Tue May  3 00:24:50 2022
step 44565400, will finish Tue May  3 00:24:03 2022
step 44565500, will finish Tue May  3 00:23:20 2022
imb F 21% pme/F 0.26 step 44565600, will finish Tue May  3 00:23:34 2022
step 44565700, will finish Tue May  3 00:22:51 2022
step 44565800, will finish Tue May  3 00:22:10 2022
step 44565900, will finish Tue May  3 00:21:27 2022
imb F 45% pme/F 0.25 step 44566000, will finish Tue May  3 00:21:01 2022
step 44566100, will finish Tue May  3 00:23:42 2022
step 44566200, will finish Tue May  3 00:23:00 2022
step 44566300, will finish Tue May  3 00:26:25 2022
imb F 32% pme/F 0.41 step 44566400, will finish Tue May  3 00:25:43 2022
step 44566500, will finish Tue May  3 00:25:03 2022
step 44566600, will finish Tue May  3 00:26:08 2022
step 44566700, will finish Tue May  3 00:25:25 2022
imb F 16% pme/F 0.23 step 44566800, will finish Tue May  3 00:25:39 2022
step 44566900, will finish Tue May  3 00:24:57 2022
step 44567000, will finish Tue May  3 00:24:18 2022
step 44567100, will finish Tue May  3 00:23:37 2022
imb F 15% pme/F 0.14 step 44567200, will finish Tue May  3 00:24:41 2022
step 44567300, will finish Tue May  3 00:23:58 2022
step 44567400, will finish Tue May  3 00:23:17 2022
step 44567500, will finish Tue May  3 00:22:31 2022
imb F 68% pme/F 0.26 step 44567600, will finish Tue May  3 00:21:50 2022
step 44567700, will finish Tue May  3 00:21:38 2022
step 44567800, will finish Tue May  3 00:20:56 2022
step 44567900, will finish Tue May  3 00:23:25 2022
imb F 52% pme/F 0.33 step 44568000, will finish Tue May  3 00:22:44 2022
step 44568100, will finish Tue May  3 00:22:03 2022
step 44568200, will finish Tue May  3 00:21:21 2022
step 44568300, will finish Tue May  3 00:20:40 2022
imb F 21% pme/F 0.22 step 44568400, will finish Tue May  3 00:20:19 2022
step 44568500, will finish Tue May  3 00:19:37 2022
step 44568600, will finish Tue May  3 00:19:23 2022
step 44568700, will finish Tue May  3 00:20:02 2022
imb F 43% pme/F 0.41 step 44568800, will finish Tue May  3 00:19:22 2022
step 44568900, will finish Tue May  3 00:18:37 2022
step 44569000, will finish Tue May  3 00:17:57 2022
step 44569100, will finish Tue May  3 00:17:46 2022
imb F 73% pme/F 0.28 step 44569200, will finish Tue May  3 00:17:06 2022
step 44569300, will finish Tue May  3 00:17:21 2022
step 44569400, will finish Tue May  3 00:16:41 2022
step 44569500, will finish Tue May  3 00:16:04 2022
imb F  1% pme/F 0.26 step 44569600, will finish Tue May  3 00:15:23 2022
step 44569700, will finish Tue May  3 00:14:43 2022
step 44569800, will finish Tue May  3 00:14:05 2022
step 44569900, will finish Tue May  3 00:13:26 2022
imb F  8% pme/F 0.26 step 44570000, will finish Tue May  3 00:12:49 2022
step 44570100, will finish Tue May  3 00:12:14 2022
step 44570200, will finish Tue May  3 00:11:34 2022
step 44570300, will finish Tue May  3 00:11:24 2022
imb F 76% pme/F 0.26 step 44570400, will finish Tue May  3 00:10:44 2022
step 44570500, will finish Tue May  3 00:10:08 2022
step 44570600, will finish Tue May  3 00:09:28 2022
step 44570700, will finish Tue May  3 00:08:49 2022
imb F 18% pme/F 0.15 step 44570800, will finish Tue May  3 00:10:48 2022
step 44570900, will finish Tue May  3 00:10:08 2022
step 44571000, will finish Tue May  3 00:09:31 2022
step 44571100, will finish Tue May  3 00:08:54 2022
imb F 21% pme/F 0.14 step 44571200, will finish Tue May  3 00:09:10 2022
step 44571300, will finish Tue May  3 00:08:33 2022
step 44571400, will finish Tue May  3 00:11:14 2022
step 44571500, will finish Tue May  3 00:10:33 2022
imb F 75% pme/F 0.33 step 44571600, will finish Tue May  3 00:09:54 2022
step 44571700, will finish Tue May  3 00:09:19 2022
step 44571800, will finish Tue May  3 00:08:41 2022
step 44571900, will finish Tue May  3 00:09:47 2022
imb F 49% pme/F 0.28 step 44572000, will finish Tue May  3 00:09:09 2022
step 44572100, will finish Tue May  3 00:08:30 2022
step 44572200, will finish Tue May  3 00:07:52 2022
step 44572300, will finish Tue May  3 00:08:33 2022
imb F 83% pme/F 0.28 step 44572400, will finish Tue May  3 00:07:55 2022
step 44572500, will finish Tue May  3 00:07:16 2022
step 44572600, will finish Tue May  3 00:06:39 2022
step 44572700, will finish Tue May  3 00:06:01 2022
imb F  7% pme/F 0.21 step 44572800, will finish Tue May  3 00:08:13 2022
step 44572900, will finish Tue May  3 00:07:54 2022
step 44573000, will finish Tue May  3 00:07:16 2022
step 44573100, will finish Tue May  3 00:09:13 2022
imb F 52% pme/F 0.42 step 44573200, will finish Tue May  3 00:08:34 2022
step 44573300, will finish Tue May  3 00:07:56 2022
step 44573400, will finish Tue May  3 00:10:06 2022
step 44573500, will finish Tue May  3 00:10:17 2022
imb F 72% pme/F 0.35 step 44573600, will finish Tue May  3 00:09:41 2022
step 44573700, will finish Tue May  3 00:11:06 2022
step 44573800, will finish Tue May  3 00:10:28 2022
step 44573900, will finish Tue May  3 00:09:49 2022
imb F 78% pme/F 0.27 step 44574000, will finish Tue May  3 00:09:11 2022
step 44574100, will finish Tue May  3 00:08:34 2022
step 44574200, will finish Tue May  3 00:08:17 2022
step 44574300, will finish Tue May  3 00:07:40 2022
imb F 70% pme/F 0.27 step 44574400, will finish Tue May  3 00:07:02 2022
step 44574500, will finish Tue May  3 00:06:20 2022
step 44574600, will finish Tue May  3 00:05:44 2022
step 44574700, will finish Tue May  3 00:05:07 2022
imb F 67% pme/F 0.24 step 44574800, will finish Tue May  3 00:04:30 2022
step 44574900, will finish Tue May  3 00:05:28 2022
step 44575000, will finish Tue May  3 00:05:47 2022
step 44575100, will finish Tue May  3 00:05:11 2022
imb F 13% pme/F 0.13 step 44575200, will finish Tue May  3 00:08:23 2022
step 44575300, will finish Tue May  3 00:09:24 2022
step 44575400, will finish Tue May  3 00:10:19 2022
step 44575500, will finish Tue May  3 00:09:43 2022
imb F 69% pme/F 0.24 step 44575600, will finish Tue May  3 00:09:08 2022
step 44575700, will finish Tue May  3 00:08:30 2022
step 44575800, will finish Tue May  3 00:07:53 2022
step 44575900, will finish Tue May  3 00:07:14 2022
imb F 29% pme/F 0.37 step 44576000, will finish Tue May  3 00:06:38 2022
step 44576100, will finish Tue May  3 00:06:04 2022
step 44576200, will finish Tue May  3 00:05:27 2022
step 44576300, will finish Tue May  3 00:05:18 2022
imb F 68% pme/F 0.28 step 44576400, will finish Tue May  3 00:04:41 2022
step 44576500, will finish Tue May  3 00:04:26 2022
step 44576600, will finish Tue May  3 00:03:45 2022
step 44576700, will finish Tue May  3 00:03:10 2022
imb F 22% pme/F 0.53 step 44576800, will finish Tue May  3 00:03:02 2022
step 44576900, will finish Tue May  3 00:02:26 2022
step 44577000, will finish Tue May  3 00:01:51 2022
step 44577100, will finish Tue May  3 00:01:16 2022
imb F 20% pme/F 0.25 step 44577200, will finish Tue May  3 00:01:26 2022
step 44577300, will finish Tue May  3 00:00:48 2022
step 44577400, will finish Tue May  3 00:00:12 2022
step 44577500, will finish Tue May  3 00:01:08 2022
imb F 67% pme/F 0.27 step 44577600, will finish Tue May  3 00:00:32 2022
step 44577700, will finish Mon May  2 23:59:57 2022
step 44577800, will finish Mon May  2 23:59:18 2022
step 44577900, will finish Mon May  2 23:58:42 2022
imb F 55% pme/F 0.27 step 44578000, will finish Mon May  2 23:58:07 2022
step 44578100, will finish Mon May  2 23:57:27 2022
step 44578200, will finish Mon May  2 23:56:52 2022
step 44578300, will finish Mon May  2 23:56:15 2022
imb F 15% pme/F 0.22 step 44578400, will finish Mon May  2 23:59:54 2022
step 44578500, will finish Mon May  2 23:59:16 2022
step 44578600, will finish Mon May  2 23:58:41 2022
step 44578700, will finish Mon May  2 23:58:06 2022
imb F 89% pme/F 0.26 step 44578800, will finish Mon May  2 23:57:32 2022
step 44578900, will finish Mon May  2 23:56:59 2022
step 44579000, will finish Mon May  2 23:56:25 2022
step 44579100, will finish Mon May  2 23:55:48 2022
imb F 41% pme/F 0.45 step 44579200, will finish Mon May  2 23:55:11 2022
step 44579300, will finish Mon May  2 23:54:38 2022
step 44579400, will finish Mon May  2 23:54:03 2022
step 44579500, will finish Mon May  2 23:53:28 2022
imb F 30% pme/F 0.39 step 44579600, will finish Mon May  2 23:52:52 2022
step 44579700, will finish Mon May  2 23:52:17 2022
step 44579800, will finish Mon May  2 23:51:44 2022
step 44579900, will finish Mon May  2 23:51:31 2022
imb F 36% pme/F 0.40 step 44580000, will finish Mon May  2 23:50:58 2022
step 44580100, will finish Mon May  2 23:50:50 2022
step 44580200, will finish Mon May  2 23:50:17 2022
step 44580300, will finish Mon May  2 23:49:43 2022
imb F 23% pme/F 0.64 step 44580400, will finish Mon May  2 23:49:10 2022
step 44580500, will finish Mon May  2 23:48:35 2022
step 44580600, will finish Mon May  2 23:47:58 2022
step 44580700, will finish Mon May  2 23:47:25 2022
imb F  3% pme/F 0.55 step 44580800, will finish Mon May  2 23:46:49 2022
step 44580900, will finish Mon May  2 23:46:16 2022
step 44581000, will finish Mon May  2 23:46:31 2022
step 44581100, will finish Mon May  2 23:46:01 2022
imb F  9% pme/F 0.31 step 44581200, will finish Mon May  2 23:48:00 2022
step 44581300, will finish Mon May  2 23:51:22 2022
step 44581400, will finish Mon May  2 23:50:50 2022
step 44581500, will finish Mon May  2 23:51:02 2022
imb F 15% pme/F 0.47 step 44581600, will finish Mon May  2 23:50:48 2022
step 44581700, will finish Mon May  2 23:50:14 2022
step 44581800, will finish Mon May  2 23:53:54 2022
step 44581900, will finish Mon May  2 23:53:23 2022
imb F 51% pme/F 0.32 step 44582000, will finish Mon May  2 23:52:49 2022
step 44582100, will finish Mon May  2 23:52:15 2022
step 44582200, will finish Mon May  2 23:51:46 2022
step 44582300, will finish Mon May  2 23:51:15 2022
imb F 20% pme/F 0.16 step 44582400, will finish Mon May  2 23:53:02 2022
step 44582500, will finish Mon May  2 23:52:32 2022
step 44582600, will finish Mon May  2 23:56:49 2022
step 44582700, will finish Tue May  3 00:00:26 2022
imb F 50% pme/F 0.27 step 44582800, will finish Mon May  2 23:59:52 2022
step 44582900, will finish Mon May  2 23:59:17 2022
step 44583000, will finish Mon May  2 23:59:43 2022
step 44583100, will finish Tue May  3 00:00:13 2022
imb F 41% pme/F 0.34 step 44583200, will finish Mon May  2 23:59:40 2022
step 44583300, will finish Mon May  2 23:59:04 2022
step 44583400, will finish Tue May  3 00:01:01 2022
step 44583500, will finish Tue May  3 00:02:36 2022
imb F  7% pme/F 0.26 step 44583600, will finish Tue May  3 00:02:02 2022
step 44583700, will finish Tue May  3 00:01:30 2022
step 44583800, will finish Tue May  3 00:00:56 2022
step 44583900, will finish Tue May  3 00:00:23 2022
imb F 14% pme/F 0.23 step 44584000, will finish Tue May  3 00:02:04 2022
step 44584100, will finish Tue May  3 00:01:31 2022
step 44584200, will finish Tue May  3 00:00:58 2022
step 44584300, will finish Tue May  3 00:00:25 2022
imb F  4% pme/F 0.26 step 44584400, will finish Mon May  2 23:59:53 2022
step 44584500, will finish Mon May  2 23:59:20 2022
step 44584600, will finish Mon May  2 23:59:14 2022
step 44584700, will finish Mon May  2 23:58:41 2022
imb F 105% pme/F 0.22 step 44584800, will finish Mon May  2 23:58:12 2022
step 44584900, will finish Mon May  2 23:57:39 2022
step 44585000, will finish Mon May  2 23:57:06 2022
step 44585100, will finish Mon May  2 23:57:55 2022
imb F 57% pme/F 0.27 step 44585200, will finish Mon May  2 23:57:23 2022
step 44585300, will finish Mon May  2 23:56:50 2022
step 44585400, will finish Mon May  2 23:56:14 2022
step 44585500, will finish Mon May  2 23:55:42 2022
imb F 18% pme/F 0.36 step 44585600, will finish Mon May  2 23:55:08 2022
step 44585700, will finish Mon May  2 23:54:36 2022
step 44585800, will finish Mon May  2 23:54:04 2022
step 44585900, will finish Mon May  2 23:53:48 2022
imb F 56% pme/F 0.35 step 44586000, will finish Mon May  2 23:53:16 2022
step 44586100, will finish Mon May  2 23:53:08 2022
step 44586200, will finish Mon May  2 23:52:34 2022
step 44586300, will finish Mon May  2 23:52:03 2022
imb F 62% pme/F 0.32 step 44586400, will finish Mon May  2 23:51:32 2022
step 44586500, will finish Mon May  2 23:51:00 2022
step 44586600, will finish Mon May  2 23:51:15 2022
step 44586700, will finish Mon May  2 23:50:43 2022
imb F 10% pme/F 0.20 step 44586800, will finish Mon May  2 23:51:12 2022
step 44586900, will finish Mon May  2 23:50:40 2022
step 44587000, will finish Mon May  2 23:50:08 2022
step 44587100, will finish Mon May  2 23:49:54 2022
imb F 55% pme/F 0.31 step 44587200, will finish Mon May  2 23:49:21 2022
step 44587300, will finish Mon May  2 23:48:49 2022
step 44587400, will finish Mon May  2 23:48:15 2022
step 44587500, will finish Mon May  2 23:47:43 2022
imb F 37% pme/F 0.57 step 44587600, will finish Mon May  2 23:47:13 2022
step 44587700, will finish Mon May  2 23:46:41 2022
step 44587800, will finish Mon May  2 23:46:11 2022
step 44587900, will finish Mon May  2 23:45:37 2022
imb F 75% pme/F 0.27 step 44588000, will finish Mon May  2 23:45:07 2022
step 44588100, will finish Mon May  2 23:44:35 2022
step 44588200, will finish Mon May  2 23:44:01 2022
step 44588300, will finish Mon May  2 23:43:30 2022
imb F 18% pme/F 0.42 step 44588400, will finish Mon May  2 23:42:58 2022
step 44588500, will finish Mon May  2 23:42:27 2022
step 44588600, will finish Mon May  2 23:42:21 2022
step 44588700, will finish Mon May  2 23:41:50 2022
imb F 77% pme/F 0.27 step 44588800, will finish Mon May  2 23:41:21 2022
step 44588900, will finish Mon May  2 23:41:11 2022
step 44589000, will finish Mon May  2 23:40:42 2022
step 44589100, will finish Mon May  2 23:40:16 2022
imb F 90% pme/F 0.25 step 44589200, will finish Mon May  2 23:39:50 2022
step 44589300, will finish Mon May  2 23:39:19 2022
step 44589400, will finish Mon May  2 23:38:48 2022
step 44589500, will finish Mon May  2 23:38:19 2022
imb F 75% pme/F 0.27 step 44589600, will finish Mon May  2 23:37:50 2022
step 44589700, will finish Mon May  2 23:37:56 2022
step 44589800, will finish Mon May  2 23:40:48 2022
step 44589900, will finish Mon May  2 23:40:17 2022
imb F 60% pme/F 0.40 step 44590000, will finish Mon May  2 23:39:47 2022
step 44590100, will finish Mon May  2 23:42:06 2022
step 44590200, will finish Mon May  2 23:41:37 2022
step 44590300, will finish Mon May  2 23:42:58 2022
imb F 15% pme/F 0.29 step 44590400, will finish Mon May  2 23:47:24 2022
step 44590500, will finish Mon May  2 23:51:41 2022
step 44590600, will finish Mon May  2 23:53:16 2022
step 44590700, will finish Mon May  2 23:52:46 2022
imb F 50% pme/F 0.28 step 44590800, will finish Mon May  2 23:52:15 2022
step 44590900, will finish Mon May  2 23:51:45 2022
step 44591000, will finish Mon May  2 23:51:18 2022
step 44591100, will finish Mon May  2 23:51:44 2022
imb F 52% pme/F 0.29 step 44591200, will finish Mon May  2 23:51:14 2022
step 44591300, will finish Mon May  2 23:50:46 2022
step 44591400, will finish Mon May  2 23:50:16 2022
step 44591500, will finish Mon May  2 23:49:46 2022
imb F 60% pme/F 0.28 step 44591600, will finish Mon May  2 23:49:16 2022
step 44591700, will finish Mon May  2 23:49:26 2022
step 44591800, will finish Mon May  2 23:49:17 2022
step 44591900, will finish Mon May  2 23:48:47 2022
imb F 21% pme/F 0.47 step 44592000, will finish Mon May  2 23:48:17 2022
step 44592100, will finish Mon May  2 23:47:47 2022
step 44592200, will finish Mon May  2 23:47:17 2022
step 44592300, will finish Mon May  2 23:46:46 2022
imb F 61% pme/F 0.32 step 44592400, will finish Mon May  2 23:46:17 2022
step 44592500, will finish Mon May  2 23:45:45 2022
step 44592600, will finish Mon May  2 23:45:16 2022
step 44592700, will finish Mon May  2 23:44:46 2022
imb F 24% pme/F 0.22 step 44592800, will finish Mon May  2 23:45:10 2022
step 44592900, will finish Mon May  2 23:44:58 2022
step 44593000, will finish Mon May  2 23:44:29 2022
step 44593100, will finish Mon May  2 23:43:59 2022
imb F 95% pme/F 0.25 step 44593200, will finish Mon May  2 23:43:30 2022
step 44593300, will finish Mon May  2 23:42:59 2022
step 44593400, will finish Mon May  2 23:46:08 2022
step 44593500, will finish Mon May  2 23:45:39 2022
imb F  4% pme/F 0.32 step 44593600, will finish Mon May  2 23:45:10 2022
step 44593700, will finish Mon May  2 23:44:39 2022
step 44593800, will finish Mon May  2 23:44:11 2022
step 44593900, will finish Mon May  2 23:44:21 2022
imb F 15% pme/F 0.07 step 44594000, will finish Mon May  2 23:47:30 2022
step 44594100, will finish Mon May  2 23:47:00 2022
step 44594200, will finish Mon May  2 23:46:31 2022
step 44594300, will finish Mon May  2 23:46:02 2022
imb F 15% pme/F 0.14 step 44594400, will finish Mon May  2 23:46:40 2022
step 44594500, will finish Mon May  2 23:46:41 2022
step 44594600, will finish Mon May  2 23:46:13 2022
step 44594700, will finish Mon May  2 23:45:43 2022
imb F 114% pme/F 0.25 step 44594800, will finish Mon May  2 23:45:16 2022
step 44594900, will finish Mon May  2 23:44:47 2022
step 44595000, will finish Mon May  2 23:44:20 2022
step 44595100, will finish Mon May  2 23:43:51 2022
imb F 61% pme/F 0.31 step 44595200, will finish Mon May  2 23:43:21 2022
step 44595300, will finish Mon May  2 23:42:53 2022
step 44595400, will finish Mon May  2 23:45:22 2022
step 44595500, will finish Mon May  2 23:44:54 2022
imb F 47% pme/F 0.28 step 44595600, will finish Mon May  2 23:44:26 2022
step 44595700, will finish Mon May  2 23:43:55 2022
step 44595800, will finish Mon May  2 23:43:27 2022
step 44595900, will finish Mon May  2 23:42:57 2022
imb F 41% pme/F 0.35 step 44596000, will finish Mon May  2 23:42:27 2022
step 44596100, will finish Mon May  2 23:41:59 2022
step 44596200, will finish Mon May  2 23:41:52 2022
step 44596300, will finish Mon May  2 23:41:24 2022
imb F  8% pme/F 0.20 step 44596400, will finish Mon May  2 23:46:18 2022
step 44596500, will finish Mon May  2 23:49:12 2022
step 44596600, will finish Mon May  2 23:48:43 2022
step 44596700, will finish Mon May  2 23:48:15 2022
imb F 60% pme/F 0.28 step 44596800, will finish Mon May  2 23:47:45 2022
step 44596900, will finish Mon May  2 23:47:17 2022
step 44597000, will finish Mon May  2 23:50:03 2022
step 44597100, will finish Mon May  2 23:49:33 2022
imb F 95% pme/F 0.23 step 44597200, will finish Mon May  2 23:49:05 2022
step 44597300, will finish Mon May  2 23:49:31 2022
step 44597400, will finish Mon May  2 23:50:36 2022
step 44597500, will finish Mon May  2 23:50:08 2022
imb F 19% pme/F 0.32 step 44597600, will finish Mon May  2 23:50:00 2022
step 44597700, will finish Mon May  2 23:49:32 2022
step 44597800, will finish Mon May  2 23:49:04 2022
step 44597900, will finish Mon May  2 23:48:35 2022
imb F 65% pme/F 0.29 step 44598000, will finish Mon May  2 23:48:07 2022
step 44598100, will finish Mon May  2 23:47:37 2022
step 44598200, will finish Mon May  2 23:47:09 2022
step 44598300, will finish Mon May  2 23:47:59 2022
imb F 91% pme/F 0.22 step 44598400, will finish Mon May  2 23:47:32 2022
step 44598500, will finish Mon May  2 23:47:11 2022
step 44598600, will finish Mon May  2 23:49:09 2022
step 44598700, will finish Mon May  2 23:48:42 2022
imb F 13% pme/F 0.31 step 44598800, will finish Mon May  2 23:48:53 2022
step 44598900, will finish Mon May  2 23:48:26 2022
step 44599000, will finish Mon May  2 23:48:45 2022
step 44599100, will finish Mon May  2 23:50:40 2022
imb F 41% pme/F 0.32 step 44599200, will finish Mon May  2 23:50:13 2022
step 44599300, will finish Mon May  2 23:50:24 2022
step 44599400, will finish Mon May  2 23:49:59 2022
step 44599500, will finish Mon May  2 23:49:32 2022
imb F 85% pme/F 0.24 step 44599600, will finish Mon May  2 23:49:04 2022
step 44599700, will finish Mon May  2 23:50:30 2022
step 44599800, will finish Mon May  2 23:51:00 2022
step 44599900, will finish Mon May  2 23:50:32 2022
imb F 40% pme/F 0.26 step 44600000, will finish Mon May  2 23:50:04 2022
step 44600100, will finish Mon May  2 23:49:37 2022
step 44600200, will finish Mon May  2 23:49:08 2022
step 44600300, will finish Mon May  2 23:48:41 2022
imb F 20% pme/F 0.13 step 44600400, will finish Mon May  2 23:50:09 2022
step 44600500, will finish Mon May  2 23:49:40 2022
step 44600600, will finish Mon May  2 23:49:14 2022
step 44600700, will finish Mon May  2 23:48:47 2022
imb F 57% pme/F 0.25 step 44600800, will finish Mon May  2 23:48:20 2022
step 44600900, will finish Mon May  2 23:47:53 2022
step 44601000, will finish Mon May  2 23:47:26 2022
step 44601100, will finish Mon May  2 23:46:58 2022
imb F 65% pme/F 0.25 step 44601200, will finish Mon May  2 23:46:31 2022
step 44601300, will finish Mon May  2 23:47:08 2022
step 44601400, will finish Mon May  2 23:51:30 2022
step 44601500, will finish Mon May  2 23:51:03 2022
imb F 62% pme/F 0.30 step 44601600, will finish Mon May  2 23:50:35 2022
step 44601700, will finish Mon May  2 23:50:07 2022
step 44601800, will finish Mon May  2 23:49:40 2022
step 44601900, will finish Mon May  2 23:49:32 2022
imb F 79% pme/F 0.25 step 44602000, will finish Mon May  2 23:49:05 2022
step 44602100, will finish Mon May  2 23:48:38 2022
step 44602200, will finish Mon May  2 23:48:11 2022
step 44602300, will finish Mon May  2 23:47:51 2022
imb F 24% pme/F 0.08 step 44602400, will finish Mon May  2 23:49:27 2022
step 44602500, will finish Mon May  2 23:49:00 2022
step 44602600, will finish Mon May  2 23:48:31 2022
step 44602700, will finish Mon May  2 23:48:05 2022
imb F 54% pme/F 0.28 step 44602800, will finish Mon May  2 23:47:38 2022
step 44602900, will finish Mon May  2 23:47:12 2022
step 44603000, will finish Mon May  2 23:46:45 2022
step 44603100, will finish Mon May  2 23:49:40 2022
imb F 69% pme/F 0.28 step 44603200, will finish Mon May  2 23:49:14 2022
step 44603300, will finish Mon May  2 23:48:48 2022
step 44603400, will finish Mon May  2 23:48:22 2022
step 44603500, will finish Mon May  2 23:47:55 2022
imb F 63% pme/F 0.38 step 44603600, will finish Mon May  2 23:48:42 2022
step 44603700, will finish Mon May  2 23:48:16 2022
step 44603800, will finish Mon May  2 23:47:47 2022
step 44603900, will finish Mon May  2 23:47:21 2022
imb F 64% pme/F 0.30 step 44604000, will finish Mon May  2 23:46:54 2022
step 44604100, will finish Mon May  2 23:46:28 2022
step 44604200, will finish Mon May  2 23:46:01 2022
step 44604300, will finish Mon May  2 23:48:55 2022
imb F  0% pme/F 0.25 step 44604400, will finish Mon May  2 23:48:29 2022
step 44604500, will finish Mon May  2 23:48:02 2022
step 44604600, will finish Mon May  2 23:47:35 2022
step 44604700, will finish Mon May  2 23:47:10 2022
imb F 53% pme/F 0.28 step 44604800, will finish Mon May  2 23:46:42 2022
step 44604900, will finish Mon May  2 23:46:16 2022
step 44605000, will finish Mon May  2 23:47:56 2022
step 44605100, will finish Mon May  2 23:47:30 2022
imb F 26% pme/F 0.28 step 44605200, will finish Mon May  2 23:47:23 2022
step 44605300, will finish Mon May  2 23:47:15 2022
step 44605400, will finish Mon May  2 23:46:49 2022
step 44605500, will finish Mon May  2 23:46:22 2022
imb F 40% pme/F 0.27 step 44605600, will finish Mon May  2 23:45:56 2022
step 44605700, will finish Mon May  2 23:47:52 2022
step 44605800, will finish Mon May  2 23:47:29 2022
step 44605900, will finish Mon May  2 23:47:02 2022
imb F 18% pme/F 0.14 step 44606000, will finish Mon May  2 23:49:00 2022
step 44606100, will finish Mon May  2 23:48:34 2022
step 44606200, will finish Mon May  2 23:48:07 2022
step 44606300, will finish Mon May  2 23:47:41 2022
imb F 57% pme/F 0.38 step 44606400, will finish Mon May  2 23:47:16 2022
step 44606500, will finish Mon May  2 23:48:38 2022
step 44606600, will finish Mon May  2 23:48:12 2022
step 44606700, will finish Mon May  2 23:47:46 2022
imb F 36% pme/F 0.35 step 44606800, will finish Mon May  2 23:47:21 2022
step 44606900, will finish Mon May  2 23:46:53 2022
step 44607000, will finish Mon May  2 23:46:27 2022
step 44607100, will finish Mon May  2 23:46:02 2022
imb F 25% pme/F 0.41 step 44607200, will finish Mon May  2 23:46:51 2022
step 44607300, will finish Mon May  2 23:46:25 2022
step 44607400, will finish Mon May  2 23:45:57 2022
step 44607500, will finish Mon May  2 23:45:31 2022
imb F 13% pme/F 0.20 step 44607600, will finish Mon May  2 23:47:48 2022
step 44607700, will finish Mon May  2 23:47:55 2022
step 44607800, will finish Mon May  2 23:47:30 2022
step 44607900, will finish Mon May  2 23:47:03 2022
imb F 83% pme/F 0.34 step 44608000, will finish Mon May  2 23:46:38 2022
step 44608100, will finish Mon May  2 23:46:12 2022
step 44608200, will finish Mon May  2 23:45:46 2022
step 44608300, will finish Mon May  2 23:45:41 2022
imb F 83% pme/F 0.27 step 44608400, will finish Mon May  2 23:45:48 2022
step 44608500, will finish Mon May  2 23:45:23 2022
step 44608600, will finish Mon May  2 23:46:58 2022
step 44608700, will finish Mon May  2 23:46:33 2022
imb F 75% pme/F 0.26 step 44608800, will finish Mon May  2 23:46:08 2022
step 44608900, will finish Mon May  2 23:45:42 2022
step 44609000, will finish Mon May  2 23:45:17 2022
step 44609100, will finish Mon May  2 23:46:01 2022
imb F  9% pme/F 0.27 step 44609200, will finish Mon May  2 23:45:36 2022
step 44609300, will finish Mon May  2 23:46:05 2022
step 44609400, will finish Mon May  2 23:47:22 2022
step 44609500, will finish Mon May  2 23:46:56 2022
imb F 26% pme/F 0.09 step 44609600, will finish Mon May  2 23:47:06 2022
step 44609700, will finish Mon May  2 23:46:40 2022
step 44609800, will finish Mon May  2 23:46:45 2022
step 44609900, will finish Mon May  2 23:50:10 2022
imb F 47% pme/F 0.34 step 44610000, will finish Mon May  2 23:49:46 2022
step 44610100, will finish Mon May  2 23:49:21 2022
step 44610200, will finish Mon May  2 23:48:57 2022
step 44610300, will finish Mon May  2 23:49:59 2022
imb F 78% pme/F 0.35 step 44610400, will finish Mon May  2 23:49:33 2022
step 44610500, will finish Mon May  2 23:49:08 2022
step 44610600, will finish Mon May  2 23:48:42 2022
step 44610700, will finish Mon May  2 23:48:17 2022
imb F 17% pme/F 0.16 step 44610800, will finish Mon May  2 23:48:44 2022
step 44610900, will finish Mon May  2 23:48:21 2022
step 44611000, will finish Mon May  2 23:48:47 2022
step 44611100, will finish Mon May  2 23:48:22 2022
imb F  5% pme/F 0.31 step 44611200, will finish Mon May  2 23:47:58 2022
step 44611300, will finish Mon May  2 23:47:36 2022
step 44611400, will finish Mon May  2 23:47:54 2022
step 44611500, will finish Mon May  2 23:48:13 2022
imb F 38% pme/F 0.34 step 44611600, will finish Mon May  2 23:47:49 2022
step 44611700, will finish Mon May  2 23:47:23 2022
step 44611800, will finish Mon May  2 23:46:58 2022
step 44611900, will finish Mon May  2 23:47:25 2022
imb F 91% pme/F 0.31 step 44612000, will finish Mon May  2 23:47:00 2022
step 44612100, will finish Mon May  2 23:46:35 2022
step 44612200, will finish Mon May  2 23:46:09 2022
step 44612300, will finish Mon May  2 23:45:45 2022
imb F 14% pme/F 0.33 step 44612400, will finish Mon May  2 23:45:54 2022
step 44612500, will finish Mon May  2 23:45:30 2022
step 44612600, will finish Mon May  2 23:46:20 2022
step 44612700, will finish Mon May  2 23:46:05 2022
imb F 67% pme/F 0.31 step 44612800, will finish Mon May  2 23:45:40 2022
step 44612900, will finish Mon May  2 23:45:14 2022
step 44613000, will finish Mon May  2 23:44:50 2022
step 44613100, will finish Mon May  2 23:46:27 2022
imb F 26% pme/F 0.39 step 44613200, will finish Mon May  2 23:46:34 2022
step 44613300, will finish Mon May  2 23:46:09 2022
step 44613400, will finish Mon May  2 23:45:44 2022
step 44613500, will finish Mon May  2 23:45:19 2022
imb F 24% pme/F 0.35 step 44613600, will finish Mon May  2 23:44:54 2022
step 44613700, will finish Mon May  2 23:44:29 2022
step 44613800, will finish Mon May  2 23:44:05 2022
step 44613900, will finish Mon May  2 23:43:42 2022
imb F 56% pme/F 0.29 step 44614000, will finish Mon May  2 23:43:18 2022
step 44614100, will finish Mon May  2 23:44:01 2022
step 44614200, will finish Mon May  2 23:43:37 2022
step 44614300, will finish Mon May  2 23:43:12 2022
imb F 71% pme/F 0.33 step 44614400, will finish Mon May  2 23:42:48 2022
step 44614500, will finish Mon May  2 23:42:24 2022
step 44614600, will finish Mon May  2 23:41:59 2022
step 44614700, will finish Mon May  2 23:41:35 2022
imb F 34% pme/F 0.14 step 44614800, will finish Mon May  2 23:41:29 2022
step 44614900, will finish Mon May  2 23:41:05 2022
step 44615000, will finish Mon May  2 23:43:11 2022
step 44615100, will finish Mon May  2 23:42:47 2022
imb F 23% pme/F 0.13 step 44615200, will finish Mon May  2 23:42:49 2022
step 44615300, will finish Mon May  2 23:42:35 2022
step 44615400, will finish Mon May  2 23:42:11 2022
step 44615500, will finish Mon May  2 23:43:25 2022
imb F 81% pme/F 0.25 step 44615600, will finish Mon May  2 23:43:02 2022
step 44615700, will finish Mon May  2 23:43:26 2022
step 44615800, will finish Mon May  2 23:43:53 2022
step 44615900, will finish Mon May  2 23:43:30 2022
imb F 23% pme/F 0.39 step 44616000, will finish Mon May  2 23:43:05 2022
step 44616100, will finish Mon May  2 23:42:42 2022
step 44616200, will finish Mon May  2 23:44:04 2022
step 44616300, will finish Mon May  2 23:44:05 2022
imb F 46% pme/F 0.27 step 44616400, will finish Mon May  2 23:43:42 2022
step 44616500, will finish Mon May  2 23:43:16 2022
step 44616600, will finish Mon May  2 23:42:53 2022
step 44616700, will finish Mon May  2 23:42:29 2022
imb F 85% pme/F 0.25 step 44616800, will finish Mon May  2 23:42:05 2022
step 44616900, will finish Mon May  2 23:41:41 2022
step 44617000, will finish Mon May  2 23:41:16 2022
step 44617100, will finish Mon May  2 23:40:52 2022
imb F 30% pme/F 0.11 step 44617200, will finish Mon May  2 23:40:46 2022
step 44617300, will finish Mon May  2 23:40:22 2022
step 44617400, will finish Mon May  2 23:39:59 2022
step 44617500, will finish Mon May  2 23:39:34 2022
imb F 71% pme/F 0.28 step 44617600, will finish Mon May  2 23:39:11 2022
step 44617700, will finish Mon May  2 23:41:30 2022
step 44617800, will finish Mon May  2 23:41:06 2022
step 44617900, will finish Mon May  2 23:40:45 2022
imb F 17% pme/F 0.57 step 44618000, will finish Mon May  2 23:40:20 2022
step 44618100, will finish Mon May  2 23:39:57 2022
step 44618200, will finish Mon May  2 23:39:33 2022
step 44618300, will finish Mon May  2 23:39:10 2022
imb F 19% pme/F 0.28 step 44618400, will finish Mon May  2 23:39:19 2022
step 44618500, will finish Mon May  2 23:38:56 2022
step 44618600, will finish Mon May  2 23:38:33 2022
step 44618700, will finish Mon May  2 23:41:24 2022
imb F 69% pme/F 0.26 step 44618800, will finish Mon May  2 23:41:01 2022
step 44618900, will finish Mon May  2 23:40:55 2022
step 44619000, will finish Mon May  2 23:40:32 2022
step 44619100, will finish Mon May  2 23:40:09 2022
imb F 61% pme/F 0.38 step 44619200, will finish Mon May  2 23:39:45 2022
step 44619300, will finish Mon May  2 23:39:22 2022
step 44619400, will finish Mon May  2 23:42:28 2022
step 44619500, will finish Mon May  2 23:42:05 2022
imb F 69% pme/F 0.24 step 44619600, will finish Mon May  2 23:41:43 2022
step 44619700, will finish Mon May  2 23:46:12 2022
step 44619800, will finish Mon May  2 23:48:26 2022
step 44619900, will finish Mon May  2 23:48:03 2022
imb F 25% pme/F 0.33 step 44620000, will finish Mon May  2 23:47:38 2022
step 44620100, will finish Mon May  2 23:47:15 2022
step 44620200, will finish Mon May  2 23:46:52 2022
step 44620300, will finish Mon May  2 23:46:29 2022
imb F 55% pme/F 0.31 step 44620400, will finish Mon May  2 23:46:05 2022
step 44620500, will finish Mon May  2 23:45:42 2022
step 44620600, will finish Mon May  2 23:45:19 2022
step 44620700, will finish Mon May  2 23:45:30 2022
imb F 10% pme/F 0.26 step 44620800, will finish Mon May  2 23:45:09 2022
step 44620900, will finish Mon May  2 23:44:43 2022
step 44621000, will finish Mon May  2 23:44:21 2022
step 44621100, will finish Mon May  2 23:43:57 2022
imb F 36% pme/F 0.40 step 44621200, will finish Mon May  2 23:43:35 2022
step 44621300, will finish Mon May  2 23:43:13 2022
step 44621400, will finish Mon May  2 23:42:49 2022
step 44621500, will finish Mon May  2 23:42:27 2022
imb F 13% pme/F 0.35 step 44621600, will finish Mon May  2 23:42:03 2022
step 44621700, will finish Mon May  2 23:41:40 2022
step 44621800, will finish Mon May  2 23:41:17 2022
step 44621900, will finish Mon May  2 23:40:54 2022
imb F 63% pme/F 0.33 step 44622000, will finish Mon May  2 23:40:32 2022
step 44622100, will finish Mon May  2 23:40:08 2022
step 44622200, will finish Mon May  2 23:39:45 2022
step 44622300, will finish Mon May  2 23:39:23 2022
imb F 48% pme/F 0.26 step 44622400, will finish Mon May  2 23:39:01 2022
step 44622500, will finish Mon May  2 23:39:25 2022
step 44622600, will finish Mon May  2 23:39:02 2022
step 44622700, will finish Mon May  2 23:38:39 2022
imb F 49% pme/F 0.31 step 44622800, will finish Mon May  2 23:38:17 2022
step 44622900, will finish Mon May  2 23:37:54 2022
step 44623000, will finish Mon May  2 23:39:54 2022
step 44623100, will finish Mon May  2 23:41:34 2022
imb F 45% pme/F 0.29 step 44623200, will finish Mon May  2 23:41:13 2022
step 44623300, will finish Mon May  2 23:40:50 2022
step 44623400, will finish Mon May  2 23:40:27 2022
step 44623500, will finish Mon May  2 23:40:05 2022
imb F 31% pme/F 0.31 step 44623600, will finish Mon May  2 23:39:42 2022
step 44623700, will finish Mon May  2 23:39:20 2022
step 44623800, will finish Mon May  2 23:38:56 2022
step 44623900, will finish Mon May  2 23:38:35 2022
imb F 29% pme/F 0.47 step 44624000, will finish Mon May  2 23:38:12 2022
step 44624100, will finish Mon May  2 23:37:49 2022
step 44624200, will finish Mon May  2 23:37:27 2022
step 44624300, will finish Mon May  2 23:37:04 2022
imb F 94% pme/F 0.23 step 44624400, will finish Mon May  2 23:36:42 2022
step 44624500, will finish Mon May  2 23:36:21 2022
step 44624600, will finish Mon May  2 23:35:59 2022
step 44624700, will finish Mon May  2 23:37:11 2022
imb F 66% pme/F 0.30 step 44624800, will finish Mon May  2 23:36:49 2022
step 44624900, will finish Mon May  2 23:36:27 2022
step 44625000, will finish Mon May  2 23:36:52 2022
step 44625100, will finish Mon May  2 23:36:32 2022
imb F 28% pme/F 0.48 step 44625200, will finish Mon May  2 23:36:09 2022
step 44625300, will finish Mon May  2 23:35:48 2022
step 44625400, will finish Mon May  2 23:35:26 2022
step 44625500, will finish Mon May  2 23:35:05 2022
imb F 15% pme/F 0.14 step 44625600, will finish Mon May  2 23:36:46 2022
step 44625700, will finish Mon May  2 23:36:24 2022
step 44625800, will finish Mon May  2 23:36:03 2022
step 44625900, will finish Mon May  2 23:35:40 2022
imb F 43% pme/F 0.27 step 44626000, will finish Mon May  2 23:35:18 2022
step 44626100, will finish Mon May  2 23:36:44 2022
step 44626200, will finish Mon May  2 23:36:23 2022
step 44626300, will finish Mon May  2 23:36:02 2022
imb F 97% pme/F 0.28 step 44626400, will finish Mon May  2 23:35:40 2022
step 44626500, will finish Mon May  2 23:35:20 2022
step 44626600, will finish Mon May  2 23:37:00 2022
step 44626700, will finish Mon May  2 23:36:39 2022
imb F 20% pme/F 0.38 step 44626800, will finish Mon May  2 23:36:16 2022
step 44626900, will finish Mon May  2 23:35:54 2022
step 44627000, will finish Mon May  2 23:35:33 2022
step 44627100, will finish Mon May  2 23:35:10 2022
imb F 67% pme/F 0.29 step 44627200, will finish Mon May  2 23:34:49 2022
step 44627300, will finish Mon May  2 23:34:58 2022
step 44627400, will finish Mon May  2 23:34:37 2022
step 44627500, will finish Mon May  2 23:34:15 2022
imb F 58% pme/F 0.31 step 44627600, will finish Mon May  2 23:33:53 2022
step 44627700, will finish Mon May  2 23:33:32 2022
step 44627800, will finish Mon May  2 23:33:27 2022
step 44627900, will finish Mon May  2 23:33:06 2022
imb F 20% pme/F 0.14 step 44628000, will finish Mon May  2 23:33:15 2022
step 44628100, will finish Mon May  2 23:32:54 2022
step 44628200, will finish Mon May  2 23:32:31 2022
step 44628300, will finish Mon May  2 23:32:10 2022
imb F  3% pme/F 0.24 step 44628400, will finish Mon May  2 23:31:50 2022
step 44628500, will finish Mon May  2 23:31:29 2022
step 44628600, will finish Mon May  2 23:31:07 2022
step 44628700, will finish Mon May  2 23:31:02 2022
imb F 79% pme/F 0.25 step 44628800, will finish Mon May  2 23:30:42 2022
step 44628900, will finish Mon May  2 23:30:19 2022
step 44629000, will finish Mon May  2 23:29:58 2022
step 44629100, will finish Mon May  2 23:29:36 2022
imb F 63% pme/F 0.32 step 44629200, will finish Mon May  2 23:29:15 2022
step 44629300, will finish Mon May  2 23:28:55 2022
step 44629400, will finish Mon May  2 23:28:33 2022
step 44629500, will finish Mon May  2 23:28:13 2022
imb F 15% pme/F 0.11 step 44629600, will finish Mon May  2 23:30:37 2022
step 44629700, will finish Mon May  2 23:30:16 2022
step 44629800, will finish Mon May  2 23:30:10 2022
step 44629900, will finish Mon May  2 23:29:49 2022
imb F 87% pme/F 0.26 step 44630000, will finish Mon May  2 23:29:29 2022
step 44630100, will finish Mon May  2 23:29:07 2022
step 44630200, will finish Mon May  2 23:28:46 2022
step 44630300, will finish Mon May  2 23:28:53 2022
imb F 63% pme/F 0.32 step 44630400, will finish Mon May  2 23:28:32 2022
step 44630500, will finish Mon May  2 23:28:12 2022
step 44630600, will finish Mon May  2 23:27:49 2022
step 44630700, will finish Mon May  2 23:27:28 2022
imb F 42% pme/F 0.35 step 44630800, will finish Mon May  2 23:27:08 2022
step 44630900, will finish Mon May  2 23:26:48 2022
step 44631000, will finish Mon May  2 23:26:27 2022
step 44631100, will finish Mon May  2 23:26:05 2022
imb F 68% pme/F 0.28 step 44631200, will finish Mon May  2 23:25:45 2022
step 44631300, will finish Mon May  2 23:25:23 2022
step 44631400, will finish Mon May  2 23:25:03 2022
step 44631500, will finish Mon May  2 23:24:42 2022
imb F 43% pme/F 0.27 step 44631600, will finish Mon May  2 23:24:21 2022
step 44631700, will finish Mon May  2 23:24:01 2022
step 44631800, will finish Mon May  2 23:23:39 2022
step 44631900, will finish Mon May  2 23:23:19 2022
imb F 36% pme/F 0.34 step 44632000, will finish Mon May  2 23:22:58 2022
step 44632100, will finish Mon May  2 23:22:38 2022
step 44632200, will finish Mon May  2 23:22:18 2022
step 44632300, will finish Mon May  2 23:21:56 2022
imb F 78% pme/F 0.28 step 44632400, will finish Mon May  2 23:21:36 2022
step 44632500, will finish Mon May  2 23:21:15 2022
step 44632600, will finish Mon May  2 23:20:55 2022
step 44632700, will finish Mon May  2 23:21:01 2022
imb F 59% pme/F 0.26 step 44632800, will finish Mon May  2 23:20:45 2022
step 44632900, will finish Mon May  2 23:20:25 2022
step 44633000, will finish Mon May  2 23:21:33 2022
step 44633100, will finish Mon May  2 23:21:14 2022
imb F 10% pme/F 0.34 step 44633200, will finish Mon May  2 23:20:52 2022
step 44633300, will finish Mon May  2 23:20:33 2022
step 44633400, will finish Mon May  2 23:20:12 2022
step 44633500, will finish Mon May  2 23:19:52 2022
imb F 80% pme/F 0.26 step 44633600, will finish Mon May  2 23:19:32 2022
step 44633700, will finish Mon May  2 23:19:13 2022
step 44633800, will finish Mon May  2 23:18:53 2022
step 44633900, will finish Mon May  2 23:19:33 2022
imb F 56% pme/F 0.35 step 44634000, will finish Mon May  2 23:19:13 2022
step 44634100, will finish Mon May  2 23:19:37 2022
step 44634200, will finish Mon May  2 23:19:17 2022
step 44634300, will finish Mon May  2 23:19:19 2022
imb F 78% pme/F 0.34 step 44634400, will finish Mon May  2 23:19:07 2022
step 44634500, will finish Mon May  2 23:18:47 2022
step 44634600, will finish Mon May  2 23:18:28 2022
step 44634700, will finish Mon May  2 23:18:08 2022
imb F 26% pme/F 0.11 step 44634800, will finish Mon May  2 23:18:17 2022
step 44634900, will finish Mon May  2 23:17:57 2022
step 44635000, will finish Mon May  2 23:18:06 2022
step 44635100, will finish Mon May  2 23:17:46 2022
imb F  3% pme/F 0.29 step 44635200, will finish Mon May  2 23:17:27 2022
step 44635300, will finish Mon May  2 23:17:05 2022
step 44635400, will finish Mon May  2 23:16:46 2022
step 44635500, will finish Mon May  2 23:17:39 2022
imb F 84% pme/F 0.26 step 44635600, will finish Mon May  2 23:17:19 2022
step 44635700, will finish Mon May  2 23:17:00 2022
step 44635800, will finish Mon May  2 23:16:52 2022
step 44635900, will finish Mon May  2 23:16:33 2022
imb F 18% pme/F 0.06 step 44636000, will finish Mon May  2 23:17:29 2022
step 44636100, will finish Mon May  2 23:17:19 2022
step 44636200, will finish Mon May  2 23:17:00 2022
step 44636300, will finish Mon May  2 23:16:39 2022
imb F 83% pme/F 0.26 step 44636400, will finish Mon May  2 23:16:20 2022
step 44636500, will finish Mon May  2 23:16:01 2022
step 44636600, will finish Mon May  2 23:15:41 2022
step 44636700, will finish Mon May  2 23:15:22 2022
imb F 42% pme/F 0.30 step 44636800, will finish Mon May  2 23:15:02 2022
step 44636900, will finish Mon May  2 23:14:43 2022
step 44637000, will finish Mon May  2 23:14:24 2022
step 44637100, will finish Mon May  2 23:14:04 2022
imb F 17% pme/F 0.27 step 44637200, will finish Mon May  2 23:15:10 2022
step 44637300, will finish Mon May  2 23:14:50 2022
step 44637400, will finish Mon May  2 23:14:32 2022
step 44637500, will finish Mon May  2 23:14:41 2022
imb F 63% pme/F 0.35 step 44637600, will finish Mon May  2 23:14:22 2022
step 44637700, will finish Mon May  2 23:14:02 2022
step 44637800, will finish Mon May  2 23:13:44 2022
step 44637900, will finish Mon May  2 23:13:24 2022
imb F 77% pme/F 0.33 step 44638000, will finish Mon May  2 23:13:05 2022
step 44638100, will finish Mon May  2 23:12:47 2022
step 44638200, will finish Mon May  2 23:12:28 2022
step 44638300, will finish Mon May  2 23:12:09 2022
imb F 68% pme/F 0.30 step 44638400, will finish Mon May  2 23:11:51 2022
step 44638500, will finish Mon May  2 23:11:32 2022
step 44638600, will finish Mon May  2 23:11:11 2022
step 44638700, will finish Mon May  2 23:10:53 2022
imb F 23% pme/F 0.35 step 44638800, will finish Mon May  2 23:10:33 2022
step 44638900, will finish Mon May  2 23:10:14 2022
step 44639000, will finish Mon May  2 23:09:55 2022
step 44639100, will finish Mon May  2 23:09:34 2022
imb F 70% pme/F 0.28 step 44639200, will finish Mon May  2 23:09:16 2022
step 44639300, will finish Mon May  2 23:08:57 2022
step 44639400, will finish Mon May  2 23:08:37 2022
step 44639500, will finish Mon May  2 23:08:19 2022
imb F 18% pme/F 0.23 step 44639600, will finish Mon May  2 23:08:42 2022
step 44639700, will finish Mon May  2 23:08:24 2022
step 44639800, will finish Mon May  2 23:08:04 2022
step 44639900, will finish Mon May  2 23:07:45 2022
imb F 91% pme/F 0.28 step 44640000, will finish Mon May  2 23:07:27 2022
step 44640100, will finish Mon May  2 23:07:07 2022
step 44640200, will finish Mon May  2 23:06:49 2022
step 44640300, will finish Mon May  2 23:06:29 2022
imb F 87% pme/F 0.29 step 44640400, will finish Mon May  2 23:06:11 2022
step 44640500, will finish Mon May  2 23:06:14 2022
step 44640600, will finish Mon May  2 23:06:02 2022
step 44640700, will finish Mon May  2 23:05:44 2022
imb F 14% pme/F 0.26 step 44640800, will finish Mon May  2 23:08:25 2022
step 44640900, will finish Mon May  2 23:08:07 2022
step 44641000, will finish Mon May  2 23:07:48 2022
step 44641100, will finish Mon May  2 23:07:29 2022
imb F 40% pme/F 0.34 step 44641200, will finish Mon May  2 23:07:10 2022
step 44641300, will finish Mon May  2 23:06:52 2022
step 44641400, will finish Mon May  2 23:06:33 2022
step 44641500, will finish Mon May  2 23:06:14 2022
imb F 69% pme/F 0.29 step 44641600, will finish Mon May  2 23:05:55 2022
step 44641700, will finish Mon May  2 23:05:37 2022
step 44641800, will finish Mon May  2 23:06:28 2022
step 44641900, will finish Mon May  2 23:06:10 2022
imb F 16% pme/F 0.26 step 44642000, will finish Mon May  2 23:05:51 2022
step 44642100, will finish Mon May  2 23:05:33 2022
step 44642200, will finish Mon May  2 23:05:14 2022
step 44642300, will finish Mon May  2 23:04:56 2022
imb F 49% pme/F 0.31 step 44642400, will finish Mon May  2 23:04:38 2022
step 44642500, will finish Mon May  2 23:06:09 2022
step 44642600, will finish Mon May  2 23:05:51 2022
step 44642700, will finish Mon May  2 23:05:32 2022
imb F 70% pme/F 0.32 step 44642800, will finish Mon May  2 23:05:13 2022
step 44642900, will finish Mon May  2 23:04:55 2022
step 44643000, will finish Mon May  2 23:04:37 2022
step 44643100, will finish Mon May  2 23:04:19 2022
imb F 14% pme/F 0.10 step 44643200, will finish Mon May  2 23:05:41 2022
step 44643300, will finish Mon May  2 23:06:09 2022
step 44643400, will finish Mon May  2 23:05:51 2022
step 44643500, will finish Mon May  2 23:05:48 2022
imb F 38% pme/F 0.42 step 44643600, will finish Mon May  2 23:05:30 2022
step 44643700, will finish Mon May  2 23:05:12 2022
step 44643800, will finish Mon May  2 23:04:54 2022
step 44643900, will finish Mon May  2 23:04:36 2022
imb F 36% pme/F 0.47 step 44644000, will finish Mon May  2 23:04:32 2022
step 44644100, will finish Mon May  2 23:04:14 2022
step 44644200, will finish Mon May  2 23:03:55 2022
step 44644300, will finish Mon May  2 23:03:37 2022
imb F 65% pme/F 0.32 step 44644400, will finish Mon May  2 23:03:18 2022
step 44644500, will finish Mon May  2 23:02:59 2022
step 44644600, will finish Mon May  2 23:02:42 2022
step 44644700, will finish Mon May  2 23:03:18 2022
imb F 47% pme/F 0.39 step 44644800, will finish Mon May  2 23:03:02 2022
step 44644900, will finish Mon May  2 23:02:42 2022
step 44645000, will finish Mon May  2 23:02:25 2022
step 44645100, will finish Mon May  2 23:02:07 2022
imb F 27% pme/F 0.39 step 44645200, will finish Mon May  2 23:01:49 2022
step 44645300, will finish Mon May  2 23:01:31 2022
step 44645400, will finish Mon May  2 23:01:12 2022
step 44645500, will finish Mon May  2 23:00:54 2022
imb F 83% pme/F 0.28 step 44645600, will finish Mon May  2 23:00:38 2022
step 44645700, will finish Mon May  2 23:00:22 2022
step 44645800, will finish Mon May  2 23:00:03 2022
step 44645900, will finish Mon May  2 22:59:45 2022
imb F 86% pme/F 0.27 step 44646000, will finish Mon May  2 22:59:28 2022
step 44646100, will finish Mon May  2 22:59:09 2022
step 44646200, will finish Mon May  2 22:58:52 2022
step 44646300, will finish Mon May  2 22:58:33 2022
imb F 36% pme/F 0.37 step 44646400, will finish Mon May  2 22:58:16 2022
step 44646500, will finish Mon May  2 22:57:58 2022
step 44646600, will finish Mon May  2 22:58:45 2022
step 44646700, will finish Mon May  2 22:58:28 2022
imb F 65% pme/F 0.31 step 44646800, will finish Mon May  2 22:58:10 2022
step 44646900, will finish Mon May  2 22:57:52 2022
step 44647000, will finish Mon May  2 22:57:35 2022
step 44647100, will finish Mon May  2 22:57:16 2022
imb F 79% pme/F 0.28 step 44647200, will finish Mon May  2 22:56:59 2022
step 44647300, will finish Mon May  2 22:56:41 2022
step 44647400, will finish Mon May  2 22:56:23 2022
step 44647500, will finish Mon May  2 22:56:06 2022
imb F 13% pme/F 0.14 step 44647600, will finish Mon May  2 22:58:13 2022
step 44647700, will finish Mon May  2 22:57:56 2022
step 44647800, will finish Mon May  2 22:57:39 2022
step 44647900, will finish Mon May  2 23:00:16 2022
imb F 18% pme/F 0.10 step 44648000, will finish Mon May  2 23:01:11 2022
step 44648100, will finish Mon May  2 23:00:54 2022
step 44648200, will finish Mon May  2 23:01:29 2022
step 44648300, will finish Mon May  2 23:01:12 2022
imb F 56% pme/F 0.25 step 44648400, will finish Mon May  2 23:00:55 2022
step 44648500, will finish Mon May  2 23:00:38 2022
step 44648600, will finish Mon May  2 23:00:20 2022
step 44648700, will finish Mon May  2 23:00:03 2022
imb F  8% pme/F 0.34 step 44648800, will finish Mon May  2 22:59:46 2022
step 44648900, will finish Mon May  2 22:59:27 2022
step 44649000, will finish Mon May  2 22:59:10 2022
step 44649100, will finish Mon May  2 22:58:53 2022
imb F 22% pme/F 0.48 step 44649200, will finish Mon May  2 22:58:34 2022
step 44649300, will finish Mon May  2 22:58:17 2022
step 44649400, will finish Mon May  2 22:58:13 2022
step 44649500, will finish Mon May  2 22:57:57 2022
imb F 20% pme/F 0.20 step 44649600, will finish Mon May  2 22:58:33 2022
step 44649700, will finish Mon May  2 22:58:15 2022
step 44649800, will finish Mon May  2 22:57:58 2022
step 44649900, will finish Mon May  2 22:57:40 2022
imb F 36% pme/F 0.40 step 44650000, will finish Mon May  2 22:57:24 2022
step 44650100, will finish Mon May  2 22:57:46 2022
step 44650200, will finish Mon May  2 22:57:29 2022
step 44650300, will finish Mon May  2 22:57:12 2022
imb F  3% pme/F 0.31 step 44650400, will finish Mon May  2 22:57:19 2022
step 44650500, will finish Mon May  2 22:57:02 2022
step 44650600, will finish Mon May  2 22:56:44 2022
step 44650700, will finish Mon May  2 22:56:27 2022
imb F 53% pme/F 0.27 step 44650800, will finish Mon May  2 22:56:10 2022
step 44650900, will finish Mon May  2 22:55:54 2022
step 44651000, will finish Mon May  2 22:55:38 2022
step 44651100, will finish Mon May  2 22:56:49 2022
imb F 97% pme/F 0.34 step 44651200, will finish Mon May  2 22:56:33 2022
step 44651300, will finish Mon May  2 22:56:17 2022
step 44651400, will finish Mon May  2 22:56:00 2022
step 44651500, will finish Mon May  2 22:55:43 2022
imb F 19% pme/F 0.40 step 44651600, will finish Mon May  2 22:55:24 2022
step 44651700, will finish Mon May  2 22:55:08 2022
step 44651800, will finish Mon May  2 22:54:51 2022
step 44651900, will finish Mon May  2 22:54:35 2022
imb F  7% pme/F 0.56 step 44652000, will finish Mon May  2 22:54:18 2022
step 44652100, will finish Mon May  2 22:54:02 2022
step 44652200, will finish Mon May  2 22:53:45 2022
step 44652300, will finish Mon May  2 22:55:20 2022
imb F 19% pme/F 0.22 step 44652400, will finish Mon May  2 22:56:33 2022
step 44652500, will finish Mon May  2 22:56:16 2022
step 44652600, will finish Mon May  2 22:56:24 2022
step 44652700, will finish Mon May  2 22:56:07 2022
imb F 92% pme/F 0.29 step 44652800, will finish Mon May  2 22:55:50 2022
step 44652900, will finish Mon May  2 22:55:34 2022
step 44653000, will finish Mon May  2 22:55:18 2022
step 44653100, will finish Mon May  2 22:54:59 2022
imb F 37% pme/F 0.37 step 44653200, will finish Mon May  2 22:54:43 2022
step 44653300, will finish Mon May  2 22:54:26 2022
step 44653400, will finish Mon May  2 22:54:08 2022
step 44653500, will finish Mon May  2 22:53:51 2022
imb F 15% pme/F 0.43 step 44653600, will finish Mon May  2 22:53:33 2022
step 44653700, will finish Mon May  2 22:53:17 2022
step 44653800, will finish Mon May  2 22:53:02 2022
step 44653900, will finish Mon May  2 22:52:46 2022
imb F 82% pme/F 0.24 step 44654000, will finish Mon May  2 22:52:31 2022
step 44654100, will finish Mon May  2 22:52:14 2022
step 44654200, will finish Mon May  2 22:52:02 2022
step 44654300, will finish Mon May  2 22:51:56 2022
imb F 73% pme/F 0.28 step 44654400, will finish Mon May  2 22:51:40 2022
step 44654500, will finish Mon May  2 22:53:40 2022
step 44654600, will finish Mon May  2 22:53:24 2022
step 44654700, will finish Mon May  2 22:53:08 2022
imb F 15% pme/F 0.15 step 44654800, will finish Mon May  2 22:53:53 2022
step 44654900, will finish Mon May  2 22:53:37 2022
step 44655000, will finish Mon May  2 22:53:20 2022
step 44655100, will finish Mon May  2 22:53:02 2022
imb F 67% pme/F 0.31 step 44655200, will finish Mon May  2 22:52:47 2022
step 44655300, will finish Mon May  2 22:52:44 2022
step 44655400, will finish Mon May  2 22:52:28 2022
step 44655500, will finish Mon May  2 22:52:49 2022
imb F 39% pme/F 0.36 step 44655600, will finish Mon May  2 22:52:54 2022
step 44655700, will finish Mon May  2 22:52:38 2022
step 44655800, will finish Mon May  2 22:52:20 2022
step 44655900, will finish Mon May  2 22:52:03 2022
imb F 77% pme/F 0.26 step 44656000, will finish Mon May  2 22:51:48 2022
step 44656100, will finish Mon May  2 22:51:45 2022
step 44656200, will finish Mon May  2 22:51:30 2022
step 44656300, will finish Mon May  2 22:51:13 2022
imb F 50% pme/F 0.39 step 44656400, will finish Mon May  2 22:50:58 2022
step 44656500, will finish Mon May  2 22:53:11 2022
step 44656600, will finish Mon May  2 22:52:54 2022
step 44656700, will finish Mon May  2 22:52:38 2022
imb F 22% pme/F 0.23 step 44656800, will finish Mon May  2 22:52:57 2022
step 44656900, will finish Mon May  2 22:53:03 2022
step 44657000, will finish Mon May  2 22:52:47 2022
step 44657100, will finish Mon May  2 22:52:39 2022
imb F 35% pme/F 0.42 step 44657200, will finish Mon May  2 22:52:37 2022
step 44657300, will finish Mon May  2 22:52:21 2022
step 44657400, will finish Mon May  2 22:53:57 2022
step 44657500, will finish Mon May  2 22:53:41 2022
imb F 47% pme/F 0.31 step 44657600, will finish Mon May  2 22:53:25 2022
step 44657700, will finish Mon May  2 22:53:58 2022
step 44657800, will finish Mon May  2 22:53:42 2022
step 44657900, will finish Mon May  2 22:53:25 2022
imb F 50% pme/F 0.25 step 44658000, will finish Mon May  2 22:53:10 2022
step 44658100, will finish Mon May  2 22:52:54 2022
step 44658200, will finish Mon May  2 22:52:38 2022
step 44658300, will finish Mon May  2 22:52:36 2022
imb F 10% pme/F 0.17 step 44658400, will finish Mon May  2 22:53:55 2022
step 44658500, will finish Mon May  2 22:53:39 2022
step 44658600, will finish Mon May  2 22:53:23 2022
step 44658700, will finish Mon May  2 22:53:05 2022
imb F 71% pme/F 0.35 step 44658800, will finish Mon May  2 22:52:49 2022
step 44658900, will finish Mon May  2 22:52:43 2022
step 44659000, will finish Mon May  2 22:53:04 2022
step 44659100, will finish Mon May  2 22:52:48 2022
imb F 35% pme/F 0.22 step 44659200, will finish Mon May  2 22:52:43 2022
step 44659300, will finish Mon May  2 22:52:49 2022
step 44659400, will finish Mon May  2 22:52:33 2022
step 44659500, will finish Mon May  2 22:53:06 2022
imb F 17% pme/F 0.12 step 44659600, will finish Mon May  2 22:53:13 2022
step 44659700, will finish Mon May  2 22:52:57 2022
step 44659800, will finish Mon May  2 22:52:41 2022
step 44659900, will finish Mon May  2 22:52:25 2022
imb F 66% pme/F 0.26 step 44660000, will finish Mon May  2 22:52:09 2022
step 44660100, will finish Mon May  2 22:52:07 2022
step 44660200, will finish Mon May  2 22:51:51 2022
step 44660300, will finish Mon May  2 22:52:22 2022
imb F 97% pme/F 0.26 step 44660400, will finish Mon May  2 22:52:06 2022
step 44660500, will finish Mon May  2 22:51:50 2022
step 44660600, will finish Mon May  2 22:51:34 2022
step 44660700, will finish Mon May  2 22:51:18 2022
imb F 43% pme/F 0.35 step 44660800, will finish Mon May  2 22:51:02 2022
step 44660900, will finish Mon May  2 22:50:46 2022
step 44661000, will finish Mon May  2 22:52:08 2022
step 44661100, will finish Mon May  2 22:51:51 2022
imb F 77% pme/F 0.25 step 44661200, will finish Mon May  2 22:51:36 2022
step 44661300, will finish Mon May  2 22:51:20 2022
step 44661400, will finish Mon May  2 22:51:04 2022
step 44661500, will finish Mon May  2 22:51:02 2022
imb F 55% pme/F 0.38 step 44661600, will finish Mon May  2 22:50:47 2022
step 44661700, will finish Mon May  2 22:50:30 2022
step 44661800, will finish Mon May  2 22:50:37 2022
step 44661900, will finish Mon May  2 22:50:22 2022
imb F 18% pme/F 0.49 step 44662000, will finish Mon May  2 22:50:06 2022
step 44662100, will finish Mon May  2 22:49:50 2022
step 44662200, will finish Mon May  2 22:50:23 2022
step 44662300, will finish Mon May  2 22:50:07 2022
imb F 85% pme/F 0.27 step 44662400, will finish Mon May  2 22:49:52 2022
step 44662500, will finish Mon May  2 22:50:12 2022
step 44662600, will finish Mon May  2 22:49:56 2022
step 44662700, will finish Mon May  2 22:49:40 2022
imb F 61% pme/F 0.38 step 44662800, will finish Mon May  2 22:49:24 2022
step 44662900, will finish Mon May  2 22:49:08 2022
step 44663000, will finish Mon May  2 22:48:52 2022
step 44663100, will finish Mon May  2 22:48:37 2022
imb F 22% pme/F 0.38 step 44663200, will finish Mon May  2 22:48:21 2022
step 44663300, will finish Mon May  2 22:51:53 2022
step 44663400, will finish Mon May  2 22:55:44 2022
step 44663500, will finish Mon May  2 22:59:27 2022
imb F 76% pme/F 0.26 step 44663600, will finish Mon May  2 22:59:51 2022
step 44663700, will finish Mon May  2 22:59:35 2022
step 44663800, will finish Mon May  2 22:59:18 2022
step 44663900, will finish Mon May  2 22:59:03 2022
imb F 15% pme/F 0.29 step 44664000, will finish Mon May  2 22:58:47 2022
step 44664100, will finish Mon May  2 22:58:32 2022
step 44664200, will finish Mon May  2 22:58:16 2022
step 44664300, will finish Mon May  2 22:58:47 2022
imb F 91% pme/F 0.26 step 44664400, will finish Mon May  2 22:58:32 2022
step 44664500, will finish Mon May  2 22:58:52 2022
step 44664600, will finish Mon May  2 22:58:36 2022
step 44664700, will finish Mon May  2 22:58:21 2022
imb F 84% pme/F 0.24 step 44664800, will finish Mon May  2 22:58:05 2022
step 44664900, will finish Mon May  2 22:57:49 2022
step 44665000, will finish Mon May  2 22:57:33 2022
step 44665100, will finish Mon May  2 22:57:18 2022
imb F 15% pme/F 0.29 step 44665200, will finish Mon May  2 22:57:49 2022
step 44665300, will finish Mon May  2 22:57:34 2022
step 44665400, will finish Mon May  2 22:57:19 2022
step 44665500, will finish Mon May  2 22:57:03 2022
imb F 78% pme/F 0.26 step 44665600, will finish Mon May  2 22:56:47 2022
step 44665700, will finish Mon May  2 22:56:31 2022
step 44665800, will finish Mon May  2 22:56:16 2022
step 44665900, will finish Mon May  2 22:57:11 2022
imb F  3% pme/F 0.26 step 44666000, will finish Mon May  2 22:57:08 2022
step 44666100, will finish Mon May  2 22:56:53 2022
step 44666200, will finish Mon May  2 22:56:38 2022
step 44666300, will finish Mon May  2 22:56:23 2022
imb F 11% pme/F 0.15 step 44666400, will finish Mon May  2 22:56:43 2022
step 44666500, will finish Mon May  2 22:56:28 2022
step 44666600, will finish Mon May  2 22:56:12 2022
step 44666700, will finish Mon May  2 22:55:57 2022
imb F 15% pme/F 0.16 step 44666800, will finish Mon May  2 22:56:24 2022
step 44666900, will finish Mon May  2 22:56:14 2022
step 44667000, will finish Mon May  2 22:55:59 2022
step 44667100, will finish Mon May  2 22:55:42 2022
imb F 76% pme/F 0.25 step 44667200, will finish Mon May  2 22:55:27 2022
step 44667300, will finish Mon May  2 22:55:11 2022
step 44667400, will finish Mon May  2 22:54:56 2022
step 44667500, will finish Mon May  2 22:54:41 2022
imb F 34% pme/F 0.48 step 44667600, will finish Mon May  2 22:54:25 2022
step 44667700, will finish Mon May  2 22:54:10 2022
step 44667800, will finish Mon May  2 22:55:05 2022
step 44667900, will finish Mon May  2 22:54:50 2022
imb F 75% pme/F 0.28 step 44668000, will finish Mon May  2 22:54:34 2022
step 44668100, will finish Mon May  2 22:54:19 2022
step 44668200, will finish Mon May  2 22:54:03 2022
step 44668300, will finish Mon May  2 22:55:09 2022
imb F 96% pme/F 0.23 step 44668400, will finish Mon May  2 22:54:55 2022
step 44668500, will finish Mon May  2 22:54:52 2022
step 44668600, will finish Mon May  2 22:54:36 2022
step 44668700, will finish Mon May  2 22:54:21 2022
imb F 35% pme/F 0.40 step 44668800, will finish Mon May  2 22:54:18 2022
step 44668900, will finish Mon May  2 22:54:03 2022
step 44669000, will finish Mon May  2 22:54:34 2022
step 44669100, will finish Mon May  2 22:54:19 2022
imb F  3% pme/F 0.28 step 44669200, will finish Mon May  2 22:54:04 2022
step 44669300, will finish Mon May  2 22:53:48 2022
step 44669400, will finish Mon May  2 22:53:33 2022
step 44669500, will finish Mon May  2 22:53:30 2022
imb F 64% pme/F 0.26 step 44669600, will finish Mon May  2 22:53:15 2022
step 44669700, will finish Mon May  2 22:52:59 2022
step 44669800, will finish Mon May  2 22:52:44 2022
step 44669900, will finish Mon May  2 22:52:35 2022
imb F 69% pme/F 0.26 step 44670000, will finish Mon May  2 22:52:26 2022
step 44670100, will finish Mon May  2 22:52:11 2022
step 44670200, will finish Mon May  2 22:51:56 2022
step 44670300, will finish Mon May  2 22:51:41 2022
imb F 10% pme/F 0.32 step 44670400, will finish Mon May  2 22:51:25 2022
step 44670500, will finish Mon May  2 22:51:11 2022
step 44670600, will finish Mon May  2 22:51:07 2022
step 44670700, will finish Mon May  2 22:50:53 2022
imb F 79% pme/F 0.33 step 44670800, will finish Mon May  2 22:50:38 2022
step 44670900, will finish Mon May  2 22:51:08 2022
step 44671000, will finish Mon May  2 22:50:53 2022
step 44671100, will finish Mon May  2 22:50:39 2022
imb F 70% pme/F 0.25 step 44671200, will finish Mon May  2 22:50:24 2022
step 44671300, will finish Mon May  2 22:50:10 2022
step 44671400, will finish Mon May  2 22:49:54 2022
step 44671500, will finish Mon May  2 22:49:40 2022
imb F 13% pme/F 0.18 step 44671600, will finish Mon May  2 22:50:00 2022
step 44671700, will finish Mon May  2 22:49:45 2022
step 44671800, will finish Mon May  2 22:49:30 2022
step 44671900, will finish Mon May  2 22:49:16 2022
imb F 48% pme/F 0.25 step 44672000, will finish Mon May  2 22:49:02 2022
step 44672100, will finish Mon May  2 22:48:47 2022
step 44672200, will finish Mon May  2 22:48:32 2022
step 44672300, will finish Mon May  2 22:48:17 2022
imb F 65% pme/F 0.35 step 44672400, will finish Mon May  2 22:48:03 2022
step 44672500, will finish Mon May  2 22:47:47 2022
step 44672600, will finish Mon May  2 22:47:32 2022
step 44672700, will finish Mon May  2 22:47:57 2022
imb F 65% pme/F 0.29 step 44672800, will finish Mon May  2 22:47:49 2022
step 44672900, will finish Mon May  2 22:47:34 2022
step 44673000, will finish Mon May  2 22:47:20 2022
step 44673100, will finish Mon May  2 22:47:05 2022
imb F 18% pme/F 0.04 step 44673200, will finish Mon May  2 22:47:47 2022
step 44673300, will finish Mon May  2 22:47:33 2022
step 44673400, will finish Mon May  2 22:47:18 2022
step 44673500, will finish Mon May  2 22:47:05 2022
imb F 95% pme/F 0.27 step 44673600, will finish Mon May  2 22:46:51 2022
step 44673700, will finish Mon May  2 22:46:37 2022
step 44673800, will finish Mon May  2 22:46:24 2022
step 44673900, will finish Mon May  2 22:46:43 2022
imb F 74% pme/F 0.28 step 44674000, will finish Mon May  2 22:46:29 2022
step 44674100, will finish Mon May  2 22:46:15 2022
step 44674200, will finish Mon May  2 22:46:01 2022
step 44674300, will finish Mon May  2 22:46:20 2022
imb F 92% pme/F 0.24 step 44674400, will finish Mon May  2 22:46:06 2022
step 44674500, will finish Mon May  2 22:45:51 2022
step 44674600, will finish Mon May  2 22:45:37 2022
step 44674700, will finish Mon May  2 22:45:23 2022
imb F 18% pme/F 0.26 step 44674800, will finish Mon May  2 22:46:16 2022
step 44674900, will finish Mon May  2 22:46:01 2022
step 44675000, will finish Mon May  2 22:45:46 2022
step 44675100, will finish Mon May  2 22:45:32 2022
imb F 70% pme/F 0.39 step 44675200, will finish Mon May  2 22:45:17 2022
step 44675300, will finish Mon May  2 22:45:38 2022
step 44675400, will finish Mon May  2 22:45:24 2022
step 44675500, will finish Mon May  2 22:45:32 2022
imb F 78% pme/F 0.25 step 44675600, will finish Mon May  2 22:45:17 2022
step 44675700, will finish Mon May  2 22:45:03 2022
step 44675800, will finish Mon May  2 22:44:49 2022
step 44675900, will finish Mon May  2 22:44:36 2022
imb F 63% pme/F 0.28 step 44676000, will finish Mon May  2 22:44:22 2022
step 44676100, will finish Mon May  2 22:44:08 2022
step 44676200, will finish Mon May  2 22:43:54 2022
step 44676300, will finish Mon May  2 22:43:40 2022
imb F 25% pme/F 0.12 step 44676400, will finish Mon May  2 22:43:48 2022
step 44676500, will finish Mon May  2 22:43:34 2022
step 44676600, will finish Mon May  2 22:43:20 2022
step 44676700, will finish Mon May  2 22:43:06 2022
imb F 44% pme/F 0.36 step 44676800, will finish Mon May  2 22:42:51 2022
step 44676900, will finish Mon May  2 22:42:37 2022
step 44677000, will finish Mon May  2 22:42:22 2022
step 44677100, will finish Mon May  2 22:42:09 2022
imb F 104% pme/F 0.23 step 44677200, will finish Mon May  2 22:41:55 2022
step 44677300, will finish Mon May  2 22:42:04 2022
step 44677400, will finish Mon May  2 22:41:50 2022
step 44677500, will finish Mon May  2 22:42:20 2022
imb F 64% pme/F 0.28 step 44677600, will finish Mon May  2 22:42:06 2022
step 44677700, will finish Mon May  2 22:42:15 2022
step 44677800, will finish Mon May  2 22:42:01 2022
step 44677900, will finish Mon May  2 22:41:47 2022
imb F 30% pme/F 0.40 step 44678000, will finish Mon May  2 22:41:32 2022
step 44678100, will finish Mon May  2 22:41:18 2022
step 44678200, will finish Mon May  2 22:41:15 2022
step 44678300, will finish Mon May  2 22:41:02 2022
imb F 25% pme/F 0.34 step 44678400, will finish Mon May  2 22:40:48 2022
step 44678500, will finish Mon May  2 22:40:34 2022
step 44678600, will finish Mon May  2 22:40:21 2022
step 44678700, will finish Mon May  2 22:40:05 2022
imb F 59% pme/F 0.28 step 44678800, will finish Mon May  2 22:39:52 2022
step 44678900, will finish Mon May  2 22:39:37 2022
step 44679000, will finish Mon May  2 22:39:23 2022
step 44679100, will finish Mon May  2 22:39:10 2022
imb F 59% pme/F 0.29 step 44679200, will finish Mon May  2 22:38:56 2022
step 44679300, will finish Mon May  2 22:38:43 2022
step 44679400, will finish Mon May  2 22:38:28 2022
step 44679500, will finish Mon May  2 22:38:14 2022
imb F 30% pme/F 0.34 step 44679600, will finish Mon May  2 22:38:22 2022
step 44679700, will finish Mon May  2 22:38:08 2022
step 44679800, will finish Mon May  2 22:38:08 2022
step 44679900, will finish Mon May  2 22:41:41 2022
imb F 24% pme/F 0.38 step 44680000, will finish Mon May  2 22:41:27 2022
step 44680100, will finish Mon May  2 22:41:14 2022
step 44680200, will finish Mon May  2 22:41:43 2022
step 44680300, will finish Mon May  2 22:41:30 2022
imb F 30% pme/F 0.30 step 44680400, will finish Mon May  2 22:41:15 2022
step 44680500, will finish Mon May  2 22:41:02 2022
step 44680600, will finish Mon May  2 22:40:48 2022
step 44680700, will finish Mon May  2 22:40:34 2022
imb F 58% pme/F 0.26 step 44680800, will finish Mon May  2 22:40:21 2022
step 44680900, will finish Mon May  2 22:40:06 2022
step 44681000, will finish Mon May  2 22:39:52 2022
step 44681100, will finish Mon May  2 22:39:39 2022
imb F 59% pme/F 0.30 step 44681200, will finish Mon May  2 22:39:26 2022
step 44681300, will finish Mon May  2 22:39:12 2022
step 44681400, will finish Mon May  2 22:38:59 2022
step 44681500, will finish Mon May  2 22:38:47 2022
imb F 17% pme/F 0.27 step 44681600, will finish Mon May  2 22:40:30 2022
step 44681700, will finish Mon May  2 22:40:17 2022
step 44681800, will finish Mon May  2 22:40:03 2022
step 44681900, will finish Mon May  2 22:39:50 2022
imb F 74% pme/F 0.29 step 44682000, will finish Mon May  2 22:39:36 2022
step 44682100, will finish Mon May  2 22:39:23 2022
step 44682200, will finish Mon May  2 22:39:10 2022
step 44682300, will finish Mon May  2 22:38:55 2022
imb F 53% pme/F 0.31 step 44682400, will finish Mon May  2 22:38:42 2022
step 44682500, will finish Mon May  2 22:38:28 2022
step 44682600, will finish Mon May  2 22:38:14 2022
step 44682700, will finish Mon May  2 22:38:01 2022
imb F 73% pme/F 0.27 step 44682800, will finish Mon May  2 22:37:49 2022
step 44682900, will finish Mon May  2 22:37:51 2022
step 44683000, will finish Mon May  2 22:39:30 2022
step 44683100, will finish Mon May  2 22:39:17 2022
imb F 44% pme/F 0.41 step 44683200, will finish Mon May  2 22:39:03 2022
step 44683300, will finish Mon May  2 22:38:48 2022
step 44683400, will finish Mon May  2 22:38:35 2022
step 44683500, will finish Mon May  2 22:39:31 2022
imb F 15% pme/F 0.25 step 44683600, will finish Mon May  2 22:40:02 2022
step 44683700, will finish Mon May  2 22:39:49 2022
step 44683800, will finish Mon May  2 22:39:36 2022
step 44683900, will finish Mon May  2 22:39:22 2022
imb F 61% pme/F 0.36 step 44684000, will finish Mon May  2 22:39:09 2022
step 44684100, will finish Mon May  2 22:38:56 2022
step 44684200, will finish Mon May  2 22:38:42 2022
step 44684300, will finish Mon May  2 22:38:50 2022
imb F 40% pme/F 2.09 step 44684400, will finish Mon May  2 22:39:08 2022
step 44684500, will finish Mon May  2 22:38:54 2022
step 44684600, will finish Mon May  2 22:38:41 2022
step 44684700, will finish Mon May  2 22:38:27 2022
imb F 45% pme/F 0.44 step 44684800, will finish Mon May  2 22:38:14 2022
step 44684900, will finish Mon May  2 22:38:42 2022
step 44685000, will finish Mon May  2 22:38:38 2022
step 44685100, will finish Mon May  2 22:38:25 2022
imb F  7% pme/F 1.89 step 44685200, will finish Mon May  2 22:38:12 2022
step 44685300, will finish Mon May  2 22:38:00 2022
step 44685400, will finish Mon May  2 22:38:29 2022
step 44685500, will finish Mon May  2 22:38:23 2022
imb F 31% pme/F 0.28 step 44685600, will finish Mon May  2 22:38:10 2022
step 44685700, will finish Mon May  2 22:38:08 2022
step 44685800, will finish Mon May  2 22:38:31 2022
step 44685900, will finish Mon May  2 22:39:18 2022
imb F 19% pme/F 0.37 step 44686000, will finish Mon May  2 22:39:35 2022
step 44686100, will finish Mon May  2 22:39:22 2022
step 44686200, will finish Mon May  2 22:39:26 2022
step 44686300, will finish Mon May  2 22:39:51 2022
imb F 36% pme/F 2.08 step 44686400, will finish Mon May  2 22:40:39 2022
step 44686500, will finish Mon May  2 22:40:25 2022
step 44686600, will finish Mon May  2 22:40:12 2022
step 44686700, will finish Mon May  2 22:40:41 2022
imb F  6% pme/F 1.75 step 44686800, will finish Mon May  2 22:40:28 2022
step 44686900, will finish Mon May  2 22:40:38 2022
step 44687000, will finish Mon May  2 22:40:52 2022
step 44687100, will finish Mon May  2 22:40:39 2022
imb F 20% pme/F 0.37 step 44687200, will finish Mon May  2 22:40:25 2022
step 44687300, will finish Mon May  2 22:40:12 2022
step 44687400, will finish Mon May  2 22:39:59 2022
step 44687500, will finish Mon May  2 22:39:45 2022
imb F  6% pme/F 1.71 step 44687600, will finish Mon May  2 22:39:32 2022
step 44687700, will finish Mon May  2 22:40:20 2022
step 44687800, will finish Mon May  2 22:40:27 2022
step 44687900, will finish Mon May  2 22:40:14 2022
imb F 46% pme/F 15.83 step 44688000, will finish Mon May  2 22:40:45 2022
step 44688100, will finish Mon May  2 22:40:37 2022
step 44688200, will finish Mon May  2 22:40:24 2022
step 44688300, will finish Mon May  2 22:40:10 2022
imb F 87% pme/F 0.28 step 44688400, will finish Mon May  2 22:39:57 2022
step 44688500, will finish Mon May  2 22:39:55 2022
step 44688600, will finish Mon May  2 22:41:24 2022
step 44688700, will finish Mon May  2 22:41:11 2022
imb F 54% pme/F 0.97 step 44688800, will finish Mon May  2 22:41:05 2022
step 44688900, will finish Mon May  2 22:41:26 2022
step 44689000, will finish Mon May  2 22:41:13 2022
step 44689100, will finish Mon May  2 22:41:00 2022
imb F 103% pme/F 0.27 step 44689200, will finish Mon May  2 22:40:47 2022
step 44689300, will finish Mon May  2 22:40:33 2022
step 44689400, will finish Mon May  2 22:40:21 2022
step 44689500, will finish Mon May  2 22:40:08 2022
imb F 32% pme/F 0.28 step 44689600, will finish Mon May  2 22:39:54 2022
step 44689700, will finish Mon May  2 22:39:41 2022
step 44689800, will finish Mon May  2 22:39:38 2022
step 44689900, will finish Mon May  2 22:39:26 2022
imb F 26% pme/F 0.41 step 44690000, will finish Mon May  2 22:39:12 2022
step 44690100, will finish Mon May  2 22:38:59 2022
step 44690200, will finish Mon May  2 22:38:46 2022
step 44690300, will finish Mon May  2 22:38:32 2022
imb F 50% pme/F 0.36 step 44690400, will finish Mon May  2 22:38:19 2022
step 44690500, will finish Mon May  2 22:38:37 2022
step 44690600, will finish Mon May  2 22:38:24 2022
step 44690700, will finish Mon May  2 22:38:28 2022
imb F 42% pme/F 0.31 step 44690800, will finish Mon May  2 22:38:17 2022
step 44690900, will finish Mon May  2 22:38:05 2022
step 44691000, will finish Mon May  2 22:38:43 2022
step 44691100, will finish Mon May  2 22:38:30 2022
imb F 92% pme/F 0.21 step 44691200, will finish Mon May  2 22:38:18 2022
step 44691300, will finish Mon May  2 22:38:04 2022
step 44691400, will finish Mon May  2 22:37:51 2022
step 44691500, will finish Mon May  2 22:38:30 2022
imb F  6% pme/F 1.82 step 44691600, will finish Mon May  2 22:38:16 2022
step 44691700, will finish Mon May  2 22:38:03 2022
step 44691800, will finish Mon May  2 22:37:50 2022
step 44691900, will finish Mon May  2 22:37:37 2022
imb F 34% pme/F 1.66 step 44692000, will finish Mon May  2 22:38:24 2022
step 44692100, will finish Mon May  2 22:38:10 2022
step 44692200, will finish Mon May  2 22:37:57 2022
step 44692300, will finish Mon May  2 22:37:44 2022
imb F 93% pme/F 0.23 step 44692400, will finish Mon May  2 22:37:31 2022
step 44692500, will finish Mon May  2 22:37:18 2022
step 44692600, will finish Mon May  2 22:37:05 2022
step 44692700, will finish Mon May  2 22:36:52 2022
imb F 25% pme/F 1.19 step 44692800, will finish Mon May  2 22:37:50 2022
step 44692900, will finish Mon May  2 22:37:37 2022
step 44693000, will finish Mon May  2 22:37:24 2022
step 44693100, will finish Mon May  2 22:37:10 2022
imb F  7% pme/F 1.63 step 44693200, will finish Mon May  2 22:36:58 2022
step 44693300, will finish Mon May  2 22:36:45 2022
step 44693400, will finish Mon May  2 22:36:32 2022
step 44693500, will finish Mon May  2 22:36:19 2022
imb F  7% pme/F 1.87 step 44693600, will finish Mon May  2 22:36:06 2022
step 44693700, will finish Mon May  2 22:36:45 2022
step 44693800, will finish Mon May  2 22:36:43 2022
step 44693900, will finish Mon May  2 22:36:31 2022
imb F 31% pme/F 0.66 step 44694000, will finish Mon May  2 22:36:37 2022
step 44694100, will finish Mon May  2 22:36:25 2022
step 44694200, will finish Mon May  2 22:36:12 2022
step 44694300, will finish Mon May  2 22:35:59 2022
imb F  5% pme/F 1.73 step 44694400, will finish Mon May  2 22:35:46 2022
step 44694500, will finish Mon May  2 22:36:34 2022
step 44694600, will finish Mon May  2 22:37:10 2022
step 44694700, will finish Mon May  2 22:36:57 2022
imb F 31% pme/F 0.47 step 44694800, will finish Mon May  2 22:36:43 2022
step 44694900, will finish Mon May  2 22:36:30 2022
step 44695000, will finish Mon May  2 22:36:18 2022
step 44695100, will finish Mon May  2 22:36:06 2022
imb F 73% pme/F 0.41 step 44695200, will finish Mon May  2 22:35:54 2022
step 44695300, will finish Mon May  2 22:35:52 2022
step 44695400, will finish Mon May  2 22:35:39 2022
step 44695500, will finish Mon May  2 22:35:25 2022
imb F 45% pme/F 0.52 step 44695600, will finish Mon May  2 22:35:13 2022
step 44695700, will finish Mon May  2 22:35:01 2022
step 44695800, will finish Mon May  2 22:34:48 2022
step 44695900, will finish Mon May  2 22:34:37 2022
imb F 84% pme/F 0.24 step 44696000, will finish Mon May  2 22:34:25 2022
step 44696100, will finish Mon May  2 22:34:13 2022
step 44696200, will finish Mon May  2 22:34:00 2022
step 44696300, will finish Mon May  2 22:33:48 2022
imb F  6% pme/F 0.92 step 44696400, will finish Mon May  2 22:33:34 2022
step 44696500, will finish Mon May  2 22:33:21 2022
step 44696600, will finish Mon May  2 22:33:09 2022
step 44696700, will finish Mon May  2 22:32:57 2022
imb F 37% pme/F 0.33 step 44696800, will finish Mon May  2 22:32:44 2022
step 44696900, will finish Mon May  2 22:32:32 2022
step 44697000, will finish Mon May  2 22:32:19 2022
step 44697100, will finish Mon May  2 22:32:07 2022
imb F 28% pme/F 0.30 step 44697200, will finish Mon May  2 22:31:55 2022
step 44697300, will finish Mon May  2 22:32:40 2022
step 44697400, will finish Mon May  2 22:32:39 2022
step 44697500, will finish Mon May  2 22:32:26 2022
imb F 25% pme/F 1.20 step 44697600, will finish Mon May  2 22:32:32 2022
step 44697700, will finish Mon May  2 22:32:19 2022
step 44697800, will finish Mon May  2 22:32:07 2022
step 44697900, will finish Mon May  2 22:32:32 2022
imb F  6% pme/F 1.91 step 44698000, will finish Mon May  2 22:32:20 2022
step 44698100, will finish Mon May  2 22:32:08 2022
step 44698200, will finish Mon May  2 22:32:24 2022
step 44698300, will finish Mon May  2 22:32:49 2022
imb F 67% pme/F 0.26 step 44698400, will finish Mon May  2 22:32:37 2022
step 44698500, will finish Mon May  2 22:32:23 2022
step 44698600, will finish Mon May  2 22:32:12 2022
step 44698700, will finish Mon May  2 22:31:59 2022
imb F 44% pme/F 2.39 step 44698800, will finish Mon May  2 22:32:03 2022
step 44698900, will finish Mon May  2 22:31:51 2022
step 44699000, will finish Mon May  2 22:31:39 2022
step 44699100, will finish Mon May  2 22:31:25 2022
imb F 78% pme/F 0.28 step 44699200, will finish Mon May  2 22:31:13 2022
step 44699300, will finish Mon May  2 22:31:00 2022
step 44699400, will finish Mon May  2 22:30:48 2022
step 44699500, will finish Mon May  2 22:30:57 2022
imb F 32% pme/F 4.77 step 44699600, will finish Mon May  2 22:32:37 2022
step 44699700, will finish Mon May  2 22:33:26 2022
step 44699800, will finish Mon May  2 22:33:14 2022
step 44699900, will finish Mon May  2 22:33:03 2022
imb F 67% pme/F 0.23 step 44700000, will finish Mon May  2 22:32:51 2022
step 44700100, will finish Mon May  2 22:32:39 2022
step 44700200, will finish Mon May  2 22:32:27 2022
step 44700300, will finish Mon May  2 22:32:19 2022
imb F 41% pme/F 15.77 step 44700400, will finish Mon May  2 22:33:19 2022
step 44700500, will finish Mon May  2 22:33:07 2022
step 44700600, will finish Mon May  2 22:32:55 2022
step 44700700, will finish Mon May  2 22:32:43 2022
imb F 12% pme/F 1.43 step 44700800, will finish Mon May  2 22:32:31 2022
step 44700900, will finish Mon May  2 22:32:18 2022
step 44701000, will finish Mon May  2 22:32:06 2022
step 44701100, will finish Mon May  2 22:31:53 2022
imb F 64% pme/F 0.30 step 44701200, will finish Mon May  2 22:31:41 2022
step 44701300, will finish Mon May  2 22:31:29 2022
step 44701400, will finish Mon May  2 22:31:15 2022
step 44701500, will finish Mon May  2 22:31:03 2022
imb F 33% pme/F 1.69 step 44701600, will finish Mon May  2 22:31:20 2022
step 44701700, will finish Mon May  2 22:31:08 2022
step 44701800, will finish Mon May  2 22:30:56 2022
step 44701900, will finish Mon May  2 22:31:55 2022
imb F 27% pme/F 2.00 step 44702000, will finish Mon May  2 22:32:45 2022
step 44702100, will finish Mon May  2 22:32:33 2022
step 44702200, will finish Mon May  2 22:32:22 2022
step 44702300, will finish Mon May  2 22:32:10 2022
imb F 53% pme/F 0.38 step 44702400, will finish Mon May  2 22:31:58 2022
step 44702500, will finish Mon May  2 22:32:52 2022
step 44702600, will finish Mon May  2 22:32:39 2022
step 44702700, will finish Mon May  2 22:32:27 2022
imb F 43% pme/F 14.81 step 44702800, will finish Mon May  2 22:33:11 2022
step 44702900, will finish Mon May  2 22:32:58 2022
step 44703000, will finish Mon May  2 22:32:46 2022
step 44703100, will finish Mon May  2 22:32:55 2022
imb F 26% pme/F 1.55 step 44703200, will finish Mon May  2 22:33:17 2022
step 44703300, will finish Mon May  2 22:33:05 2022
step 44703400, will finish Mon May  2 22:33:11 2022
step 44703500, will finish Mon May  2 22:32:58 2022
imb F 63% pme/F 0.26 step 44703600, will finish Mon May  2 22:32:46 2022
step 44703700, will finish Mon May  2 22:32:48 2022
step 44703800, will finish Mon May  2 22:32:39 2022
step 44703900, will finish Mon May  2 22:32:27 2022
imb F 27% pme/F 0.39 step 44704000, will finish Mon May  2 22:32:14 2022
step 44704100, will finish Mon May  2 22:32:01 2022
step 44704200, will finish Mon May  2 22:31:49 2022
step 44704300, will finish Mon May  2 22:31:37 2022
imb F  5% pme/F 1.68 step 44704400, will finish Mon May  2 22:31:25 2022
step 44704500, will finish Mon May  2 22:31:12 2022
step 44704600, will finish Mon May  2 22:31:00 2022
step 44704700, will finish Mon May  2 22:30:48 2022
imb F 28% pme/F 1.73 step 44704800, will finish Mon May  2 22:32:32 2022
step 44704900, will finish Mon May  2 22:32:32 2022
step 44705000, will finish Mon May  2 22:32:22 2022
step 44705100, will finish Mon May  2 22:32:39 2022
imb F 10% pme/F 0.27 step 44705200, will finish Mon May  2 22:32:28 2022
step 44705300, will finish Mon May  2 22:32:27 2022
step 44705400, will finish Mon May  2 22:32:15 2022
step 44705500, will finish Mon May  2 22:32:20 2022
imb F 42% pme/F 0.30 step 44705600, will finish Mon May  2 22:32:17 2022
step 44705700, will finish Mon May  2 22:33:00 2022
step 44705800, will finish Mon May  2 22:32:47 2022
step 44705900, will finish Mon May  2 22:32:40 2022
imb F  2% pme/F 1.68 step 44706000, will finish Mon May  2 22:32:28 2022
step 44706100, will finish Mon May  2 22:32:46 2022
step 44706200, will finish Mon May  2 22:32:33 2022
step 44706300, will finish Mon May  2 22:32:22 2022
imb F  8% pme/F 1.42 step 44706400, will finish Mon May  2 22:32:09 2022
step 44706500, will finish Mon May  2 22:31:57 2022
step 44706600, will finish Mon May  2 22:32:19 2022
step 44706700, will finish Mon May  2 22:32:06 2022
imb F 36% pme/F 2.42 step 44706800, will finish Mon May  2 22:32:02 2022
step 44706900, will finish Mon May  2 22:31:50 2022
step 44707000, will finish Mon May  2 22:31:42 2022
step 44707100, will finish Mon May  2 22:31:41 2022
imb F 26% pme/F 4.27 step 44707200, will finish Mon May  2 22:32:49 2022
step 44707300, will finish Mon May  2 22:33:24 2022
step 44707400, will finish Mon May  2 22:33:17 2022
step 44707500, will finish Mon May  2 22:34:08 2022
imb F 31% pme/F 0.97 step 44707600, will finish Mon May  2 22:34:15 2022
step 44707700, will finish Mon May  2 22:34:55 2022
step 44707800, will finish Mon May  2 22:35:30 2022
step 44707900, will finish Mon May  2 22:35:17 2022
imb F 38% pme/F 0.29 step 44708000, will finish Mon May  2 22:35:06 2022
step 44708100, will finish Mon May  2 22:34:54 2022
step 44708200, will finish Mon May  2 22:34:42 2022
step 44708300, will finish Mon May  2 22:34:35 2022
imb F 33% pme/F 5.45 step 44708400, will finish Mon May  2 22:34:57 2022
step 44708500, will finish Mon May  2 22:34:44 2022
step 44708600, will finish Mon May  2 22:34:33 2022
step 44708700, will finish Mon May  2 22:35:20 2022
imb F 66% pme/F 0.27 step 44708800, will finish Mon May  2 22:35:08 2022
step 44708900, will finish Mon May  2 22:34:57 2022
step 44709000, will finish Mon May  2 22:35:30 2022
step 44709100, will finish Mon May  2 22:35:18 2022
imb F 82% pme/F 0.24 step 44709200, will finish Mon May  2 22:35:07 2022
step 44709300, will finish Mon May  2 22:34:54 2022
step 44709400, will finish Mon May  2 22:34:42 2022
step 44709500, will finish Mon May  2 22:34:30 2022
imb F 63% pme/F 0.26 step 44709600, will finish Mon May  2 22:34:18 2022
step 44709700, will finish Mon May  2 22:34:19 2022
step 44709800, will finish Mon May  2 22:36:05 2022
step 44709900, will finish Mon May  2 22:36:30 2022
imb F 33% pme/F 2.76 step 44710000, will finish Mon May  2 22:36:43 2022
step 44710100, will finish Mon May  2 22:36:32 2022
step 44710200, will finish Mon May  2 22:36:19 2022
step 44710300, will finish Mon May  2 22:36:07 2022
imb F 59% pme/F 0.31 step 44710400, will finish Mon May  2 22:35:56 2022
step 44710500, will finish Mon May  2 22:35:43 2022
step 44710600, will finish Mon May  2 22:35:32 2022
step 44710700, will finish Mon May  2 22:35:19 2022
imb F 78% pme/F 0.50 step 44710800, will finish Mon May  2 22:35:08 2022
step 44710900, will finish Mon May  2 22:34:56 2022
step 44711000, will finish Mon May  2 22:34:44 2022
step 44711100, will finish Mon May  2 22:34:32 2022
imb F 18% pme/F 0.48 step 44711200, will finish Mon May  2 22:34:19 2022
step 44711300, will finish Mon May  2 22:34:07 2022
step 44711400, will finish Mon May  2 22:34:05 2022
step 44711500, will finish Mon May  2 22:33:53 2022
imb F  7% pme/F 1.92 step 44711600, will finish Mon May  2 22:33:41 2022
step 44711700, will finish Mon May  2 22:33:28 2022
step 44711800, will finish Mon May  2 22:33:17 2022
step 44711900, will finish Mon May  2 22:33:07 2022
imb F 74% pme/F 0.27 step 44712000, will finish Mon May  2 22:32:56 2022
step 44712100, will finish Mon May  2 22:32:54 2022
step 44712200, will finish Mon May  2 22:32:42 2022
step 44712300, will finish Mon May  2 22:32:31 2022
imb F 61% pme/F 0.34 step 44712400, will finish Mon May  2 22:32:20 2022
step 44712500, will finish Mon May  2 22:32:08 2022
step 44712600, will finish Mon May  2 22:31:56 2022
step 44712700, will finish Mon May  2 22:31:44 2022
imb F 28% pme/F 0.36 step 44712800, will finish Mon May  2 22:31:32 2022
step 44712900, will finish Mon May  2 22:31:21 2022
step 44713000, will finish Mon May  2 22:31:09 2022
step 44713100, will finish Mon May  2 22:30:57 2022
imb F 66% pme/F 0.28 step 44713200, will finish Mon May  2 22:30:46 2022
step 44713300, will finish Mon May  2 22:30:33 2022
step 44713400, will finish Mon May  2 22:30:21 2022
step 44713500, will finish Mon May  2 22:30:49 2022
imb F  6% pme/F 1.49 step 44713600, will finish Mon May  2 22:30:44 2022
step 44713700, will finish Mon May  2 22:30:33 2022
step 44713800, will finish Mon May  2 22:30:38 2022
step 44713900, will finish Mon May  2 22:30:27 2022
imb F 76% pme/F 0.28 step 44714000, will finish Mon May  2 22:30:16 2022
step 44714100, will finish Mon May  2 22:30:32 2022
step 44714200, will finish Mon May  2 22:30:20 2022
step 44714300, will finish Mon May  2 22:30:09 2022
imb F 82% pme/F 0.25 step 44714400, will finish Mon May  2 22:29:58 2022
step 44714500, will finish Mon May  2 22:29:46 2022
step 44714600, will finish Mon May  2 22:29:34 2022
step 44714700, will finish Mon May  2 22:29:22 2022
imb F 17% pme/F 0.50 step 44714800, will finish Mon May  2 22:29:20 2022
step 44714900, will finish Mon May  2 22:29:08 2022
step 44715000, will finish Mon May  2 22:28:57 2022
step 44715100, will finish Mon May  2 22:28:44 2022
imb F 85% pme/F 0.25 step 44715200, will finish Mon May  2 22:28:33 2022
step 44715300, will finish Mon May  2 22:28:22 2022
step 44715400, will finish Mon May  2 22:28:11 2022
step 44715500, will finish Mon May  2 22:27:59 2022
imb F  3% pme/F 1.68 step 44715600, will finish Mon May  2 22:27:48 2022
step 44715700, will finish Mon May  2 22:27:39 2022
step 44715800, will finish Mon May  2 22:28:17 2022
step 44715900, will finish Mon May  2 22:28:06 2022
imb F 67% pme/F 0.28 step 44716000, will finish Mon May  2 22:27:55 2022
step 44716100, will finish Mon May  2 22:27:42 2022
step 44716200, will finish Mon May  2 22:27:31 2022
step 44716300, will finish Mon May  2 22:27:21 2022
imb F  7% pme/F 1.52 step 44716400, will finish Mon May  2 22:27:09 2022
step 44716500, will finish Mon May  2 22:26:58 2022
step 44716600, will finish Mon May  2 22:26:47 2022
step 44716700, will finish Mon May  2 22:26:36 2022
imb F  4% pme/F 1.29 step 44716800, will finish Mon May  2 22:26:34 2022
step 44716900, will finish Mon May  2 22:26:22 2022
step 44717000, will finish Mon May  2 22:26:10 2022
step 44717100, will finish Mon May  2 22:25:59 2022
imb F 78% pme/F 0.97 step 44717200, will finish Mon May  2 22:25:56 2022
step 44717300, will finish Mon May  2 22:25:45 2022
step 44717400, will finish Mon May  2 22:25:34 2022
step 44717500, will finish Mon May  2 22:25:22 2022
imb F  6% pme/F 1.90 step 44717600, will finish Mon May  2 22:25:10 2022
step 44717700, will finish Mon May  2 22:24:59 2022
step 44717800, will finish Mon May  2 22:25:25 2022
step 44717900, will finish Mon May  2 22:25:14 2022
imb F 44% pme/F 0.57 step 44718000, will finish Mon May  2 22:25:03 2022
step 44718100, will finish Mon May  2 22:24:52 2022
step 44718200, will finish Mon May  2 22:24:50 2022
step 44718300, will finish Mon May  2 22:24:39 2022
imb F  9% pme/F 1.68 step 44718400, will finish Mon May  2 22:24:27 2022
step 44718500, will finish Mon May  2 22:24:16 2022
step 44718600, will finish Mon May  2 22:24:05 2022
step 44718700, will finish Mon May  2 22:23:53 2022
imb F  5% pme/F 1.81 step 44718800, will finish Mon May  2 22:23:42 2022
step 44718900, will finish Mon May  2 22:23:31 2022
step 44719000, will finish Mon May  2 22:24:09 2022
step 44719100, will finish Mon May  2 22:25:59 2022
imb F 30% pme/F 4.07 step 44719200, will finish Mon May  2 22:27:01 2022
step 44719300, will finish Mon May  2 22:27:19 2022
step 44719400, will finish Mon May  2 22:27:08 2022
step 44719500, will finish Mon May  2 22:26:57 2022
imb F  7% pme/F 1.80 step 44719600, will finish Mon May  2 22:26:46 2022
step 44719700, will finish Mon May  2 22:26:35 2022
step 44719800, will finish Mon May  2 22:26:22 2022
step 44719900, will finish Mon May  2 22:26:11 2022
imb F 53% pme/F 0.30 step 44720000, will finish Mon May  2 22:26:00 2022
step 44720100, will finish Mon May  2 22:26:53 2022
step 44720200, will finish Mon May  2 22:27:04 2022
step 44720300, will finish Mon May  2 22:26:53 2022
imb F 37% pme/F 0.33 step 44720400, will finish Mon May  2 22:26:41 2022
step 44720500, will finish Mon May  2 22:26:29 2022
step 44720600, will finish Mon May  2 22:26:18 2022
step 44720700, will finish Mon May  2 22:26:34 2022
imb F  5% pme/F 1.78 step 44720800, will finish Mon May  2 22:26:23 2022
step 44720900, will finish Mon May  2 22:26:12 2022
step 44721000, will finish Mon May  2 22:26:18 2022
step 44721100, will finish Mon May  2 22:26:07 2022
imb F  6% pme/F 0.97 step 44721200, will finish Mon May  2 22:25:55 2022
step 44721300, will finish Mon May  2 22:25:43 2022
step 44721400, will finish Mon May  2 22:25:32 2022
step 44721500, will finish Mon May  2 22:25:57 2022
imb F  3% pme/F 1.75 step 44721600, will finish Mon May  2 22:25:45 2022
step 44721700, will finish Mon May  2 22:25:53 2022
step 44721800, will finish Mon May  2 22:26:25 2022
step 44721900, will finish Mon May  2 22:26:14 2022
imb F 46% pme/F 0.34 step 44722000, will finish Mon May  2 22:26:03 2022
step 44722100, will finish Mon May  2 22:26:16 2022
step 44722200, will finish Mon May  2 22:26:06 2022
step 44722300, will finish Mon May  2 22:25:55 2022
imb F 37% pme/F 0.28 step 44722400, will finish Mon May  2 22:25:44 2022
step 44722500, will finish Mon May  2 22:25:33 2022
step 44722600, will finish Mon May  2 22:25:22 2022
step 44722700, will finish Mon May  2 22:25:11 2022
imb F  5% pme/F 0.48 step 44722800, will finish Mon May  2 22:24:59 2022
step 44722900, will finish Mon May  2 22:24:48 2022
step 44723000, will finish Mon May  2 22:24:46 2022
step 44723100, will finish Mon May  2 22:24:45 2022
imb F 49% pme/F 0.27 step 44723200, will finish Mon May  2 22:24:34 2022
step 44723300, will finish Mon May  2 22:24:22 2022
step 44723400, will finish Mon May  2 22:24:11 2022
step 44723500, will finish Mon May  2 22:24:01 2022
imb F 63% pme/F 0.36 step 44723600, will finish Mon May  2 22:23:52 2022
step 44723700, will finish Mon May  2 22:23:42 2022
step 44723800, will finish Mon May  2 22:23:31 2022
step 44723900, will finish Mon May  2 22:23:30 2022
imb F  5% pme/F 1.80 step 44724000, will finish Mon May  2 22:23:19 2022
step 44724100, will finish Mon May  2 22:23:19 2022
step 44724200, will finish Mon May  2 22:23:15 2022
step 44724300, will finish Mon May  2 22:23:04 2022
imb F 34% pme/F 0.27 step 44724400, will finish Mon May  2 22:22:54 2022
step 44724500, will finish Mon May  2 22:22:44 2022
step 44724600, will finish Mon May  2 22:22:34 2022
step 44724700, will finish Mon May  2 22:22:23 2022
imb F  4% pme/F 0.95 step 44724800, will finish Mon May  2 22:22:11 2022
step 44724900, will finish Mon May  2 22:22:01 2022
step 44725000, will finish Mon May  2 22:22:05 2022
step 44725100, will finish Mon May  2 22:22:14 2022
imb F  3% pme/F 2.00 step 44725200, will finish Mon May  2 22:22:03 2022
step 44725300, will finish Mon May  2 22:21:51 2022
step 44725400, will finish Mon May  2 22:21:41 2022
step 44725500, will finish Mon May  2 22:21:30 2022
imb F  5% pme/F 1.15 step 44725600, will finish Mon May  2 22:21:18 2022
step 44725700, will finish Mon May  2 22:21:07 2022
step 44725800, will finish Mon May  2 22:20:56 2022
step 44725900, will finish Mon May  2 22:20:45 2022
imb F  7% pme/F 1.71 step 44726000, will finish Mon May  2 22:20:34 2022
step 44726100, will finish Mon May  2 22:21:06 2022
step 44726200, will finish Mon May  2 22:20:55 2022
step 44726300, will finish Mon May  2 22:20:45 2022
imb F 45% pme/F 11.54 step 44726400, will finish Mon May  2 22:21:08 2022
step 44726500, will finish Mon May  2 22:20:58 2022
step 44726600, will finish Mon May  2 22:20:47 2022
step 44726700, will finish Mon May  2 22:20:36 2022
imb F  3% pme/F 1.73 step 44726800, will finish Mon May  2 22:20:25 2022
step 44726900, will finish Mon May  2 22:20:15 2022
step 44727000, will finish Mon May  2 22:20:04 2022
step 44727100, will finish Mon May  2 22:20:58 2022
imb F  4% pme/F 1.86 step 44727200, will finish Mon May  2 22:20:53 2022
step 44727300, will finish Mon May  2 22:20:43 2022
step 44727400, will finish Mon May  2 22:20:31 2022
step 44727500, will finish Mon May  2 22:20:21 2022
imb F 37% pme/F 0.36 step 44727600, will finish Mon May  2 22:20:20 2022
step 44727700, will finish Mon May  2 22:20:09 2022
step 44727800, will finish Mon May  2 22:20:14 2022
step 44727900, will finish Mon May  2 22:20:14 2022
imb F 58% pme/F 0.30 step 44728000, will finish Mon May  2 22:20:04 2022
step 44728100, will finish Mon May  2 22:20:19 2022
step 44728200, will finish Mon May  2 22:20:09 2022
step 44728300, will finish Mon May  2 22:19:57 2022
imb F 19% pme/F 1.34 step 44728400, will finish Mon May  2 22:21:12 2022
step 44728500, will finish Mon May  2 22:22:16 2022
step 44728600, will finish Mon May  2 22:23:23 2022
step 44728700, will finish Mon May  2 22:23:12 2022
imb F 28% pme/F 0.44 step 44728800, will finish Mon May  2 22:23:02 2022
step 44728900, will finish Mon May  2 22:23:33 2022
step 44729000, will finish Mon May  2 22:24:12 2022
step 44729100, will finish Mon May  2 22:24:02 2022
imb F  6% pme/F 1.88 step 44729200, will finish Mon May  2 22:23:51 2022
step 44729300, will finish Mon May  2 22:23:53 2022
step 44729400, will finish Mon May  2 22:25:11 2022
step 44729500, will finish Mon May  2 22:25:23 2022
imb F 65% pme/F 0.33 step 44729600, will finish Mon May  2 22:25:13 2022
step 44729700, will finish Mon May  2 22:25:20 2022
step 44729800, will finish Mon May  2 22:25:26 2022
step 44729900, will finish Mon May  2 22:25:15 2022
imb F 11% pme/F 0.77 step 44730000, will finish Mon May  2 22:25:04 2022
step 44730100, will finish Mon May  2 22:24:53 2022
step 44730200, will finish Mon May  2 22:24:43 2022
step 44730300, will finish Mon May  2 22:24:32 2022
imb F  6% pme/F 1.73 step 44730400, will finish Mon May  2 22:24:22 2022
step 44730500, will finish Mon May  2 22:24:10 2022
step 44730600, will finish Mon May  2 22:24:00 2022
step 44730700, will finish Mon May  2 22:24:08 2022
imb F 40% pme/F 5.23 step 44730800, will finish Mon May  2 22:24:22 2022
step 44730900, will finish Mon May  2 22:25:25 2022
step 44731000, will finish Mon May  2 22:26:18 2022
step 44731100, will finish Mon May  2 22:26:07 2022
imb F 59% pme/F 0.32 step 44731200, will finish Mon May  2 22:25:56 2022
step 44731300, will finish Mon May  2 22:25:45 2022
step 44731400, will finish Mon May  2 22:25:35 2022
step 44731500, will finish Mon May  2 22:25:35 2022
imb F  4% pme/F 1.77 step 44731600, will finish Mon May  2 22:25:24 2022
step 44731700, will finish Mon May  2 22:25:13 2022
step 44731800, will finish Mon May  2 22:26:09 2022
step 44731900, will finish Mon May  2 22:27:13 2022
imb F 28% pme/F 2.50 step 44732000, will finish Mon May  2 22:28:26 2022
step 44732100, will finish Mon May  2 22:29:48 2022
step 44732200, will finish Mon May  2 22:30:18 2022
step 44732300, will finish Mon May  2 22:30:08 2022
imb F 35% pme/F 0.32 step 44732400, will finish Mon May  2 22:29:57 2022
step 44732500, will finish Mon May  2 22:30:10 2022
step 44732600, will finish Mon May  2 22:29:59 2022
step 44732700, will finish Mon May  2 22:30:07 2022
imb F 91% pme/F 0.25 step 44732800, will finish Mon May  2 22:29:57 2022
step 44732900, will finish Mon May  2 22:30:14 2022
step 44733000, will finish Mon May  2 22:30:19 2022
step 44733100, will finish Mon May  2 22:30:08 2022
imb F 19% pme/F 0.59 step 44733200, will finish Mon May  2 22:30:17 2022
step 44733300, will finish Mon May  2 22:31:01 2022
step 44733400, will finish Mon May  2 22:30:50 2022
step 44733500, will finish Mon May  2 22:31:00 2022
imb F 35% pme/F 6.71 step 44733600, will finish Mon May  2 22:31:37 2022
step 44733700, will finish Mon May  2 22:31:26 2022
step 44733800, will finish Mon May  2 22:31:22 2022
step 44733900, will finish Mon May  2 22:31:22 2022
imb F 73% pme/F 0.40 step 44734000, will finish Mon May  2 22:31:12 2022
step 44734100, will finish Mon May  2 22:31:28 2022
step 44734200, will finish Mon May  2 22:31:17 2022
step 44734300, will finish Mon May  2 22:31:05 2022
imb F  4% pme/F 1.78 step 44734400, will finish Mon May  2 22:30:54 2022
step 44734500, will finish Mon May  2 22:30:44 2022
step 44734600, will finish Mon May  2 22:30:32 2022
step 44734700, will finish Mon May  2 22:30:22 2022
imb F 14% pme/F 0.22 step 44734800, will finish Mon May  2 22:30:29 2022
step 44734900, will finish Mon May  2 22:30:32 2022
step 44735000, will finish Mon May  2 22:30:21 2022
step 44735100, will finish Mon May  2 22:30:11 2022
imb F 45% pme/F 2.25 step 44735200, will finish Mon May  2 22:30:16 2022
step 44735300, will finish Mon May  2 22:30:06 2022
step 44735400, will finish Mon May  2 22:31:19 2022
step 44735500, will finish Mon May  2 22:32:35 2022
imb F  3% pme/F 1.86 step 44735600, will finish Mon May  2 22:32:25 2022
step 44735700, will finish Mon May  2 22:32:13 2022
step 44735800, will finish Mon May  2 22:32:02 2022
step 44735900, will finish Mon May  2 22:31:51 2022
imb F 42% pme/F 0.32 step 44736000, will finish Mon May  2 22:31:42 2022
step 44736100, will finish Mon May  2 22:31:32 2022
step 44736200, will finish Mon May  2 22:32:12 2022
step 44736300, will finish Mon May  2 22:32:01 2022
imb F 10% pme/F 1.57 step 44736400, will finish Mon May  2 22:31:53 2022
step 44736500, will finish Mon May  2 22:31:43 2022
step 44736600, will finish Mon May  2 22:31:35 2022
step 44736700, will finish Mon May  2 22:31:29 2022
imb F 49% pme/F 3.15 step 44736800, will finish Mon May  2 22:31:41 2022
step 44736900, will finish Mon May  2 22:31:37 2022
step 44737000, will finish Mon May  2 22:31:40 2022
step 44737100, will finish Mon May  2 22:31:32 2022
imb F 79% pme/F 0.25 step 44737200, will finish Mon May  2 22:31:22 2022
step 44737300, will finish Mon May  2 22:31:48 2022
step 44737400, will finish Mon May  2 22:31:37 2022
step 44737500, will finish Mon May  2 22:31:58 2022
imb F  4% pme/F 1.15 step 44737600, will finish Mon May  2 22:31:46 2022
step 44737700, will finish Mon May  2 22:31:36 2022
step 44737800, will finish Mon May  2 22:31:26 2022
step 44737900, will finish Mon May  2 22:31:16 2022
imb F 19% pme/F 0.47 step 44738000, will finish Mon May  2 22:31:04 2022
step 44738100, will finish Mon May  2 22:30:53 2022
step 44738200, will finish Mon May  2 22:30:43 2022
step 44738300, will finish Mon May  2 22:30:31 2022
imb F 14% pme/F 0.43 step 44738400, will finish Mon May  2 22:30:26 2022
step 44738500, will finish Mon May  2 22:30:17 2022
step 44738600, will finish Mon May  2 22:31:03 2022
step 44738700, will finish Mon May  2 22:31:38 2022
imb F 25% pme/F 1.06 step 44738800, will finish Mon May  2 22:32:17 2022
step 44738900, will finish Mon May  2 22:32:58 2022
step 44739000, will finish Mon May  2 22:32:47 2022
step 44739100, will finish Mon May  2 22:32:48 2022
imb F 73% pme/F 0.25 step 44739200, will finish Mon May  2 22:32:38 2022
step 44739300, will finish Mon May  2 22:32:30 2022
step 44739400, will finish Mon May  2 22:32:20 2022
step 44739500, will finish Mon May  2 22:32:32 2022
imb F  4% pme/F 1.49 step 44739600, will finish Mon May  2 22:32:21 2022
step 44739700, will finish Mon May  2 22:32:11 2022
step 44739800, will finish Mon May  2 22:32:19 2022
step 44739900, will finish Mon May  2 22:32:09 2022
imb F 14% pme/F 0.73 step 44740000, will finish Mon May  2 22:31:57 2022
step 44740100, will finish Mon May  2 22:31:47 2022
step 44740200, will finish Mon May  2 22:31:36 2022
step 44740300, will finish Mon May  2 22:31:26 2022
imb F 68% pme/F 3.17 step 44740400, will finish Mon May  2 22:31:25 2022
step 44740500, will finish Mon May  2 22:32:53 2022
step 44740600, will finish Mon May  2 22:32:42 2022
step 44740700, will finish Mon May  2 22:32:32 2022
imb F  9% pme/F 1.64 step 44740800, will finish Mon May  2 22:32:24 2022
step 44740900, will finish Mon May  2 22:32:33 2022
step 44741000, will finish Mon May  2 22:32:22 2022
step 44741100, will finish Mon May  2 22:32:15 2022
imb F 30% pme/F 0.80 step 44741200, will finish Mon May  2 22:32:24 2022
step 44741300, will finish Mon May  2 22:32:14 2022
step 44741400, will finish Mon May  2 22:32:15 2022
step 44741500, will finish Mon May  2 22:32:04 2022
imb F 18% pme/F 0.37 step 44741600, will finish Mon May  2 22:32:17 2022
step 44741700, will finish Mon May  2 22:32:07 2022
step 44741800, will finish Mon May  2 22:31:56 2022
step 44741900, will finish Mon May  2 22:32:00 2022
imb F 46% pme/F 0.43 step 44742000, will finish Mon May  2 22:31:49 2022
step 44742100, will finish Mon May  2 22:31:39 2022
step 44742200, will finish Mon May  2 22:31:45 2022
step 44742300, will finish Mon May  2 22:31:40 2022
imb F 45% pme/F 2.74 step 44742400, will finish Mon May  2 22:31:36 2022
step 44742500, will finish Mon May  2 22:31:25 2022
step 44742600, will finish Mon May  2 22:31:14 2022
step 44742700, will finish Mon May  2 22:31:03 2022
imb F 64% pme/F 0.28 step 44742800, will finish Mon May  2 22:30:53 2022
step 44742900, will finish Mon May  2 22:31:00 2022
step 44743000, will finish Mon May  2 22:30:50 2022
step 44743100, will finish Mon May  2 22:31:04 2022
imb F 23% pme/F 1.31 step 44743200, will finish Mon May  2 22:31:09 2022
step 44743300, will finish Mon May  2 22:30:59 2022
step 44743400, will finish Mon May  2 22:30:56 2022
step 44743500, will finish Mon May  2 22:31:50 2022
imb F 22% pme/F 1.24 step 44743600, will finish Mon May  2 22:32:46 2022
step 44743700, will finish Mon May  2 22:34:26 2022
step 44743800, will finish Mon May  2 22:34:21 2022
step 44743900, will finish Mon May  2 22:34:11 2022
imb F 46% pme/F 0.34 step 44744000, will finish Mon May  2 22:34:00 2022
step 44744100, will finish Mon May  2 22:33:50 2022
step 44744200, will finish Mon May  2 22:33:40 2022
step 44744300, will finish Mon May  2 22:33:43 2022
imb F  3% pme/F 1.80 step 44744400, will finish Mon May  2 22:33:34 2022
step 44744500, will finish Mon May  2 22:33:23 2022
step 44744600, will finish Mon May  2 22:34:01 2022
step 44744700, will finish Mon May  2 22:33:51 2022
imb F 84% pme/F 0.26 step 44744800, will finish Mon May  2 22:33:41 2022
step 44744900, will finish Mon May  2 22:33:29 2022
step 44745000, will finish Mon May  2 22:33:19 2022
step 44745100, will finish Mon May  2 22:33:28 2022
imb F 101% pme/F 0.27 step 44745200, will finish Mon May  2 22:33:18 2022
step 44745300, will finish Mon May  2 22:33:54 2022
step 44745400, will finish Mon May  2 22:33:43 2022
step 44745500, will finish Mon May  2 22:33:33 2022
imb F 21% pme/F 0.37 step 44745600, will finish Mon May  2 22:33:22 2022
step 44745700, will finish Mon May  2 22:33:11 2022
step 44745800, will finish Mon May  2 22:33:01 2022
step 44745900, will finish Mon May  2 22:32:50 2022
imb F 21% pme/F 1.23 step 44746000, will finish Mon May  2 22:33:02 2022
step 44746100, will finish Mon May  2 22:33:24 2022
step 44746200, will finish Mon May  2 22:33:26 2022
step 44746300, will finish Mon May  2 22:33:16 2022
imb F 34% pme/F 0.39 step 44746400, will finish Mon May  2 22:33:12 2022
step 44746500, will finish Mon May  2 22:33:48 2022
step 44746600, will finish Mon May  2 22:34:32 2022
step 44746700, will finish Mon May  2 22:34:43 2022
imb F  8% pme/F 0.86 step 44746800, will finish Mon May  2 22:34:31 2022
step 44746900, will finish Mon May  2 22:34:28 2022
step 44747000, will finish Mon May  2 22:34:36 2022
step 44747100, will finish Mon May  2 22:34:26 2022
imb F 27% pme/F 0.12 step 44747200, will finish Mon May  2 22:34:33 2022
step 44747300, will finish Mon May  2 22:34:24 2022
step 44747400, will finish Mon May  2 22:34:23 2022
step 44747500, will finish Mon May  2 22:34:13 2022
imb F 33% pme/F 0.39 step 44747600, will finish Mon May  2 22:34:13 2022
step 44747700, will finish Mon May  2 22:34:03 2022
step 44747800, will finish Mon May  2 22:34:20 2022
step 44747900, will finish Mon May  2 22:34:10 2022
imb F  9% pme/F 1.71 step 44748000, will finish Mon May  2 22:34:00 2022
step 44748100, will finish Mon May  2 22:33:50 2022
step 44748200, will finish Mon May  2 22:34:43 2022
step 44748300, will finish Mon May  2 22:34:48 2022
imb F 80% pme/F 0.27 step 44748400, will finish Mon May  2 22:34:48 2022
step 44748500, will finish Mon May  2 22:34:39 2022
step 44748600, will finish Mon May  2 22:34:29 2022
step 44748700, will finish Mon May  2 22:34:19 2022
imb F 24% pme/F 0.47 step 44748800, will finish Mon May  2 22:34:34 2022
step 44748900, will finish Mon May  2 22:34:24 2022
step 44749000, will finish Mon May  2 22:34:31 2022
step 44749100, will finish Mon May  2 22:34:21 2022
imb F 71% pme/F 0.26 step 44749200, will finish Mon May  2 22:34:11 2022
step 44749300, will finish Mon May  2 22:34:02 2022
step 44749400, will finish Mon May  2 22:34:32 2022
step 44749500, will finish Mon May  2 22:34:22 2022
imb F 20% pme/F 0.35 step 44749600, will finish Mon May  2 22:34:13 2022
step 44749700, will finish Mon May  2 22:34:01 2022
step 44749800, will finish Mon May  2 22:33:52 2022
step 44749900, will finish Mon May  2 22:33:42 2022
imb F 10% pme/F 0.35 step 44750000, will finish Mon May  2 22:33:32 2022
step 44750100, will finish Mon May  2 22:33:22 2022
step 44750200, will finish Mon May  2 22:33:11 2022
step 44750300, will finish Mon May  2 22:33:01 2022
imb F 53% pme/F 0.27 step 44750400, will finish Mon May  2 22:32:52 2022
step 44750500, will finish Mon May  2 22:32:42 2022
step 44750600, will finish Mon May  2 22:32:40 2022
step 44750700, will finish Mon May  2 22:32:30 2022
imb F 42% pme/F 0.31 step 44750800, will finish Mon May  2 22:32:20 2022
step 44750900, will finish Mon May  2 22:32:10 2022
step 44751000, will finish Mon May  2 22:32:00 2022
step 44751100, will finish Mon May  2 22:31:49 2022
imb F 54% pme/F 0.26 step 44751200, will finish Mon May  2 22:31:40 2022
step 44751300, will finish Mon May  2 22:31:30 2022
step 44751400, will finish Mon May  2 22:31:20 2022
step 44751500, will finish Mon May  2 22:31:10 2022
imb F 34% pme/F 0.32 step 44751600, will finish Mon May  2 22:31:00 2022
step 44751700, will finish Mon May  2 22:30:50 2022
step 44751800, will finish Mon May  2 22:30:56 2022
step 44751900, will finish Mon May  2 22:30:46 2022
imb F 46% pme/F 0.29 step 44752000, will finish Mon May  2 22:30:37 2022
step 44752100, will finish Mon May  2 22:30:27 2022
step 44752200, will finish Mon May  2 22:30:17 2022
step 44752300, will finish Mon May  2 22:30:07 2022
imb F  9% pme/F 0.30 step 44752400, will finish Mon May  2 22:29:57 2022
step 44752500, will finish Mon May  2 22:29:46 2022
step 44752600, will finish Mon May  2 22:29:37 2022
step 44752700, will finish Mon May  2 22:29:27 2022
imb F  2% pme/F 0.33 step 44752800, will finish Mon May  2 22:29:17 2022
step 44752900, will finish Mon May  2 22:29:07 2022
step 44753000, will finish Mon May  2 22:28:57 2022
step 44753100, will finish Mon May  2 22:28:47 2022
imb F 28% pme/F 0.25 step 44753200, will finish Mon May  2 22:28:53 2022
step 44753300, will finish Mon May  2 22:28:43 2022
step 44753400, will finish Mon May  2 22:28:34 2022
step 44753500, will finish Mon May  2 22:28:23 2022
imb F 75% pme/F 0.26 step 44753600, will finish Mon May  2 22:28:14 2022
step 44753700, will finish Mon May  2 22:28:58 2022
step 44753800, will finish Mon May  2 22:28:57 2022
step 44753900, will finish Mon May  2 22:28:48 2022
imb F  5% pme/F 0.28 step 44754000, will finish Mon May  2 22:28:38 2022
step 44754100, will finish Mon May  2 22:28:28 2022
step 44754200, will finish Mon May  2 22:28:27 2022
step 44754300, will finish Mon May  2 22:28:17 2022
imb F 75% pme/F 0.26 step 44754400, will finish Mon May  2 22:28:08 2022
step 44754500, will finish Mon May  2 22:28:13 2022
step 44754600, will finish Mon May  2 22:28:04 2022
step 44754700, will finish Mon May  2 22:27:53 2022
imb F 73% pme/F 0.27 step 44754800, will finish Mon May  2 22:27:44 2022
step 44754900, will finish Mon May  2 22:27:34 2022
step 44755000, will finish Mon May  2 22:27:25 2022
step 44755100, will finish Mon May  2 22:27:15 2022
imb F 11% pme/F 0.27 step 44755200, will finish Mon May  2 22:27:28 2022
step 44755300, will finish Mon May  2 22:27:19 2022
step 44755400, will finish Mon May  2 22:27:09 2022
step 44755500, will finish Mon May  2 22:26:59 2022
imb F 94% pme/F 0.19 step 44755600, will finish Mon May  2 22:26:50 2022
step 44755700, will finish Mon May  2 22:26:41 2022
step 44755800, will finish Mon May  2 22:26:31 2022
step 44755900, will finish Mon May  2 22:26:22 2022
imb F 60% pme/F 0.27 step 44756000, will finish Mon May  2 22:26:12 2022
step 44756100, will finish Mon May  2 22:26:02 2022
step 44756200, will finish Mon May  2 22:25:53 2022
step 44756300, will finish Mon May  2 22:25:52 2022
imb F 90% pme/F 0.24 step 44756400, will finish Mon May  2 22:25:43 2022
step 44756500, will finish Mon May  2 22:25:34 2022
step 44756600, will finish Mon May  2 22:25:24 2022
step 44756700, will finish Mon May  2 22:25:14 2022
imb F 32% pme/F 0.47 step 44756800, will finish Mon May  2 22:25:04 2022
step 44756900, will finish Mon May  2 22:24:55 2022
step 44757000, will finish Mon May  2 22:24:44 2022
step 44757100, will finish Mon May  2 22:24:35 2022
imb F 94% pme/F 0.24 step 44757200, will finish Mon May  2 22:24:25 2022
step 44757300, will finish Mon May  2 22:24:31 2022
step 44757400, will finish Mon May  2 22:24:22 2022
step 44757500, will finish Mon May  2 22:24:13 2022
imb F 42% pme/F 0.40 step 44757600, will finish Mon May  2 22:24:04 2022
step 44757700, will finish Mon May  2 22:23:53 2022
step 44757800, will finish Mon May  2 22:23:44 2022
step 44757900, will finish Mon May  2 22:23:35 2022
imb F 30% pme/F 0.35 step 44758000, will finish Mon May  2 22:23:24 2022
step 44758100, will finish Mon May  2 22:23:15 2022
step 44758200, will finish Mon May  2 22:23:13 2022
step 44758300, will finish Mon May  2 22:23:04 2022
imb F 37% pme/F 0.36 step 44758400, will finish Mon May  2 22:22:54 2022
step 44758500, will finish Mon May  2 22:22:45 2022
step 44758600, will finish Mon May  2 22:22:35 2022
step 44758700, will finish Mon May  2 22:22:25 2022
imb F 53% pme/F 0.30 step 44758800, will finish Mon May  2 22:22:16 2022
step 44758900, will finish Mon May  2 22:22:14 2022
step 44759000, will finish Mon May  2 22:22:05 2022
step 44759100, will finish Mon May  2 22:21:56 2022
imb F 69% pme/F 0.27 step 44759200, will finish Mon May  2 22:22:10 2022
step 44759300, will finish Mon May  2 22:22:01 2022
step 44759400, will finish Mon May  2 22:22:23 2022
step 44759500, will finish Mon May  2 22:22:14 2022
imb F  6% pme/F 0.55 step 44759600, will finish Mon May  2 22:22:04 2022
step 44759700, will finish Mon May  2 22:21:55 2022
step 44759800, will finish Mon May  2 22:21:45 2022
step 44759900, will finish Mon May  2 22:22:13 2022
imb F 66% pme/F 0.29 step 44760000, will finish Mon May  2 22:22:04 2022
step 44760100, will finish Mon May  2 22:22:24 2022
step 44760200, will finish Mon May  2 22:22:47 2022
step 44760300, will finish Mon May  2 22:22:37 2022
imb F 17% pme/F 0.40 step 44760400, will finish Mon May  2 22:22:27 2022
step 44760500, will finish Mon May  2 22:22:18 2022
step 44760600, will finish Mon May  2 22:22:09 2022
step 44760700, will finish Mon May  2 22:22:00 2022
imb F 33% pme/F 0.34 step 44760800, will finish Mon May  2 22:21:56 2022
step 44760900, will finish Mon May  2 22:22:05 2022
step 44761000, will finish Mon May  2 22:21:56 2022
step 44761100, will finish Mon May  2 22:21:47 2022
imb F 95% pme/F 0.24 step 44761200, will finish Mon May  2 22:21:38 2022
step 44761300, will finish Mon May  2 22:21:28 2022
step 44761400, will finish Mon May  2 22:21:18 2022
step 44761500, will finish Mon May  2 22:21:10 2022
imb F 46% pme/F 0.30 step 44761600, will finish Mon May  2 22:21:00 2022
step 44761700, will finish Mon May  2 22:20:51 2022
step 44761800, will finish Mon May  2 22:20:42 2022
step 44761900, will finish Mon May  2 22:20:33 2022
imb F 16% pme/F 0.12 step 44762000, will finish Mon May  2 22:20:40 2022
step 44762100, will finish Mon May  2 22:20:30 2022
step 44762200, will finish Mon May  2 22:21:08 2022
step 44762300, will finish Mon May  2 22:20:58 2022
imb F 24% pme/F 0.44 step 44762400, will finish Mon May  2 22:20:58 2022
step 44762500, will finish Mon May  2 22:20:48 2022
step 44762600, will finish Mon May  2 22:20:54 2022
step 44762700, will finish Mon May  2 22:20:46 2022
imb F 60% pme/F 0.30 step 44762800, will finish Mon May  2 22:20:37 2022
step 44762900, will finish Mon May  2 22:20:28 2022
step 44763000, will finish Mon May  2 22:20:19 2022
step 44763100, will finish Mon May  2 22:20:09 2022
imb F 92% pme/F 0.30 step 44763200, will finish Mon May  2 22:20:00 2022
step 44763300, will finish Mon May  2 22:19:51 2022
step 44763400, will finish Mon May  2 22:19:42 2022
step 44763500, will finish Mon May  2 22:19:33 2022
imb F 33% pme/F 0.31 step 44763600, will finish Mon May  2 22:19:38 2022
step 44763700, will finish Mon May  2 22:19:29 2022
step 44763800, will finish Mon May  2 22:20:20 2022
step 44763900, will finish Mon May  2 22:20:58 2022
imb F 107% pme/F 0.16 step 44764000, will finish Mon May  2 22:20:56 2022
step 44764100, will finish Mon May  2 22:20:49 2022
step 44764200, will finish Mon May  2 22:20:39 2022
step 44764300, will finish Mon May  2 22:21:25 2022
imb F 90% pme/F 0.25 step 44764400, will finish Mon May  2 22:21:16 2022
step 44764500, will finish Mon May  2 22:21:06 2022
step 44764600, will finish Mon May  2 22:20:57 2022
step 44764700, will finish Mon May  2 22:20:58 2022
imb F 70% pme/F 0.27 step 44764800, will finish Mon May  2 22:20:49 2022
step 44764900, will finish Mon May  2 22:20:48 2022
step 44765000, will finish Mon May  2 22:20:40 2022
step 44765100, will finish Mon May  2 22:20:29 2022
imb F 49% pme/F 0.25 step 44765200, will finish Mon May  2 22:20:21 2022
step 44765300, will finish Mon May  2 22:21:04 2022
step 44765400, will finish Mon May  2 22:21:26 2022
step 44765500, will finish Mon May  2 22:21:19 2022
imb F 16% pme/F 0.16 step 44765600, will finish Mon May  2 22:22:17 2022
step 44765700, will finish Mon May  2 22:22:08 2022
step 44765800, will finish Mon May  2 22:21:59 2022
step 44765900, will finish Mon May  2 22:21:50 2022
imb F 51% pme/F 0.37 step 44766000, will finish Mon May  2 22:21:40 2022
step 44766100, will finish Mon May  2 22:22:22 2022
step 44766200, will finish Mon May  2 22:23:32 2022
step 44766300, will finish Mon May  2 22:23:32 2022
imb F 54% pme/F 0.32 step 44766400, will finish Mon May  2 22:23:23 2022
step 44766500, will finish Mon May  2 22:23:13 2022
step 44766600, will finish Mon May  2 22:23:04 2022
step 44766700, will finish Mon May  2 22:23:42 2022
imb F 65% pme/F 0.28 step 44766800, will finish Mon May  2 22:23:54 2022
step 44766900, will finish Mon May  2 22:23:45 2022
step 44767000, will finish Mon May  2 22:23:36 2022
step 44767100, will finish Mon May  2 22:23:27 2022
imb F 10% pme/F 0.15 step 44767200, will finish Mon May  2 22:25:15 2022
step 44767300, will finish Mon May  2 22:25:40 2022
step 44767400, will finish Mon May  2 22:26:07 2022
step 44767500, will finish Mon May  2 22:26:09 2022
imb F 23% pme/F 0.36 step 44767600, will finish Mon May  2 22:26:00 2022
step 44767700, will finish Mon May  2 22:25:50 2022
step 44767800, will finish Mon May  2 22:25:41 2022
step 44767900, will finish Mon May  2 22:26:03 2022
imb F 79% pme/F 0.26 step 44768000, will finish Mon May  2 22:25:53 2022
step 44768100, will finish Mon May  2 22:25:53 2022
step 44768200, will finish Mon May  2 22:25:44 2022
step 44768300, will finish Mon May  2 22:25:34 2022
imb F 51% pme/F 0.31 step 44768400, will finish Mon May  2 22:25:26 2022
step 44768500, will finish Mon May  2 22:25:17 2022
step 44768600, will finish Mon May  2 22:25:07 2022
step 44768700, will finish Mon May  2 22:24:58 2022
imb F 29% pme/F 0.21 step 44768800, will finish Mon May  2 22:24:58 2022
step 44768900, will finish Mon May  2 22:24:49 2022
step 44769000, will finish Mon May  2 22:25:39 2022
step 44769100, will finish Mon May  2 22:26:21 2022
imb F 86% pme/F 0.23 step 44769200, will finish Mon May  2 22:26:12 2022
step 44769300, will finish Mon May  2 22:26:02 2022
step 44769400, will finish Mon May  2 22:26:06 2022
step 44769500, will finish Mon May  2 22:25:57 2022
imb F  9% pme/F 0.16 step 44769600, will finish Mon May  2 22:25:49 2022
step 44769700, will finish Mon May  2 22:25:39 2022
step 44769800, will finish Mon May  2 22:25:30 2022
step 44769900, will finish Mon May  2 22:25:20 2022
imb F 68% pme/F 0.28 step 44770000, will finish Mon May  2 22:25:11 2022
step 44770100, will finish Mon May  2 22:25:03 2022
step 44770200, will finish Mon May  2 22:24:54 2022
step 44770300, will finish Mon May  2 22:24:53 2022
imb F  3% pme/F 0.28 step 44770400, will finish Mon May  2 22:24:44 2022
step 44770500, will finish Mon May  2 22:24:36 2022
step 44770600, will finish Mon May  2 22:24:27 2022
step 44770700, will finish Mon May  2 22:24:19 2022
imb F 49% pme/F 0.31 step 44770800, will finish Mon May  2 22:24:11 2022
step 44770900, will finish Mon May  2 22:24:01 2022
step 44771000, will finish Mon May  2 22:23:52 2022
step 44771100, will finish Mon May  2 22:23:43 2022
imb F 41% pme/F 0.53 step 44771200, will finish Mon May  2 22:23:33 2022
step 44771300, will finish Mon May  2 22:23:25 2022
step 44771400, will finish Mon May  2 22:23:16 2022
step 44771500, will finish Mon May  2 22:23:07 2022
imb F 27% pme/F 0.15 step 44771600, will finish Mon May  2 22:23:07 2022
step 44771700, will finish Mon May  2 22:22:58 2022
step 44771800, will finish Mon May  2 22:22:48 2022
step 44771900, will finish Mon May  2 22:22:39 2022
imb F 42% pme/F 0.35 step 44772000, will finish Mon May  2 22:22:30 2022
step 44772100, will finish Mon May  2 22:23:41 2022
step 44772200, will finish Mon May  2 22:23:32 2022
step 44772300, will finish Mon May  2 22:23:23 2022
imb F  7% pme/F 0.55 step 44772400, will finish Mon May  2 22:23:13 2022
step 44772500, will finish Mon May  2 22:23:04 2022
step 44772600, will finish Mon May  2 22:23:04 2022
step 44772700, will finish Mon May  2 22:22:55 2022
imb F 15% pme/F 0.22 step 44772800, will finish Mon May  2 22:23:10 2022
step 44772900, will finish Mon May  2 22:23:01 2022
step 44773000, will finish Mon May  2 22:22:52 2022
step 44773100, will finish Mon May  2 22:22:42 2022
imb F 56% pme/F 0.31 step 44773200, will finish Mon May  2 22:22:33 2022
step 44773300, will finish Mon May  2 22:22:48 2022
step 44773400, will finish Mon May  2 22:22:39 2022
step 44773500, will finish Mon May  2 22:22:30 2022
imb F 35% pme/F 0.40 step 44773600, will finish Mon May  2 22:22:21 2022
step 44773700, will finish Mon May  2 22:23:33 2022
step 44773800, will finish Mon May  2 22:23:23 2022
step 44773900, will finish Mon May  2 22:23:14 2022
imb F 75% pme/F 0.27 step 44774000, will finish Mon May  2 22:23:05 2022
step 44774100, will finish Mon May  2 22:22:57 2022
step 44774200, will finish Mon May  2 22:23:26 2022
step 44774300, will finish Mon May  2 22:23:17 2022
imb F  9% pme/F 0.28 step 44774400, will finish Mon May  2 22:24:11 2022
step 44774500, will finish Mon May  2 22:24:43 2022
step 44774600, will finish Mon May  2 22:24:34 2022
step 44774700, will finish Mon May  2 22:24:35 2022
imb F 12% pme/F 0.21 step 44774800, will finish Mon May  2 22:24:49 2022
step 44774900, will finish Mon May  2 22:24:40 2022
step 44775000, will finish Mon May  2 22:25:05 2022
step 44775100, will finish Mon May  2 22:25:30 2022
imb F 11% pme/F 0.25 step 44775200, will finish Mon May  2 22:25:36 2022
step 44775300, will finish Mon May  2 22:25:27 2022
step 44775400, will finish Mon May  2 22:25:18 2022
step 44775500, will finish Mon May  2 22:26:22 2022
imb F 28% pme/F 0.39 step 44775600, will finish Mon May  2 22:26:13 2022
step 44775700, will finish Mon May  2 22:26:04 2022
step 44775800, will finish Mon May  2 22:25:55 2022
step 44775900, will finish Mon May  2 22:25:47 2022
imb F 12% pme/F 0.27 step 44776000, will finish Mon May  2 22:26:59 2022
step 44776100, will finish Mon May  2 22:29:07 2022
step 44776200, will finish Mon May  2 22:29:01 2022
step 44776300, will finish Mon May  2 22:28:51 2022
imb F 21% pme/F 2.31 step 44776400, will finish Mon May  2 22:28:57 2022
step 44776500, will finish Mon May  2 22:28:49 2022
step 44776600, will finish Mon May  2 22:28:39 2022
step 44776700, will finish Mon May  2 22:28:30 2022
imb F 57% pme/F 0.31 step 44776800, will finish Mon May  2 22:28:21 2022
step 44776900, will finish Mon May  2 22:28:11 2022
step 44777000, will finish Mon May  2 22:28:03 2022
step 44777100, will finish Mon May  2 22:27:54 2022
imb F 57% pme/F 0.31 step 44777200, will finish Mon May  2 22:27:45 2022
step 44777300, will finish Mon May  2 22:27:46 2022
step 44777400, will finish Mon May  2 22:27:48 2022
step 44777500, will finish Mon May  2 22:27:40 2022
imb F 22% pme/F 0.37 step 44777600, will finish Mon May  2 22:27:31 2022
step 44777700, will finish Mon May  2 22:27:22 2022
step 44777800, will finish Mon May  2 22:27:51 2022
step 44777900, will finish Mon May  2 22:27:47 2022
imb F  6% pme/F 1.65 step 44778000, will finish Mon May  2 22:27:39 2022
step 44778100, will finish Mon May  2 22:27:29 2022
step 44778200, will finish Mon May  2 22:27:20 2022
step 44778300, will finish Mon May  2 22:27:16 2022
imb F 31% pme/F 3.33 step 44778400, will finish Mon May  2 22:27:38 2022
step 44778500, will finish Mon May  2 22:27:29 2022
step 44778600, will finish Mon May  2 22:27:34 2022
step 44778700, will finish Mon May  2 22:27:24 2022
imb F  1% pme/F 1.76 step 44778800, will finish Mon May  2 22:27:15 2022
step 44778900, will finish Mon May  2 22:27:20 2022
step 44779000, will finish Mon May  2 22:27:11 2022
step 44779100, will finish Mon May  2 22:27:03 2022
imb F  5% pme/F 1.26 step 44779200, will finish Mon May  2 22:26:53 2022
step 44779300, will finish Mon May  2 22:26:44 2022
step 44779400, will finish Mon May  2 22:26:41 2022
step 44779500, will finish Mon May  2 22:26:38 2022
imb F 82% pme/F 0.27 step 44779600, will finish Mon May  2 22:26:29 2022
step 44779700, will finish Mon May  2 22:26:20 2022
step 44779800, will finish Mon May  2 22:26:11 2022
step 44779900, will finish Mon May  2 22:26:02 2022
imb F 36% pme/F 4.99 step 44780000, will finish Mon May  2 22:26:27 2022
step 44780100, will finish Mon May  2 22:27:42 2022
step 44780200, will finish Mon May  2 22:27:56 2022
step 44780300, will finish Mon May  2 22:27:47 2022
imb F 23% pme/F 0.46 step 44780400, will finish Mon May  2 22:28:14 2022
step 44780500, will finish Mon May  2 22:28:06 2022
step 44780600, will finish Mon May  2 22:28:05 2022
step 44780700, will finish Mon May  2 22:27:56 2022
imb F 48% pme/F 0.42 step 44780800, will finish Mon May  2 22:27:47 2022
step 44780900, will finish Mon May  2 22:27:37 2022
step 44781000, will finish Mon May  2 22:27:29 2022
step 44781100, will finish Mon May  2 22:27:21 2022
imb F  9% pme/F 1.87 step 44781200, will finish Mon May  2 22:27:12 2022
step 44781300, will finish Mon May  2 22:27:18 2022
step 44781400, will finish Mon May  2 22:27:09 2022
step 44781500, will finish Mon May  2 22:27:00 2022
imb F 30% pme/F 0.38 step 44781600, will finish Mon May  2 22:26:50 2022
step 44781700, will finish Mon May  2 22:26:42 2022
step 44781800, will finish Mon May  2 22:26:47 2022
step 44781900, will finish Mon May  2 22:26:38 2022
imb F 47% pme/F 1.44 step 44782000, will finish Mon May  2 22:26:35 2022
step 44782100, will finish Mon May  2 22:26:36 2022
step 44782200, will finish Mon May  2 22:26:28 2022
step 44782300, will finish Mon May  2 22:26:27 2022
imb F 71% pme/F 0.37 step 44782400, will finish Mon May  2 22:26:19 2022
step 44782500, will finish Mon May  2 22:26:10 2022
step 44782600, will finish Mon May  2 22:26:02 2022
step 44782700, will finish Mon May  2 22:26:05 2022
imb F 18% pme/F 0.45 step 44782800, will finish Mon May  2 22:26:16 2022
step 44782900, will finish Mon May  2 22:26:07 2022
step 44783000, will finish Mon May  2 22:25:59 2022
step 44783100, will finish Mon May  2 22:25:51 2022
imb F 52% pme/F 0.37 step 44783200, will finish Mon May  2 22:25:43 2022
step 44783300, will finish Mon May  2 22:25:35 2022
step 44783400, will finish Mon May  2 22:25:26 2022
step 44783500, will finish Mon May  2 22:25:43 2022
imb F 51% pme/F 0.32 step 44783600, will finish Mon May  2 22:25:35 2022
step 44783700, will finish Mon May  2 22:25:26 2022
step 44783800, will finish Mon May  2 22:25:17 2022
step 44783900, will finish Mon May  2 22:25:09 2022
imb F 18% pme/F 1.00 step 44784000, will finish Mon May  2 22:25:50 2022
step 44784100, will finish Mon May  2 22:25:47 2022
step 44784200, will finish Mon May  2 22:25:39 2022
step 44784300, will finish Mon May  2 22:25:51 2022
imb F 33% pme/F 0.29 step 44784400, will finish Mon May  2 22:25:43 2022
step 44784500, will finish Mon May  2 22:25:42 2022
step 44784600, will finish Mon May  2 22:25:34 2022
step 44784700, will finish Mon May  2 22:25:29 2022
imb F  7% pme/F 0.43 step 44784800, will finish Mon May  2 22:25:28 2022
step 44784900, will finish Mon May  2 22:25:20 2022
step 44785000, will finish Mon May  2 22:25:11 2022
step 44785100, will finish Mon May  2 22:25:02 2022
imb F  4% pme/F 1.87 step 44785200, will finish Mon May  2 22:24:53 2022
step 44785300, will finish Mon May  2 22:25:29 2022
step 44785400, will finish Mon May  2 22:25:24 2022
step 44785500, will finish Mon May  2 22:25:15 2022
imb F 14% pme/F 0.85 step 44785600, will finish Mon May  2 22:25:35 2022
step 44785700, will finish Mon May  2 22:25:27 2022
step 44785800, will finish Mon May  2 22:25:50 2022
step 44785900, will finish Mon May  2 22:26:33 2022
imb F 92% pme/F 0.30 step 44786000, will finish Mon May  2 22:26:25 2022
step 44786100, will finish Mon May  2 22:26:52 2022
step 44786200, will finish Mon May  2 22:26:43 2022
step 44786300, will finish Mon May  2 22:26:35 2022
imb F 64% pme/F 0.29 step 44786400, will finish Mon May  2 22:26:26 2022
step 44786500, will finish Mon May  2 22:26:17 2022
step 44786600, will finish Mon May  2 22:26:08 2022
step 44786700, will finish Mon May  2 22:25:59 2022
imb F 83% pme/F 0.26 step 44786800, will finish Mon May  2 22:25:51 2022
step 44786900, will finish Mon May  2 22:25:43 2022
step 44787000, will finish Mon May  2 22:25:34 2022
step 44787100, will finish Mon May  2 22:25:25 2022
imb F  6% pme/F 1.73 step 44787200, will finish Mon May  2 22:25:16 2022
step 44787300, will finish Mon May  2 22:25:09 2022
step 44787400, will finish Mon May  2 22:25:00 2022
step 44787500, will finish Mon May  2 22:25:14 2022
imb F 95% pme/F 0.31 step 44787600, will finish Mon May  2 22:25:05 2022
step 44787700, will finish Mon May  2 22:25:08 2022
step 44787800, will finish Mon May  2 22:25:06 2022
step 44787900, will finish Mon May  2 22:24:58 2022
imb F  4% pme/F 2.13 step 44788000, will finish Mon May  2 22:24:50 2022
step 44788100, will finish Mon May  2 22:24:41 2022
step 44788200, will finish Mon May  2 22:24:33 2022
step 44788300, will finish Mon May  2 22:24:23 2022
imb F 10% pme/F 1.67 step 44788400, will finish Mon May  2 22:24:15 2022
step 44788500, will finish Mon May  2 22:24:06 2022
step 44788600, will finish Mon May  2 22:23:56 2022
step 44788700, will finish Mon May  2 22:23:48 2022
imb F  3% pme/F 1.11 step 44788800, will finish Mon May  2 22:23:39 2022
step 44788900, will finish Mon May  2 22:23:31 2022
step 44789000, will finish Mon May  2 22:23:26 2022
step 44789100, will finish Mon May  2 22:23:27 2022
imb F 39% pme/F 0.28 step 44789200, will finish Mon May  2 22:23:19 2022
step 44789300, will finish Mon May  2 22:23:11 2022
step 44789400, will finish Mon May  2 22:23:02 2022
step 44789500, will finish Mon May  2 22:23:21 2022
imb F 28% pme/F 0.38 step 44789600, will finish Mon May  2 22:23:13 2022
step 44789700, will finish Mon May  2 22:23:05 2022
step 44789800, will finish Mon May  2 22:23:10 2022
step 44789900, will finish Mon May  2 22:23:02 2022
imb F 15% pme/F 0.46 step 44790000, will finish Mon May  2 22:22:52 2022
step 44790100, will finish Mon May  2 22:22:44 2022
step 44790200, will finish Mon May  2 22:22:36 2022
step 44790300, will finish Mon May  2 22:22:28 2022
imb F  2% pme/F 1.76 step 44790400, will finish Mon May  2 22:22:19 2022
step 44790500, will finish Mon May  2 22:22:24 2022
step 44790600, will finish Mon May  2 22:22:15 2022
step 44790700, will finish Mon May  2 22:22:07 2022
imb F 85% pme/F 0.25 step 44790800, will finish Mon May  2 22:21:59 2022
step 44790900, will finish Mon May  2 22:21:50 2022
step 44791000, will finish Mon May  2 22:21:41 2022
step 44791100, will finish Mon May  2 22:21:32 2022
imb F 35% pme/F 0.28 step 44791200, will finish Mon May  2 22:21:24 2022
step 44791300, will finish Mon May  2 22:21:15 2022
step 44791400, will finish Mon May  2 22:21:53 2022
step 44791500, will finish Mon May  2 22:21:50 2022
imb F 21% pme/F 0.31 step 44791600, will finish Mon May  2 22:21:41 2022
step 44791700, will finish Mon May  2 22:21:33 2022
step 44791800, will finish Mon May  2 22:21:25 2022
step 44791900, will finish Mon May  2 22:21:16 2022
imb F 14% pme/F 0.09 step 44792000, will finish Mon May  2 22:21:33 2022
step 44792100, will finish Mon May  2 22:21:24 2022
step 44792200, will finish Mon May  2 22:21:16 2022
step 44792300, will finish Mon May  2 22:21:22 2022
imb F 65% pme/F 0.25 step 44792400, will finish Mon May  2 22:21:13 2022
step 44792500, will finish Mon May  2 22:21:05 2022
step 44792600, will finish Mon May  2 22:20:57 2022
step 44792700, will finish Mon May  2 22:20:49 2022
imb F 11% pme/F 0.22 step 44792800, will finish Mon May  2 22:21:22 2022
step 44792900, will finish Mon May  2 22:21:14 2022
step 44793000, will finish Mon May  2 22:21:06 2022
step 44793100, will finish Mon May  2 22:20:58 2022
imb F 27% pme/F 0.19 step 44793200, will finish Mon May  2 22:21:08 2022
step 44793300, will finish Mon May  2 22:23:10 2022
step 44793400, will finish Mon May  2 22:23:08 2022
step 44793500, will finish Mon May  2 22:23:00 2022
imb F 15% pme/F 0.12 step 44793600, will finish Mon May  2 22:23:54 2022
step 44793700, will finish Mon May  2 22:23:46 2022
step 44793800, will finish Mon May  2 22:23:37 2022
step 44793900, will finish Mon May  2 22:23:48 2022
imb F 37% pme/F 0.35 step 44794000, will finish Mon May  2 22:23:39 2022
step 44794100, will finish Mon May  2 22:23:31 2022
step 44794200, will finish Mon May  2 22:23:23 2022
step 44794300, will finish Mon May  2 22:23:15 2022
imb F 22% pme/F 0.14 step 44794400, will finish Mon May  2 22:23:28 2022
step 44794500, will finish Mon May  2 22:23:20 2022
step 44794600, will finish Mon May  2 22:23:12 2022
step 44794700, will finish Mon May  2 22:23:04 2022
imb F 27% pme/F 0.46 step 44794800, will finish Mon May  2 22:22:56 2022
step 44794900, will finish Mon May  2 22:22:48 2022
step 44795000, will finish Mon May  2 22:22:39 2022
step 44795100, will finish Mon May  2 22:22:31 2022
imb F 50% pme/F 0.29 step 44795200, will finish Mon May  2 22:22:23 2022
step 44795300, will finish Mon May  2 22:22:21 2022
step 44795400, will finish Mon May  2 22:22:14 2022
step 44795500, will finish Mon May  2 22:22:05 2022
imb F 49% pme/F 0.30 step 44795600, will finish Mon May  2 22:21:57 2022
step 44795700, will finish Mon May  2 22:22:04 2022
step 44795800, will finish Mon May  2 22:21:55 2022
step 44795900, will finish Mon May  2 22:21:47 2022
imb F 16% pme/F 0.48 step 44796000, will finish Mon May  2 22:21:39 2022
step 44796100, will finish Mon May  2 22:21:31 2022
step 44796200, will finish Mon May  2 22:21:22 2022
step 44796300, will finish Mon May  2 22:21:14 2022
imb F 32% pme/F 0.47 step 44796400, will finish Mon May  2 22:21:05 2022
step 44796500, will finish Mon May  2 22:20:57 2022
step 44796600, will finish Mon May  2 22:20:50 2022
step 44796700, will finish Mon May  2 22:20:42 2022
imb F 21% pme/F 0.28 step 44796800, will finish Mon May  2 22:20:49 2022
step 44796900, will finish Mon May  2 22:20:41 2022
step 44797000, will finish Mon May  2 22:20:32 2022
step 44797100, will finish Mon May  2 22:20:24 2022
imb F 80% pme/F 0.25 step 44797200, will finish Mon May  2 22:20:16 2022
step 44797300, will finish Mon May  2 22:20:07 2022
step 44797400, will finish Mon May  2 22:19:59 2022
step 44797500, will finish Mon May  2 22:19:51 2022
imb F 77% pme/F 0.28 step 44797600, will finish Mon May  2 22:19:43 2022
step 44797700, will finish Mon May  2 22:20:00 2022
step 44797800, will finish Mon May  2 22:19:51 2022
step 44797900, will finish Mon May  2 22:19:43 2022
imb F 55% pme/F 0.20 step 44798000, will finish Mon May  2 22:19:36 2022
step 44798100, will finish Mon May  2 22:19:28 2022
step 44798200, will finish Mon May  2 22:19:48 2022
step 44798300, will finish Mon May  2 22:19:41 2022
imb F 20% pme/F 0.41 step 44798400, will finish Mon May  2 22:19:32 2022
step 44798500, will finish Mon May  2 22:19:24 2022
step 44798600, will finish Mon May  2 22:19:16 2022
step 44798700, will finish Mon May  2 22:19:07 2022
imb F 71% pme/F 0.30 step 44798800, will finish Mon May  2 22:19:00 2022
step 44798900, will finish Mon May  2 22:18:51 2022
step 44799000, will finish Mon May  2 22:18:43 2022
step 44799100, will finish Mon May  2 22:19:36 2022
imb F 64% pme/F 0.24 step 44799200, will finish Mon May  2 22:19:29 2022
step 44799300, will finish Mon May  2 22:19:21 2022
step 44799400, will finish Mon May  2 22:19:12 2022
step 44799500, will finish Mon May  2 22:19:04 2022
imb F 64% pme/F 0.25 step 44799600, will finish Mon May  2 22:18:56 2022
step 44799700, will finish Mon May  2 22:18:49 2022
step 44799800, will finish Mon May  2 22:18:54 2022
step 44799900, will finish Mon May  2 22:18:46 2022
imb F 28% pme/F 0.32 step 44800000, will finish Mon May  2 22:18:40 2022
step 44800100, will finish Mon May  2 22:18:36 2022
step 44800200, will finish Mon May  2 22:18:28 2022
step 44800300, will finish Mon May  2 22:18:20 2022
imb F 55% pme/F 0.38 step 44800400, will finish Mon May  2 22:18:12 2022
step 44800500, will finish Mon May  2 22:18:04 2022
step 44800600, will finish Mon May  2 22:17:56 2022
step 44800700, will finish Mon May  2 22:17:48 2022
imb F 73% pme/F 0.28 step 44800800, will finish Mon May  2 22:17:40 2022
step 44800900, will finish Mon May  2 22:17:32 2022
step 44801000, will finish Mon May  2 22:17:32 2022
step 44801100, will finish Mon May  2 22:17:54 2022
imb F 69% pme/F 0.26 step 44801200, will finish Mon May  2 22:17:46 2022
step 44801300, will finish Mon May  2 22:17:38 2022
step 44801400, will finish Mon May  2 22:17:30 2022
step 44801500, will finish Mon May  2 22:17:36 2022
imb F 84% pme/F 0.24 step 44801600, will finish Mon May  2 22:17:28 2022
step 44801700, will finish Mon May  2 22:17:27 2022
step 44801800, will finish Mon May  2 22:17:19 2022
step 44801900, will finish Mon May  2 22:17:11 2022
imb F 33% pme/F 0.49 step 44802000, will finish Mon May  2 22:17:03 2022
step 44802100, will finish Mon May  2 22:16:55 2022
step 44802200, will finish Mon May  2 22:16:46 2022
step 44802300, will finish Mon May  2 22:16:38 2022
imb F 70% pme/F 0.30 step 44802400, will finish Mon May  2 22:16:31 2022
step 44802500, will finish Mon May  2 22:16:22 2022
step 44802600, will finish Mon May  2 22:16:15 2022
step 44802700, will finish Mon May  2 22:16:06 2022
imb F 98% pme/F 0.25 step 44802800, will finish Mon May  2 22:15:58 2022
step 44802900, will finish Mon May  2 22:16:10 2022
step 44803000, will finish Mon May  2 22:16:02 2022
step 44803100, will finish Mon May  2 22:15:55 2022
imb F 12% pme/F 0.36 step 44803200, will finish Mon May  2 22:17:19 2022
step 44803300, will finish Mon May  2 22:17:11 2022
step 44803400, will finish Mon May  2 22:17:03 2022
step 44803500, will finish Mon May  2 22:18:22 2022
imb F  9% pme/F 0.29 step 44803600, will finish Mon May  2 22:18:13 2022
step 44803700, will finish Mon May  2 22:18:06 2022
step 44803800, will finish Mon May  2 22:17:57 2022
step 44803900, will finish Mon May  2 22:17:49 2022
imb F 17% pme/F 0.33 step 44804000, will finish Mon May  2 22:17:55 2022
step 44804100, will finish Mon May  2 22:17:47 2022
step 44804200, will finish Mon May  2 22:17:38 2022
step 44804300, will finish Mon May  2 22:17:30 2022
imb F 97% pme/F 0.24 step 44804400, will finish Mon May  2 22:17:22 2022
step 44804500, will finish Mon May  2 22:17:21 2022
step 44804600, will finish Mon May  2 22:17:13 2022
step 44804700, will finish Mon May  2 22:17:07 2022
imb F  7% pme/F 0.27 step 44804800, will finish Mon May  2 22:16:59 2022
step 44804900, will finish Mon May  2 22:18:20 2022
step 44805000, will finish Mon May  2 22:19:34 2022
step 44805100, will finish Mon May  2 22:19:45 2022
imb F 86% pme/F 0.24 step 44805200, will finish Mon May  2 22:19:37 2022
step 44805300, will finish Mon May  2 22:19:35 2022
step 44805400, will finish Mon May  2 22:19:26 2022
step 44805500, will finish Mon May  2 22:19:18 2022
imb F 75% pme/F 0.27 step 44805600, will finish Mon May  2 22:19:11 2022
step 44805700, will finish Mon May  2 22:19:03 2022
step 44805800, will finish Mon May  2 22:19:00 2022
step 44805900, will finish Mon May  2 22:19:38 2022
imb F 61% pme/F 0.26 step 44806000, will finish Mon May  2 22:19:30 2022
step 44806100, will finish Mon May  2 22:19:23 2022
step 44806200, will finish Mon May  2 22:19:15 2022
step 44806300, will finish Mon May  2 22:19:07 2022
imb F 100% pme/F 0.23 step 44806400, will finish Mon May  2 22:18:59 2022
step 44806500, will finish Mon May  2 22:18:55 2022
step 44806600, will finish Mon May  2 22:19:22 2022
step 44806700, will finish Mon May  2 22:19:15 2022
imb F 26% pme/F 0.29 step 44806800, will finish Mon May  2 22:19:20 2022
step 44806900, will finish Mon May  2 22:19:13 2022
step 44807000, will finish Mon May  2 22:19:11 2022
step 44807100, will finish Mon May  2 22:19:03 2022
imb F 84% pme/F 0.25 step 44807200, will finish Mon May  2 22:18:55 2022
step 44807300, will finish Mon May  2 22:19:07 2022
step 44807400, will finish Mon May  2 22:18:59 2022
step 44807500, will finish Mon May  2 22:18:52 2022
imb F 69% pme/F 0.25 step 44807600, will finish Mon May  2 22:18:44 2022
step 44807700, will finish Mon May  2 22:18:36 2022
step 44807800, will finish Mon May  2 22:18:40 2022
step 44807900, will finish Mon May  2 22:18:32 2022
imb F 23% pme/F 0.24 step 44808000, will finish Mon May  2 22:18:30 2022
step 44808100, will finish Mon May  2 22:18:22 2022
step 44808200, will finish Mon May  2 22:18:15 2022
step 44808300, will finish Mon May  2 22:18:07 2022
imb F 85% pme/F 0.24 step 44808400, will finish Mon May  2 22:17:59 2022
step 44808500, will finish Mon May  2 22:17:51 2022
step 44808600, will finish Mon May  2 22:17:43 2022
step 44808700, will finish Mon May  2 22:17:35 2022
imb F 46% pme/F 0.33 step 44808800, will finish Mon May  2 22:17:27 2022
step 44808900, will finish Mon May  2 22:17:20 2022
step 44809000, will finish Mon May  2 22:17:12 2022
step 44809100, will finish Mon May  2 22:17:04 2022
imb F 41% pme/F 0.23 step 44809200, will finish Mon May  2 22:16:57 2022
step 44809300, will finish Mon May  2 22:16:50 2022
step 44809400, will finish Mon May  2 22:16:41 2022
step 44809500, will finish Mon May  2 22:16:34 2022
imb F 34% pme/F 0.34 step 44809600, will finish Mon May  2 22:16:26 2022
step 44809700, will finish Mon May  2 22:16:18 2022
step 44809800, will finish Mon May  2 22:16:10 2022
step 44809900, will finish Mon May  2 22:16:35 2022
imb F 65% pme/F 0.25 step 44810000, will finish Mon May  2 22:16:27 2022
step 44810100, will finish Mon May  2 22:17:27 2022
step 44810200, will finish Mon May  2 22:17:43 2022
step 44810300, will finish Mon May  2 22:17:35 2022
imb F 11% pme/F 0.36 step 44810400, will finish Mon May  2 22:17:26 2022
step 44810500, will finish Mon May  2 22:17:19 2022
step 44810600, will finish Mon May  2 22:17:11 2022
step 44810700, will finish Mon May  2 22:17:03 2022
imb F  3% pme/F 0.25 step 44810800, will finish Mon May  2 22:16:56 2022
step 44810900, will finish Mon May  2 22:16:55 2022
step 44811000, will finish Mon May  2 22:16:47 2022
step 44811100, will finish Mon May  2 22:16:59 2022
imb F 91% pme/F 0.25 step 44811200, will finish Mon May  2 22:16:51 2022
step 44811300, will finish Mon May  2 22:17:03 2022
step 44811400, will finish Mon May  2 22:16:56 2022
step 44811500, will finish Mon May  2 22:17:10 2022
imb F 12% pme/F 0.25 step 44811600, will finish Mon May  2 22:17:20 2022
step 44811700, will finish Mon May  2 22:17:12 2022
step 44811800, will finish Mon May  2 22:17:04 2022
step 44811900, will finish Mon May  2 22:17:06 2022
imb F  4% pme/F 0.27 step 44812000, will finish Mon May  2 22:16:58 2022
step 44812100, will finish Mon May  2 22:16:51 2022
step 44812200, will finish Mon May  2 22:16:46 2022
step 44812300, will finish Mon May  2 22:16:56 2022
imb F  6% pme/F 0.31 step 44812400, will finish Mon May  2 22:16:48 2022
step 44812500, will finish Mon May  2 22:16:40 2022
step 44812600, will finish Mon May  2 22:16:40 2022
step 44812700, will finish Mon May  2 22:16:33 2022
imb F 84% pme/F 0.26 step 44812800, will finish Mon May  2 22:16:25 2022
step 44812900, will finish Mon May  2 22:16:17 2022
step 44813000, will finish Mon May  2 22:16:10 2022
step 44813100, will finish Mon May  2 22:16:03 2022
imb F 15% pme/F 0.10 step 44813200, will finish Mon May  2 22:16:21 2022
step 44813300, will finish Mon May  2 22:16:14 2022
step 44813400, will finish Mon May  2 22:16:05 2022
step 44813500, will finish Mon May  2 22:15:58 2022
imb F 78% pme/F 0.28 step 44813600, will finish Mon May  2 22:15:50 2022
step 44813700, will finish Mon May  2 22:15:42 2022
step 44813800, will finish Mon May  2 22:15:34 2022
step 44813900, will finish Mon May  2 22:15:26 2022
imb F 34% pme/F 0.43 step 44814000, will finish Mon May  2 22:15:18 2022
step 44814100, will finish Mon May  2 22:15:10 2022
step 44814200, will finish Mon May  2 22:15:02 2022
step 44814300, will finish Mon May  2 22:14:55 2022
imb F 12% pme/F 0.26 step 44814400, will finish Mon May  2 22:16:03 2022
step 44814500, will finish Mon May  2 22:15:56 2022
step 44814600, will finish Mon May  2 22:15:49 2022
step 44814700, will finish Mon May  2 22:15:41 2022
imb F 77% pme/F 0.27 step 44814800, will finish Mon May  2 22:15:34 2022
step 44814900, will finish Mon May  2 22:15:34 2022
step 44815000, will finish Mon May  2 22:15:26 2022
step 44815100, will finish Mon May  2 22:15:31 2022
imb F 74% pme/F 0.28 step 44815200, will finish Mon May  2 22:15:23 2022
step 44815300, will finish Mon May  2 22:15:25 2022
step 44815400, will finish Mon May  2 22:15:28 2022
step 44815500, will finish Mon May  2 22:15:20 2022
imb F  6% pme/F 0.40 step 44815600, will finish Mon May  2 22:15:13 2022
step 44815700, will finish Mon May  2 22:15:05 2022
step 44815800, will finish Mon May  2 22:15:17 2022
step 44815900, will finish Mon May  2 22:15:09 2022
imb F 36% pme/F 0.41 step 44816000, will finish Mon May  2 22:15:02 2022
step 44816100, will finish Mon May  2 22:14:55 2022
step 44816200, will finish Mon May  2 22:15:32 2022
step 44816300, will finish Mon May  2 22:15:25 2022
imb F  6% pme/F 0.30 step 44816400, will finish Mon May  2 22:15:17 2022
step 44816500, will finish Mon May  2 22:15:10 2022
step 44816600, will finish Mon May  2 22:15:02 2022
step 44816700, will finish Mon May  2 22:15:39 2022
imb F 82% pme/F 0.35 step 44816800, will finish Mon May  2 22:15:31 2022
step 44816900, will finish Mon May  2 22:15:25 2022
step 44817000, will finish Mon May  2 22:16:07 2022
step 44817100, will finish Mon May  2 22:16:00 2022
imb F 47% pme/F 0.34 step 44817200, will finish Mon May  2 22:15:52 2022
step 44817300, will finish Mon May  2 22:15:44 2022
step 44817400, will finish Mon May  2 22:15:37 2022
step 44817500, will finish Mon May  2 22:15:42 2022
imb F 78% pme/F 0.27 step 44817600, will finish Mon May  2 22:15:34 2022
step 44817700, will finish Mon May  2 22:15:27 2022
step 44817800, will finish Mon May  2 22:15:20 2022
step 44817900, will finish Mon May  2 22:15:11 2022
imb F 74% pme/F 0.27 step 44818000, will finish Mon May  2 22:15:04 2022
step 44818100, will finish Mon May  2 22:14:56 2022
step 44818200, will finish Mon May  2 22:14:48 2022
step 44818300, will finish Mon May  2 22:14:41 2022
imb F 18% pme/F 0.42 step 44818400, will finish Mon May  2 22:14:33 2022
step 44818500, will finish Mon May  2 22:14:25 2022
step 44818600, will finish Mon May  2 22:14:18 2022
step 44818700, will finish Mon May  2 22:14:10 2022
imb F 78% pme/F 0.29 step 44818800, will finish Mon May  2 22:14:03 2022
step 44818900, will finish Mon May  2 22:15:23 2022
step 44819000, will finish Mon May  2 22:15:28 2022
step 44819100, will finish Mon May  2 22:15:21 2022
imb F  8% pme/F 0.39 step 44819200, will finish Mon May  2 22:15:13 2022
step 44819300, will finish Mon May  2 22:15:05 2022
step 44819400, will finish Mon May  2 22:14:58 2022
step 44819500, will finish Mon May  2 22:14:51 2022
imb F 73% pme/F 0.23 step 44819600, will finish Mon May  2 22:14:44 2022
step 44819700, will finish Mon May  2 22:14:36 2022
step 44819800, will finish Mon May  2 22:14:29 2022
step 44819900, will finish Mon May  2 22:14:21 2022
imb F 67% pme/F 0.30 step 44820000, will finish Mon May  2 22:14:13 2022
step 44820100, will finish Mon May  2 22:14:12 2022
step 44820200, will finish Mon May  2 22:14:04 2022
step 44820300, will finish Mon May  2 22:13:57 2022
imb F 51% pme/F 0.32 step 44820400, will finish Mon May  2 22:13:49 2022
step 44820500, will finish Mon May  2 22:13:41 2022
step 44820600, will finish Mon May  2 22:13:40 2022
step 44820700, will finish Mon May  2 22:13:33 2022
imb F 60% pme/F 0.27 step 44820800, will finish Mon May  2 22:13:25 2022
step 44820900, will finish Mon May  2 22:13:17 2022
step 44821000, will finish Mon May  2 22:13:10 2022
step 44821100, will finish Mon May  2 22:13:08 2022
imb F 77% pme/F 0.29 step 44821200, will finish Mon May  2 22:13:01 2022
step 44821300, will finish Mon May  2 22:12:53 2022
step 44821400, will finish Mon May  2 22:12:45 2022
step 44821500, will finish Mon May  2 22:12:38 2022
imb F 25% pme/F 0.41 step 44821600, will finish Mon May  2 22:12:30 2022
step 44821700, will finish Mon May  2 22:12:23 2022
step 44821800, will finish Mon May  2 22:12:16 2022
step 44821900, will finish Mon May  2 22:12:08 2022
imb F 84% pme/F 0.25 step 44822000, will finish Mon May  2 22:12:02 2022
step 44822100, will finish Mon May  2 22:13:46 2022
step 44822200, will finish Mon May  2 22:13:38 2022
step 44822300, will finish Mon May  2 22:13:31 2022
imb F 31% pme/F 0.41 step 44822400, will finish Mon May  2 22:13:23 2022
step 44822500, will finish Mon May  2 22:13:16 2022
step 44822600, will finish Mon May  2 22:13:08 2022
step 44822700, will finish Mon May  2 22:13:00 2022
imb F 73% pme/F 0.27 step 44822800, will finish Mon May  2 22:12:53 2022
step 44822900, will finish Mon May  2 22:12:46 2022
step 44823000, will finish Mon May  2 22:12:38 2022
step 44823100, will finish Mon May  2 22:12:30 2022
imb F 84% pme/F 0.25 step 44823200, will finish Mon May  2 22:12:24 2022
step 44823300, will finish Mon May  2 22:12:16 2022
step 44823400, will finish Mon May  2 22:12:08 2022
step 44823500, will finish Mon May  2 22:12:01 2022
imb F 57% pme/F 0.28 step 44823600, will finish Mon May  2 22:11:53 2022
step 44823700, will finish Mon May  2 22:11:46 2022
step 44823800, will finish Mon May  2 22:12:11 2022
step 44823900, will finish Mon May  2 22:12:04 2022
imb F 19% pme/F 0.09 step 44824000, will finish Mon May  2 22:12:09 2022
step 44824100, will finish Mon May  2 22:12:02 2022
step 44824200, will finish Mon May  2 22:11:54 2022
step 44824300, will finish Mon May  2 22:11:47 2022
imb F 60% pme/F 0.37 step 44824400, will finish Mon May  2 22:11:40 2022
step 44824500, will finish Mon May  2 22:11:33 2022
step 44824600, will finish Mon May  2 22:11:25 2022
step 44824700, will finish Mon May  2 22:11:18 2022
imb F 44% pme/F 0.27 step 44824800, will finish Mon May  2 22:11:10 2022
step 44824900, will finish Mon May  2 22:11:03 2022
step 44825000, will finish Mon May  2 22:10:56 2022
step 44825100, will finish Mon May  2 22:11:09 2022
imb F 74% pme/F 0.30 step 44825200, will finish Mon May  2 22:11:19 2022
step 44825300, will finish Mon May  2 22:11:11 2022
step 44825400, will finish Mon May  2 22:11:04 2022
step 44825500, will finish Mon May  2 22:10:56 2022
imb F  6% pme/F 0.43 step 44825600, will finish Mon May  2 22:10:49 2022
step 44825700, will finish Mon May  2 22:10:41 2022
step 44825800, will finish Mon May  2 22:10:34 2022
step 44825900, will finish Mon May  2 22:10:26 2022
imb F 34% pme/F 0.35 step 44826000, will finish Mon May  2 22:10:19 2022
step 44826100, will finish Mon May  2 22:10:11 2022
step 44826200, will finish Mon May  2 22:10:04 2022
step 44826300, will finish Mon May  2 22:09:57 2022
imb F 13% pme/F 0.34 step 44826400, will finish Mon May  2 22:10:46 2022
step 44826500, will finish Mon May  2 22:10:39 2022
step 44826600, will finish Mon May  2 22:10:31 2022
step 44826700, will finish Mon May  2 22:10:24 2022
imb F 26% pme/F 0.27 step 44826800, will finish Mon May  2 22:10:30 2022
step 44826900, will finish Mon May  2 22:12:25 2022
step 44827000, will finish Mon May  2 22:12:17 2022
step 44827100, will finish Mon May  2 22:12:10 2022
imb F 41% pme/F 0.25 step 44827200, will finish Mon May  2 22:12:16 2022
step 44827300, will finish Mon May  2 22:12:09 2022
step 44827400, will finish Mon May  2 22:12:02 2022
step 44827500, will finish Mon May  2 22:11:55 2022
imb F 19% pme/F 0.36 step 44827600, will finish Mon May  2 22:11:48 2022
step 44827700, will finish Mon May  2 22:11:41 2022
step 44827800, will finish Mon May  2 22:11:33 2022
step 44827900, will finish Mon May  2 22:11:26 2022
imb F 40% pme/F 0.38 step 44828000, will finish Mon May  2 22:11:19 2022
step 44828100, will finish Mon May  2 22:11:11 2022
step 44828200, will finish Mon May  2 22:11:04 2022
step 44828300, will finish Mon May  2 22:11:40 2022
imb F 92% pme/F 0.24 step 44828400, will finish Mon May  2 22:11:33 2022
step 44828500, will finish Mon May  2 22:12:09 2022
step 44828600, will finish Mon May  2 22:12:01 2022
step 44828700, will finish Mon May  2 22:11:54 2022
imb F  5% pme/F 0.46 step 44828800, will finish Mon May  2 22:11:45 2022
step 44828900, will finish Mon May  2 22:11:38 2022
step 44829000, will finish Mon May  2 22:11:31 2022
step 44829100, will finish Mon May  2 22:11:23 2022
imb F 35% pme/F 0.34 step 44829200, will finish Mon May  2 22:11:16 2022
step 44829300, will finish Mon May  2 22:11:27 2022
step 44829400, will finish Mon May  2 22:11:20 2022
step 44829500, will finish Mon May  2 22:11:26 2022
imb F 80% pme/F 0.25 step 44829600, will finish Mon May  2 22:11:19 2022
step 44829700, will finish Mon May  2 22:11:11 2022
step 44829800, will finish Mon May  2 22:11:29 2022
step 44829900, will finish Mon May  2 22:11:22 2022
imb F 36% pme/F 0.30 step 44830000, will finish Mon May  2 22:11:15 2022
step 44830100, will finish Mon May  2 22:11:07 2022
step 44830200, will finish Mon May  2 22:11:37 2022
step 44830300, will finish Mon May  2 22:11:30 2022
imb F 25% pme/F 0.37 step 44830400, will finish Mon May  2 22:11:23 2022
step 44830500, will finish Mon May  2 22:12:10 2022
step 44830600, will finish Mon May  2 22:12:04 2022
step 44830700, will finish Mon May  2 22:12:03 2022
imb F 85% pme/F 0.34 step 44830800, will finish Mon May  2 22:11:56 2022
step 44830900, will finish Mon May  2 22:11:49 2022
step 44831000, will finish Mon May  2 22:11:41 2022
step 44831100, will finish Mon May  2 22:11:34 2022
imb F  4% pme/F 0.48 step 44831200, will finish Mon May  2 22:11:26 2022
step 44831300, will finish Mon May  2 22:11:19 2022
step 44831400, will finish Mon May  2 22:11:11 2022
step 44831500, will finish Mon May  2 22:11:04 2022
imb F 49% pme/F 0.37 step 44831600, will finish Mon May  2 22:10:57 2022
step 44831700, will finish Mon May  2 22:10:49 2022
step 44831800, will finish Mon May  2 22:10:42 2022
step 44831900, will finish Mon May  2 22:10:35 2022
imb F 69% pme/F 0.29 step 44832000, will finish Mon May  2 22:10:28 2022
step 44832100, will finish Mon May  2 22:10:20 2022
step 44832200, will finish Mon May  2 22:10:38 2022
step 44832300, will finish Mon May  2 22:10:31 2022
imb F 14% pme/F 0.29 step 44832400, will finish Mon May  2 22:11:37 2022
step 44832500, will finish Mon May  2 22:11:30 2022
step 44832600, will finish Mon May  2 22:11:23 2022
step 44832700, will finish Mon May  2 22:11:15 2022
imb F 37% pme/F 0.26 step 44832800, will finish Mon May  2 22:11:08 2022
step 44832900, will finish Mon May  2 22:11:01 2022
step 44833000, will finish Mon May  2 22:10:54 2022
step 44833100, will finish Mon May  2 22:10:47 2022
imb F 95% pme/F 0.25 step 44833200, will finish Mon May  2 22:10:40 2022
step 44833300, will finish Mon May  2 22:10:33 2022
step 44833400, will finish Mon May  2 22:10:25 2022
step 44833500, will finish Mon May  2 22:10:18 2022
imb F 17% pme/F 0.35 step 44833600, will finish Mon May  2 22:10:10 2022
step 44833700, will finish Mon May  2 22:10:03 2022
step 44833800, will finish Mon May  2 22:09:57 2022
step 44833900, will finish Mon May  2 22:09:50 2022
imb F 11% pme/F 0.26 step 44834000, will finish Mon May  2 22:10:32 2022
step 44834100, will finish Mon May  2 22:10:25 2022
step 44834200, will finish Mon May  2 22:10:18 2022
step 44834300, will finish Mon May  2 22:10:47 2022
imb F  2% pme/F 0.35 step 44834400, will finish Mon May  2 22:10:40 2022
step 44834500, will finish Mon May  2 22:11:03 2022
step 44834600, will finish Mon May  2 22:10:56 2022
step 44834700, will finish Mon May  2 22:10:56 2022
imb F 60% pme/F 0.29 step 44834800, will finish Mon May  2 22:10:49 2022
step 44834900, will finish Mon May  2 22:10:43 2022
step 44835000, will finish Mon May  2 22:10:36 2022
step 44835100, will finish Mon May  2 22:10:54 2022
imb F 63% pme/F 0.36 step 44835200, will finish Mon May  2 22:10:47 2022
step 44835300, will finish Mon May  2 22:10:53 2022
step 44835400, will finish Mon May  2 22:10:46 2022
step 44835500, will finish Mon May  2 22:10:39 2022
imb F 87% pme/F 0.26 step 44835600, will finish Mon May  2 22:10:33 2022
step 44835700, will finish Mon May  2 22:11:08 2022
step 44835800, will finish Mon May  2 22:11:14 2022
step 44835900, will finish Mon May  2 22:11:14 2022
imb F 50% pme/F 0.28 step 44836000, will finish Mon May  2 22:11:07 2022
step 44836100, will finish Mon May  2 22:10:59 2022
step 44836200, will finish Mon May  2 22:10:52 2022
step 44836300, will finish Mon May  2 22:10:45 2022
imb F 20% pme/F 0.16 step 44836400, will finish Mon May  2 22:10:44 2022
step 44836500, will finish Mon May  2 22:10:38 2022
step 44836600, will finish Mon May  2 22:10:31 2022
step 44836700, will finish Mon May  2 22:10:25 2022
imb F  3% pme/F 0.40 step 44836800, will finish Mon May  2 22:10:19 2022
step 44836900, will finish Mon May  2 22:10:12 2022
step 44837000, will finish Mon May  2 22:10:04 2022
step 44837100, will finish Mon May  2 22:09:57 2022
imb F 21% pme/F 0.12 step 44837200, will finish Mon May  2 22:10:03 2022
step 44837300, will finish Mon May  2 22:09:56 2022
step 44837400, will finish Mon May  2 22:10:01 2022
step 44837500, will finish Mon May  2 22:09:53 2022
imb F 15% pme/F 0.25 step 44837600, will finish Mon May  2 22:09:48 2022
step 44837700, will finish Mon May  2 22:09:41 2022
step 44837800, will finish Mon May  2 22:09:55 2022
step 44837900, will finish Mon May  2 22:09:52 2022
imb F 40% pme/F 0.32 step 44838000, will finish Mon May  2 22:09:45 2022
step 44838100, will finish Mon May  2 22:09:38 2022
step 44838200, will finish Mon May  2 22:09:31 2022
step 44838300, will finish Mon May  2 22:09:23 2022
imb F 73% pme/F 0.37 step 44838400, will finish Mon May  2 22:09:17 2022
step 44838500, will finish Mon May  2 22:09:40 2022
step 44838600, will finish Mon May  2 22:09:33 2022
step 44838700, will finish Mon May  2 22:09:26 2022
imb F 45% pme/F 0.55 step 44838800, will finish Mon May  2 22:09:19 2022
step 44838900, will finish Mon May  2 22:09:12 2022
step 44839000, will finish Mon May  2 22:09:04 2022
step 44839100, will finish Mon May  2 22:08:57 2022
imb F 19% pme/F 0.47 step 44839200, will finish Mon May  2 22:09:09 2022
step 44839300, will finish Mon May  2 22:09:25 2022
step 44839400, will finish Mon May  2 22:09:18 2022
step 44839500, will finish Mon May  2 22:09:10 2022
imb F  9% pme/F 0.31 step 44839600, will finish Mon May  2 22:09:04 2022
step 44839700, will finish Mon May  2 22:08:57 2022
step 44839800, will finish Mon May  2 22:08:49 2022
step 44839900, will finish Mon May  2 22:08:43 2022
imb F 17% pme/F 0.37 step 44840000, will finish Mon May  2 22:08:49 2022
step 44840100, will finish Mon May  2 22:08:42 2022
step 44840200, will finish Mon May  2 22:08:35 2022
step 44840300, will finish Mon May  2 22:08:28 2022
imb F  4% pme/F 0.45 step 44840400, will finish Mon May  2 22:08:20 2022
step 44840500, will finish Mon May  2 22:08:13 2022
step 44840600, will finish Mon May  2 22:08:06 2022
step 44840700, will finish Mon May  2 22:07:59 2022
imb F 87% pme/F 0.25 step 44840800, will finish Mon May  2 22:07:52 2022
step 44840900, will finish Mon May  2 22:07:50 2022
step 44841000, will finish Mon May  2 22:07:42 2022
step 44841100, will finish Mon May  2 22:07:35 2022
imb F 28% pme/F 0.42 step 44841200, will finish Mon May  2 22:07:28 2022
step 44841300, will finish Mon May  2 22:07:21 2022
step 44841400, will finish Mon May  2 22:07:14 2022
step 44841500, will finish Mon May  2 22:07:07 2022
imb F 24% pme/F 0.26 step 44841600, will finish Mon May  2 22:07:01 2022
step 44841700, will finish Mon May  2 22:06:53 2022
step 44841800, will finish Mon May  2 22:06:46 2022
step 44841900, will finish Mon May  2 22:07:03 2022
imb F 96% pme/F 0.26 step 44842000, will finish Mon May  2 22:06:56 2022
step 44842100, will finish Mon May  2 22:06:49 2022
step 44842200, will finish Mon May  2 22:06:42 2022
step 44842300, will finish Mon May  2 22:06:35 2022
imb F  4% pme/F 0.59 step 44842400, will finish Mon May  2 22:06:27 2022
step 44842500, will finish Mon May  2 22:06:20 2022
step 44842600, will finish Mon May  2 22:06:14 2022
step 44842700, will finish Mon May  2 22:06:06 2022
imb F 74% pme/F 0.24 step 44842800, will finish Mon May  2 22:06:00 2022
step 44842900, will finish Mon May  2 22:05:52 2022
step 44843000, will finish Mon May  2 22:05:45 2022
step 44843100, will finish Mon May  2 22:05:38 2022
imb F 17% pme/F 0.19 step 44843200, will finish Mon May  2 22:05:43 2022
step 44843300, will finish Mon May  2 22:05:37 2022
step 44843400, will finish Mon May  2 22:05:37 2022
step 44843500, will finish Mon May  2 22:05:30 2022
imb F 17% pme/F 0.07 step 44843600, will finish Mon May  2 22:05:41 2022
step 44843700, will finish Mon May  2 22:05:35 2022
step 44843800, will finish Mon May  2 22:05:41 2022
step 44843900, will finish Mon May  2 22:05:34 2022
imb F 41% pme/F 0.30 step 44844000, will finish Mon May  2 22:05:28 2022
step 44844100, will finish Mon May  2 22:05:22 2022
step 44844200, will finish Mon May  2 22:05:14 2022
step 44844300, will finish Mon May  2 22:05:07 2022
imb F 15% pme/F 0.23 step 44844400, will finish Mon May  2 22:05:35 2022
step 44844500, will finish Mon May  2 22:05:29 2022
step 44844600, will finish Mon May  2 22:05:22 2022
step 44844700, will finish Mon May  2 22:05:32 2022
imb F 67% pme/F 0.34 step 44844800, will finish Mon May  2 22:05:25 2022
step 44844900, will finish Mon May  2 22:05:19 2022
step 44845000, will finish Mon May  2 22:05:17 2022
step 44845100, will finish Mon May  2 22:05:10 2022
imb F  5% pme/F 0.45 step 44845200, will finish Mon May  2 22:05:03 2022
step 44845300, will finish Mon May  2 22:04:56 2022
step 44845400, will finish Mon May  2 22:04:50 2022
step 44845500, will finish Mon May  2 22:04:43 2022
imb F 81% pme/F 0.45 step 44845600, will finish Mon May  2 22:04:37 2022
step 44845700, will finish Mon May  2 22:04:30 2022
step 44845800, will finish Mon May  2 22:04:24 2022
step 44845900, will finish Mon May  2 22:04:16 2022
imb F 77% pme/F 0.24 step 44846000, will finish Mon May  2 22:04:10 2022
step 44846100, will finish Mon May  2 22:05:02 2022
step 44846200, will finish Mon May  2 22:04:55 2022
step 44846300, will finish Mon May  2 22:04:53 2022
imb F 16% pme/F 0.22 step 44846400, will finish Mon May  2 22:05:21 2022
step 44846500, will finish Mon May  2 22:05:13 2022
step 44846600, will finish Mon May  2 22:05:07 2022
step 44846700, will finish Mon May  2 22:05:00 2022
imb F 49% pme/F 0.33 step 44846800, will finish Mon May  2 22:04:53 2022
step 44846900, will finish Mon May  2 22:04:53 2022
step 44847000, will finish Mon May  2 22:04:46 2022
step 44847100, will finish Mon May  2 22:05:33 2022
imb F 52% pme/F 0.30 step 44847200, will finish Mon May  2 22:05:26 2022
step 44847300, will finish Mon May  2 22:05:26 2022
step 44847400, will finish Mon May  2 22:05:19 2022
step 44847500, will finish Mon May  2 22:05:12 2022
imb F 12% pme/F 0.36 step 44847600, will finish Mon May  2 22:05:05 2022
step 44847700, will finish Mon May  2 22:04:58 2022
step 44847800, will finish Mon May  2 22:04:52 2022
step 44847900, will finish Mon May  2 22:04:45 2022
imb F 30% pme/F 0.41 step 44848000, will finish Mon May  2 22:04:40 2022
step 44848100, will finish Mon May  2 22:05:00 2022
step 44848200, will finish Mon May  2 22:04:53 2022
step 44848300, will finish Mon May  2 22:05:27 2022
imb F 65% pme/F 0.29 step 44848400, will finish Mon May  2 22:05:31 2022
step 44848500, will finish Mon May  2 22:05:25 2022
step 44848600, will finish Mon May  2 22:05:52 2022
step 44848700, will finish Mon May  2 22:06:13 2022
imb F 65% pme/F 0.29 step 44848800, will finish Mon May  2 22:06:06 2022
step 44848900, will finish Mon May  2 22:06:17 2022
step 44849000, will finish Mon May  2 22:06:44 2022
step 44849100, will finish Mon May  2 22:06:37 2022
imb F 70% pme/F 0.29 step 44849200, will finish Mon May  2 22:06:30 2022
step 44849300, will finish Mon May  2 22:06:23 2022
step 44849400, will finish Mon May  2 22:06:17 2022
step 44849500, will finish Mon May  2 22:06:15 2022
imb F 62% pme/F 0.24 step 44849600, will finish Mon May  2 22:06:08 2022
step 44849700, will finish Mon May  2 22:06:01 2022
step 44849800, will finish Mon May  2 22:06:17 2022
step 44849900, will finish Mon May  2 22:06:10 2022
imb F 71% pme/F 0.22 step 44850000, will finish Mon May  2 22:06:04 2022
step 44850100, will finish Mon May  2 22:05:57 2022
step 44850200, will finish Mon May  2 22:05:50 2022
step 44850300, will finish Mon May  2 22:05:43 2022
imb F 40% pme/F 0.36 step 44850400, will finish Mon May  2 22:05:36 2022
step 44850500, will finish Mon May  2 22:06:05 2022
step 44850600, will finish Mon May  2 22:05:58 2022
step 44850700, will finish Mon May  2 22:05:51 2022
imb F 30% pme/F 0.42 step 44850800, will finish Mon May  2 22:06:00 2022
step 44850900, will finish Mon May  2 22:05:54 2022
step 44851000, will finish Mon May  2 22:05:53 2022
step 44851100, will finish Mon May  2 22:05:47 2022
imb F 19% pme/F 0.18 step 44851200, will finish Mon May  2 22:05:52 2022
step 44851300, will finish Mon May  2 22:05:46 2022
step 44851400, will finish Mon May  2 22:05:58 2022
step 44851500, will finish Mon May  2 22:05:51 2022
imb F 10% pme/F 0.21 step 44851600, will finish Mon May  2 22:06:03 2022
step 44851700, will finish Mon May  2 22:06:57 2022
step 44851800, will finish Mon May  2 22:06:50 2022
step 44851900, will finish Mon May  2 22:06:43 2022
imb F 15% pme/F 0.42 step 44852000, will finish Mon May  2 22:06:36 2022
step 44852100, will finish Mon May  2 22:06:29 2022
step 44852200, will finish Mon May  2 22:06:31 2022
step 44852300, will finish Mon May  2 22:06:37 2022
imb F 69% pme/F 0.25 step 44852400, will finish Mon May  2 22:06:31 2022
step 44852500, will finish Mon May  2 22:06:35 2022
step 44852600, will finish Mon May  2 22:07:02 2022
step 44852700, will finish Mon May  2 22:07:11 2022
imb F 61% pme/F 0.45 step 44852800, will finish Mon May  2 22:07:04 2022
step 44852900, will finish Mon May  2 22:06:57 2022
step 44853000, will finish Mon May  2 22:07:13 2022
step 44853100, will finish Mon May  2 22:07:06 2022
imb F 68% pme/F 0.32 step 44853200, will finish Mon May  2 22:07:00 2022
step 44853300, will finish Mon May  2 22:06:53 2022
step 44853400, will finish Mon May  2 22:06:46 2022
step 44853500, will finish Mon May  2 22:06:40 2022
imb F 78% pme/F 0.26 step 44853600, will finish Mon May  2 22:06:33 2022
step 44853700, will finish Mon May  2 22:07:11 2022
step 44853800, will finish Mon May  2 22:07:04 2022
step 44853900, will finish Mon May  2 22:06:57 2022
imb F 11% pme/F 0.12 step 44854000, will finish Mon May  2 22:07:42 2022
step 44854100, will finish Mon May  2 22:07:36 2022
step 44854200, will finish Mon May  2 22:07:47 2022
step 44854300, will finish Mon May  2 22:07:40 2022
imb F 87% pme/F 0.36 step 44854400, will finish Mon May  2 22:07:34 2022
step 44854500, will finish Mon May  2 22:07:28 2022
step 44854600, will finish Mon May  2 22:07:21 2022
step 44854700, will finish Mon May  2 22:07:59 2022
imb F 13% pme/F 0.19 step 44854800, will finish Mon May  2 22:09:17 2022
step 44854900, will finish Mon May  2 22:09:31 2022
step 44855000, will finish Mon May  2 22:09:25 2022
step 44855100, will finish Mon May  2 22:09:18 2022
imb F 48% pme/F 0.29 step 44855200, will finish Mon May  2 22:09:12 2022
step 44855300, will finish Mon May  2 22:09:05 2022
step 44855400, will finish Mon May  2 22:08:58 2022
step 44855500, will finish Mon May  2 22:08:52 2022
imb F 23% pme/F 0.07 step 44855600, will finish Mon May  2 22:09:19 2022
step 44855700, will finish Mon May  2 22:09:13 2022
step 44855800, will finish Mon May  2 22:09:06 2022
step 44855900, will finish Mon May  2 22:08:59 2022
imb F 65% pme/F 0.30 step 44856000, will finish Mon May  2 22:08:52 2022
step 44856100, will finish Mon May  2 22:08:46 2022
step 44856200, will finish Mon May  2 22:08:39 2022
step 44856300, will finish Mon May  2 22:09:06 2022
imb F  9% pme/F 0.30 step 44856400, will finish Mon May  2 22:09:00 2022
step 44856500, will finish Mon May  2 22:08:53 2022
step 44856600, will finish Mon May  2 22:09:25 2022
step 44856700, will finish Mon May  2 22:09:18 2022
imb F 13% pme/F 0.13 step 44856800, will finish Mon May  2 22:09:23 2022
step 44856900, will finish Mon May  2 22:09:17 2022
step 44857000, will finish Mon May  2 22:09:10 2022
step 44857100, will finish Mon May  2 22:09:21 2022
imb F 78% pme/F 0.30 step 44857200, will finish Mon May  2 22:09:14 2022
step 44857300, will finish Mon May  2 22:09:13 2022
step 44857400, will finish Mon May  2 22:09:07 2022
step 44857500, will finish Mon May  2 22:09:45 2022
imb F 29% pme/F 0.39 step 44857600, will finish Mon May  2 22:09:45 2022
step 44857700, will finish Mon May  2 22:09:38 2022
step 44857800, will finish Mon May  2 22:09:32 2022
step 44857900, will finish Mon May  2 22:09:25 2022
imb F  7% pme/F 0.46 step 44858000, will finish Mon May  2 22:09:18 2022
step 44858100, will finish Mon May  2 22:09:11 2022
step 44858200, will finish Mon May  2 22:09:17 2022
step 44858300, will finish Mon May  2 22:09:15 2022
imb F 94% pme/F 0.24 step 44858400, will finish Mon May  2 22:09:09 2022
step 44858500, will finish Mon May  2 22:09:14 2022
step 44858600, will finish Mon May  2 22:09:07 2022
step 44858700, will finish Mon May  2 22:09:00 2022
imb F 74% pme/F 0.26 step 44858800, will finish Mon May  2 22:08:54 2022
step 44858900, will finish Mon May  2 22:08:53 2022
step 44859000, will finish Mon May  2 22:08:47 2022
step 44859100, will finish Mon May  2 22:08:40 2022
imb F  3% pme/F 0.32 step 44859200, will finish Mon May  2 22:08:33 2022
step 44859300, will finish Mon May  2 22:08:27 2022
step 44859400, will finish Mon May  2 22:08:54 2022
step 44859500, will finish Mon May  2 22:08:48 2022
imb F 17% pme/F 0.07 step 44859600, will finish Mon May  2 22:09:21 2022
step 44859700, will finish Mon May  2 22:09:14 2022
step 44859800, will finish Mon May  2 22:09:08 2022
step 44859900, will finish Mon May  2 22:09:46 2022
imb F 83% pme/F 0.26 step 44860000, will finish Mon May  2 22:09:40 2022
step 44860100, will finish Mon May  2 22:09:33 2022
step 44860200, will finish Mon May  2 22:09:26 2022
step 44860300, will finish Mon May  2 22:09:20 2022
imb F 18% pme/F 0.14 step 44860400, will finish Mon May  2 22:09:23 2022
step 44860500, will finish Mon May  2 22:09:17 2022
step 44860600, will finish Mon May  2 22:09:10 2022
step 44860700, will finish Mon May  2 22:09:42 2022
imb F 89% pme/F 0.26 step 44860800, will finish Mon May  2 22:09:35 2022
step 44860900, will finish Mon May  2 22:09:29 2022
step 44861000, will finish Mon May  2 22:09:22 2022
step 44861100, will finish Mon May  2 22:09:15 2022
imb F 15% pme/F 0.50 step 44861200, will finish Mon May  2 22:09:25 2022
step 44861300, will finish Mon May  2 22:09:18 2022
step 44861400, will finish Mon May  2 22:09:40 2022
step 44861500, will finish Mon May  2 22:09:45 2022
imb F 80% pme/F 0.34 step 44861600, will finish Mon May  2 22:09:38 2022
step 44861700, will finish Mon May  2 22:09:54 2022
step 44861800, will finish Mon May  2 22:09:48 2022
step 44861900, will finish Mon May  2 22:10:02 2022
imb F 10% pme/F 0.26 step 44862000, will finish Mon May  2 22:10:52 2022
step 44862100, will finish Mon May  2 22:10:45 2022
step 44862200, will finish Mon May  2 22:10:38 2022
step 44862300, will finish Mon May  2 22:11:21 2022
imb F 76% pme/F 0.25 step 44862400, will finish Mon May  2 22:11:14 2022
step 44862500, will finish Mon May  2 22:11:08 2022
step 44862600, will finish Mon May  2 22:11:01 2022
step 44862700, will finish Mon May  2 22:10:54 2022
imb F 30% pme/F 0.35 step 44862800, will finish Mon May  2 22:10:54 2022
step 44862900, will finish Mon May  2 22:10:47 2022
step 44863000, will finish Mon May  2 22:10:42 2022
step 44863100, will finish Mon May  2 22:10:35 2022
imb F 14% pme/F 0.16 step 44863200, will finish Mon May  2 22:11:28 2022
step 44863300, will finish Mon May  2 22:11:24 2022
step 44863400, will finish Mon May  2 22:11:17 2022
step 44863500, will finish Mon May  2 22:11:22 2022
imb F 91% pme/F 0.33 step 44863600, will finish Mon May  2 22:11:16 2022
step 44863700, will finish Mon May  2 22:11:10 2022
step 44863800, will finish Mon May  2 22:11:03 2022
step 44863900, will finish Mon May  2 22:10:57 2022
imb F 67% pme/F 0.28 step 44864000, will finish Mon May  2 22:10:50 2022
step 44864100, will finish Mon May  2 22:10:43 2022
step 44864200, will finish Mon May  2 22:10:37 2022
step 44864300, will finish Mon May  2 22:10:46 2022
imb F 59% pme/F 0.25 step 44864400, will finish Mon May  2 22:10:41 2022
step 44864500, will finish Mon May  2 22:10:41 2022
step 44864600, will finish Mon May  2 22:10:56 2022
step 44864700, will finish Mon May  2 22:10:49 2022
imb F 22% pme/F 0.17 step 44864800, will finish Mon May  2 22:11:14 2022
step 44864900, will finish Mon May  2 22:11:25 2022
step 44865000, will finish Mon May  2 22:11:18 2022
step 44865100, will finish Mon May  2 22:11:23 2022
imb F 69% pme/F 0.28 step 44865200, will finish Mon May  2 22:11:17 2022
step 44865300, will finish Mon May  2 22:11:10 2022
step 44865400, will finish Mon May  2 22:11:04 2022
step 44865500, will finish Mon May  2 22:10:57 2022
imb F 16% pme/F 0.29 step 44865600, will finish Mon May  2 22:11:33 2022
step 44865700, will finish Mon May  2 22:11:49 2022
step 44865800, will finish Mon May  2 22:11:43 2022
step 44865900, will finish Mon May  2 22:12:03 2022
imb F 22% pme/F 0.26 step 44866000, will finish Mon May  2 22:12:08 2022
step 44866100, will finish Mon May  2 22:12:01 2022
step 44866200, will finish Mon May  2 22:12:28 2022
step 44866300, will finish Mon May  2 22:12:21 2022
imb F 66% pme/F 0.21 step 44866400, will finish Mon May  2 22:12:19 2022
step 44866500, will finish Mon May  2 22:12:31 2022
step 44866600, will finish Mon May  2 22:12:24 2022
step 44866700, will finish Mon May  2 22:12:17 2022
imb F 66% pme/F 0.25 step 44866800, will finish Mon May  2 22:12:11 2022
step 44866900, will finish Mon May  2 22:12:10 2022
step 44867000, will finish Mon May  2 22:12:04 2022
step 44867100, will finish Mon May  2 22:11:57 2022
imb F 42% pme/F 0.44 step 44867200, will finish Mon May  2 22:11:50 2022
step 44867300, will finish Mon May  2 22:11:44 2022
step 44867400, will finish Mon May  2 22:12:00 2022
step 44867500, will finish Mon May  2 22:11:53 2022
imb F 26% pme/F 0.35 step 44867600, will finish Mon May  2 22:11:47 2022
step 44867700, will finish Mon May  2 22:12:07 2022
step 44867800, will finish Mon May  2 22:12:00 2022
step 44867900, will finish Mon May  2 22:11:53 2022
imb F 72% pme/F 0.29 step 44868000, will finish Mon May  2 22:11:46 2022
step 44868100, will finish Mon May  2 22:11:40 2022
step 44868200, will finish Mon May  2 22:12:40 2022
step 44868300, will finish Mon May  2 22:12:34 2022
imb F 24% pme/F 0.36 step 44868400, will finish Mon May  2 22:12:27 2022
step 44868500, will finish Mon May  2 22:12:21 2022
step 44868600, will finish Mon May  2 22:12:36 2022
step 44868700, will finish Mon May  2 22:13:08 2022
imb F 69% pme/F 0.37 step 44868800, will finish Mon May  2 22:13:02 2022
step 44868900, will finish Mon May  2 22:12:56 2022
step 44869000, will finish Mon May  2 22:12:49 2022
step 44869100, will finish Mon May  2 22:13:10 2022
imb F 59% pme/F 0.34 step 44869200, will finish Mon May  2 22:13:15 2022
step 44869300, will finish Mon May  2 22:13:08 2022
step 44869400, will finish Mon May  2 22:13:02 2022
step 44869500, will finish Mon May  2 22:12:55 2022
imb F 17% pme/F 0.35 step 44869600, will finish Mon May  2 22:13:11 2022
step 44869700, will finish Mon May  2 22:13:05 2022
step 44869800, will finish Mon May  2 22:12:59 2022
step 44869900, will finish Mon May  2 22:12:53 2022
imb F 42% pme/F 0.35 step 44870000, will finish Mon May  2 22:12:46 2022
step 44870100, will finish Mon May  2 22:12:39 2022
step 44870200, will finish Mon May  2 22:12:33 2022
step 44870300, will finish Mon May  2 22:12:54 2022
imb F 91% pme/F 0.25 step 44870400, will finish Mon May  2 22:12:48 2022
step 44870500, will finish Mon May  2 22:12:41 2022
step 44870600, will finish Mon May  2 22:12:35 2022
step 44870700, will finish Mon May  2 22:13:07 2022
imb F 48% pme/F 0.43 step 44870800, will finish Mon May  2 22:13:01 2022
step 44870900, will finish Mon May  2 22:12:54 2022
step 44871000, will finish Mon May  2 22:12:48 2022
step 44871100, will finish Mon May  2 22:12:42 2022
imb F 19% pme/F 0.35 step 44871200, will finish Mon May  2 22:12:58 2022
step 44871300, will finish Mon May  2 22:12:51 2022
step 44871400, will finish Mon May  2 22:12:44 2022
step 44871500, will finish Mon May  2 22:12:38 2022
imb F 29% pme/F 0.25 step 44871600, will finish Mon May  2 22:12:37 2022
step 44871700, will finish Mon May  2 22:13:08 2022
step 44871800, will finish Mon May  2 22:13:01 2022
step 44871900, will finish Mon May  2 22:12:55 2022
imb F 67% pme/F 0.23 step 44872000, will finish Mon May  2 22:12:49 2022
step 44872100, will finish Mon May  2 22:12:42 2022
step 44872200, will finish Mon May  2 22:12:43 2022
step 44872300, will finish Mon May  2 22:12:36 2022
imb F 106% pme/F 0.31 step 44872400, will finish Mon May  2 22:12:31 2022
step 44872500, will finish Mon May  2 22:12:32 2022
step 44872600, will finish Mon May  2 22:12:34 2022
step 44872700, will finish Mon May  2 22:12:28 2022
imb F 18% pme/F 0.20 step 44872800, will finish Mon May  2 22:12:47 2022
step 44872900, will finish Mon May  2 22:12:41 2022
step 44873000, will finish Mon May  2 22:12:34 2022
step 44873100, will finish Mon May  2 22:12:33 2022
imb F 100% pme/F 0.23 step 44873200, will finish Mon May  2 22:12:27 2022
step 44873300, will finish Mon May  2 22:13:11 2022
step 44873400, will finish Mon May  2 22:13:19 2022
step 44873500, will finish Mon May  2 22:13:13 2022
imb F 15% pme/F 0.38 step 44873600, will finish Mon May  2 22:13:06 2022
step 44873700, will finish Mon May  2 22:13:00 2022
step 44873800, will finish Mon May  2 22:12:53 2022
step 44873900, will finish Mon May  2 22:12:47 2022
imb F 27% pme/F 0.40 step 44874000, will finish Mon May  2 22:12:49 2022
step 44874100, will finish Mon May  2 22:13:39 2022
step 44874200, will finish Mon May  2 22:13:32 2022
step 44874300, will finish Mon May  2 22:13:26 2022
imb F 15% pme/F 0.36 step 44874400, will finish Mon May  2 22:13:45 2022
step 44874500, will finish Mon May  2 22:13:39 2022
step 44874600, will finish Mon May  2 22:13:33 2022
step 44874700, will finish Mon May  2 22:13:26 2022
imb F 11% pme/F 0.30 step 44874800, will finish Mon May  2 22:13:20 2022
step 44874900, will finish Mon May  2 22:13:13 2022
step 44875000, will finish Mon May  2 22:13:07 2022
step 44875100, will finish Mon May  2 22:13:01 2022
imb F 11% pme/F 0.24 step 44875200, will finish Mon May  2 22:12:54 2022
step 44875300, will finish Mon May  2 22:12:48 2022
step 44875400, will finish Mon May  2 22:12:41 2022
step 44875500, will finish Mon May  2 22:12:35 2022
imb F 18% pme/F 0.25 step 44875600, will finish Mon May  2 22:12:56 2022
step 44875700, will finish Mon May  2 22:12:49 2022
step 44875800, will finish Mon May  2 22:12:43 2022
step 44875900, will finish Mon May  2 22:12:36 2022
imb F 75% pme/F 0.28 step 44876000, will finish Mon May  2 22:12:30 2022
step 44876100, will finish Mon May  2 22:12:23 2022
step 44876200, will finish Mon May  2 22:12:17 2022
step 44876300, will finish Mon May  2 22:12:27 2022
imb F 85% pme/F 0.24 step 44876400, will finish Mon May  2 22:12:20 2022
step 44876500, will finish Mon May  2 22:12:19 2022
step 44876600, will finish Mon May  2 22:12:13 2022
step 44876700, will finish Mon May  2 22:12:07 2022
imb F  5% pme/F 0.35 step 44876800, will finish Mon May  2 22:12:00 2022
step 44876900, will finish Mon May  2 22:11:54 2022
step 44877000, will finish Mon May  2 22:11:48 2022
step 44877100, will finish Mon May  2 22:11:41 2022
imb F 25% pme/F 0.26 step 44877200, will finish Mon May  2 22:11:46 2022
step 44877300, will finish Mon May  2 22:11:40 2022
step 44877400, will finish Mon May  2 22:11:34 2022
step 44877500, will finish Mon May  2 22:11:27 2022
imb F 36% pme/F 0.35 step 44877600, will finish Mon May  2 22:11:21 2022
step 44877700, will finish Mon May  2 22:11:14 2022
step 44877800, will finish Mon May  2 22:11:08 2022
step 44877900, will finish Mon May  2 22:11:01 2022
imb F 76% pme/F 0.24 step 44878000, will finish Mon May  2 22:10:55 2022
step 44878100, will finish Mon May  2 22:10:49 2022
step 44878200, will finish Mon May  2 22:10:59 2022
step 44878300, will finish Mon May  2 22:10:52 2022
imb F 42% pme/F 0.31 step 44878400, will finish Mon May  2 22:10:47 2022
step 44878500, will finish Mon May  2 22:10:41 2022
step 44878600, will finish Mon May  2 22:10:46 2022
step 44878700, will finish Mon May  2 22:10:40 2022
imb F 56% pme/F 0.30 step 44878800, will finish Mon May  2 22:10:34 2022
step 44878900, will finish Mon May  2 22:10:28 2022
step 44879000, will finish Mon May  2 22:10:59 2022
step 44879100, will finish Mon May  2 22:10:53 2022
imb F 58% pme/F 0.30 step 44879200, will finish Mon May  2 22:10:46 2022
step 44879300, will finish Mon May  2 22:10:40 2022
step 44879400, will finish Mon May  2 22:10:34 2022
step 44879500, will finish Mon May  2 22:11:20 2022
imb F 15% pme/F 0.30 step 44879600, will finish Mon May  2 22:12:33 2022
step 44879700, will finish Mon May  2 22:12:27 2022
step 44879800, will finish Mon May  2 22:12:21 2022
step 44879900, will finish Mon May  2 22:12:45 2022
imb F 39% pme/F 0.29 step 44880000, will finish Mon May  2 22:12:40 2022
step 44880100, will finish Mon May  2 22:12:51 2022
step 44880200, will finish Mon May  2 22:12:44 2022
step 44880300, will finish Mon May  2 22:12:38 2022
imb F 48% pme/F 0.34 step 44880400, will finish Mon May  2 22:12:32 2022
step 44880500, will finish Mon May  2 22:12:53 2022
step 44880600, will finish Mon May  2 22:14:19 2022
step 44880700, will finish Mon May  2 22:14:47 2022
imb F 84% pme/F 0.25 step 44880800, will finish Mon May  2 22:14:41 2022
step 44880900, will finish Mon May  2 22:14:56 2022
step 44881000, will finish Mon May  2 22:14:50 2022
step 44881100, will finish Mon May  2 22:14:54 2022
imb F 91% pme/F 0.24 step 44881200, will finish Mon May  2 22:14:48 2022
step 44881300, will finish Mon May  2 22:14:42 2022
step 44881400, will finish Mon May  2 22:14:35 2022
step 44881500, will finish Mon May  2 22:14:29 2022
imb F 22% pme/F 0.36 step 44881600, will finish Mon May  2 22:14:22 2022
step 44881700, will finish Mon May  2 22:14:16 2022
step 44881800, will finish Mon May  2 22:14:15 2022
step 44881900, will finish Mon May  2 22:14:09 2022
imb F 88% pme/F 0.26 step 44882000, will finish Mon May  2 22:14:03 2022
step 44882100, will finish Mon May  2 22:13:56 2022
step 44882200, will finish Mon May  2 22:13:50 2022
step 44882300, will finish Mon May  2 22:14:16 2022
imb F 45% pme/F 0.29 step 44882400, will finish Mon May  2 22:14:09 2022
step 44882500, will finish Mon May  2 22:14:03 2022
step 44882600, will finish Mon May  2 22:13:57 2022
step 44882700, will finish Mon May  2 22:13:51 2022
imb F 52% pme/F 0.32 step 44882800, will finish Mon May  2 22:13:55 2022
step 44882900, will finish Mon May  2 22:13:48 2022
step 44883000, will finish Mon May  2 22:13:42 2022
step 44883100, will finish Mon May  2 22:13:35 2022
imb F 71% pme/F 0.27 step 44883200, will finish Mon May  2 22:13:29 2022
step 44883300, will finish Mon May  2 22:13:23 2022
step 44883400, will finish Mon May  2 22:13:16 2022
step 44883500, will finish Mon May  2 22:13:10 2022
imb F 67% pme/F 0.27 step 44883600, will finish Mon May  2 22:13:03 2022
step 44883700, will finish Mon May  2 22:12:57 2022
step 44883800, will finish Mon May  2 22:12:50 2022
step 44883900, will finish Mon May  2 22:12:44 2022
imb F 24% pme/F 0.33 step 44884000, will finish Mon May  2 22:12:38 2022
step 44884100, will finish Mon May  2 22:12:32 2022
step 44884200, will finish Mon May  2 22:12:36 2022
step 44884300, will finish Mon May  2 22:12:30 2022
imb F 62% pme/F 0.32 step 44884400, will finish Mon May  2 22:12:23 2022
step 44884500, will finish Mon May  2 22:12:17 2022
step 44884600, will finish Mon May  2 22:12:11 2022
step 44884700, will finish Mon May  2 22:12:05 2022
imb F 79% pme/F 0.28 step 44884800, will finish Mon May  2 22:11:58 2022
step 44884900, will finish Mon May  2 22:12:08 2022
step 44885000, will finish Mon May  2 22:12:02 2022
step 44885100, will finish Mon May  2 22:11:56 2022
imb F 45% pme/F 0.45 step 44885200, will finish Mon May  2 22:11:49 2022
step 44885300, will finish Mon May  2 22:11:43 2022
step 44885400, will finish Mon May  2 22:11:42 2022
step 44885500, will finish Mon May  2 22:11:36 2022
imb F 21% pme/F 0.12 step 44885600, will finish Mon May  2 22:11:40 2022
step 44885700, will finish Mon May  2 22:11:34 2022
step 44885800, will finish Mon May  2 22:11:28 2022
step 44885900, will finish Mon May  2 22:11:33 2022
imb F 58% pme/F 0.33 step 44886000, will finish Mon May  2 22:11:27 2022
step 44886100, will finish Mon May  2 22:11:25 2022
step 44886200, will finish Mon May  2 22:11:19 2022
step 44886300, will finish Mon May  2 22:11:13 2022
imb F 23% pme/F 0.41 step 44886400, will finish Mon May  2 22:11:07 2022
step 44886500, will finish Mon May  2 22:11:01 2022
step 44886600, will finish Mon May  2 22:10:54 2022
step 44886700, will finish Mon May  2 22:10:48 2022
imb F 21% pme/F 0.12 step 44886800, will finish Mon May  2 22:10:47 2022
step 44886900, will finish Mon May  2 22:10:41 2022
step 44887000, will finish Mon May  2 22:10:45 2022
step 44887100, will finish Mon May  2 22:10:39 2022
imb F 13% pme/F 0.19 step 44887200, will finish Mon May  2 22:10:39 2022
step 44887300, will finish Mon May  2 22:10:33 2022
step 44887400, will finish Mon May  2 22:10:27 2022
step 44887500, will finish Mon May  2 22:10:52 2022
imb F 33% pme/F 0.45 step 44887600, will finish Mon May  2 22:10:46 2022
step 44887700, will finish Mon May  2 22:10:39 2022
step 44887800, will finish Mon May  2 22:10:33 2022
step 44887900, will finish Mon May  2 22:10:27 2022
imb F  7% pme/F 0.38 step 44888000, will finish Mon May  2 22:10:21 2022
step 44888100, will finish Mon May  2 22:10:15 2022
step 44888200, will finish Mon May  2 22:11:01 2022
step 44888300, will finish Mon May  2 22:10:55 2022
imb F 47% pme/F 0.34 step 44888400, will finish Mon May  2 22:10:49 2022
step 44888500, will finish Mon May  2 22:10:42 2022
step 44888600, will finish Mon May  2 22:10:36 2022
step 44888700, will finish Mon May  2 22:10:30 2022
imb F 81% pme/F 0.26 step 44888800, will finish Mon May  2 22:10:24 2022
step 44888900, will finish Mon May  2 22:10:33 2022
step 44889000, will finish Mon May  2 22:10:27 2022
step 44889100, will finish Mon May  2 22:10:21 2022
imb F 14% pme/F 0.14 step 44889200, will finish Mon May  2 22:10:56 2022
step 44889300, will finish Mon May  2 22:10:50 2022
step 44889400, will finish Mon May  2 22:11:06 2022
step 44889500, will finish Mon May  2 22:11:14 2022
imb F 54% pme/F 0.25 step 44889600, will finish Mon May  2 22:11:08 2022
step 44889700, will finish Mon May  2 22:11:18 2022
step 44889800, will finish Mon May  2 22:11:12 2022
step 44889900, will finish Mon May  2 22:11:06 2022
imb F 73% pme/F 0.33 step 44890000, will finish Mon May  2 22:11:00 2022
step 44890100, will finish Mon May  2 22:10:59 2022
step 44890200, will finish Mon May  2 22:10:53 2022
step 44890300, will finish Mon May  2 22:10:47 2022
imb F  2% pme/F 0.32 step 44890400, will finish Mon May  2 22:10:41 2022
step 44890500, will finish Mon May  2 22:10:35 2022
step 44890600, will finish Mon May  2 22:10:28 2022
step 44890700, will finish Mon May  2 22:10:22 2022
imb F 35% pme/F 0.45 step 44890800, will finish Mon May  2 22:10:16 2022
step 44890900, will finish Mon May  2 22:10:10 2022
step 44891000, will finish Mon May  2 22:10:04 2022
step 44891100, will finish Mon May  2 22:09:58 2022
imb F 54% pme/F 0.23 step 44891200, will finish Mon May  2 22:09:52 2022
step 44891300, will finish Mon May  2 22:09:46 2022
step 44891400, will finish Mon May  2 22:09:40 2022
step 44891500, will finish Mon May  2 22:09:33 2022
imb F 48% pme/F 0.28 step 44891600, will finish Mon May  2 22:09:27 2022
step 44891700, will finish Mon May  2 22:09:21 2022
step 44891800, will finish Mon May  2 22:09:15 2022
step 44891900, will finish Mon May  2 22:09:09 2022
imb F 19% pme/F 0.26 step 44892000, will finish Mon May  2 22:09:18 2022
step 44892100, will finish Mon May  2 22:09:12 2022
step 44892200, will finish Mon May  2 22:09:07 2022
step 44892300, will finish Mon May  2 22:09:01 2022
imb F 35% pme/F 0.40 step 44892400, will finish Mon May  2 22:08:55 2022
step 44892500, will finish Mon May  2 22:08:49 2022
step 44892600, will finish Mon May  2 22:09:08 2022
step 44892700, will finish Mon May  2 22:09:15 2022
imb F 18% pme/F 0.08 step 44892800, will finish Mon May  2 22:09:35 2022
step 44892900, will finish Mon May  2 22:09:28 2022
step 44893000, will finish Mon May  2 22:09:22 2022
step 44893100, will finish Mon May  2 22:09:16 2022
imb F 88% pme/F 0.24 step 44893200, will finish Mon May  2 22:09:10 2022
step 44893300, will finish Mon May  2 22:09:04 2022
step 44893400, will finish Mon May  2 22:08:58 2022
step 44893500, will finish Mon May  2 22:08:52 2022
imb F 62% pme/F 0.31 step 44893600, will finish Mon May  2 22:08:46 2022
step 44893700, will finish Mon May  2 22:08:39 2022
step 44893800, will finish Mon May  2 22:08:42 2022
step 44893900, will finish Mon May  2 22:08:35 2022
imb F 71% pme/F 0.28 step 44894000, will finish Mon May  2 22:08:29 2022
step 44894100, will finish Mon May  2 22:08:44 2022
step 44894200, will finish Mon May  2 22:08:38 2022
step 44894300, will finish Mon May  2 22:08:32 2022
imb F 16% pme/F 0.23 step 44894400, will finish Mon May  2 22:08:31 2022
step 44894500, will finish Mon May  2 22:08:25 2022
step 44894600, will finish Mon May  2 22:08:19 2022
step 44894700, will finish Mon May  2 22:08:13 2022
imb F 26% pme/F 0.28 step 44894800, will finish Mon May  2 22:08:09 2022
step 44894900, will finish Mon May  2 22:08:03 2022
step 44895000, will finish Mon May  2 22:08:17 2022
step 44895100, will finish Mon May  2 22:08:11 2022
imb F  9% pme/F 0.40 step 44895200, will finish Mon May  2 22:08:05 2022
step 44895300, will finish Mon May  2 22:07:59 2022
step 44895400, will finish Mon May  2 22:07:53 2022
step 44895500, will finish Mon May  2 22:07:53 2022
imb F 62% pme/F 0.29 step 44895600, will finish Mon May  2 22:07:47 2022
step 44895700, will finish Mon May  2 22:07:41 2022
step 44895800, will finish Mon May  2 22:07:42 2022
step 44895900, will finish Mon May  2 22:07:36 2022
imb F 48% pme/F 0.32 step 44896000, will finish Mon May  2 22:07:33 2022
step 44896100, will finish Mon May  2 22:07:57 2022
step 44896200, will finish Mon May  2 22:07:50 2022
step 44896300, will finish Mon May  2 22:07:44 2022
imb F 59% pme/F 0.34 step 44896400, will finish Mon May  2 22:07:38 2022
step 44896500, will finish Mon May  2 22:07:33 2022
step 44896600, will finish Mon May  2 22:07:27 2022
step 44896700, will finish Mon May  2 22:07:56 2022
imb F 74% pme/F 0.26 step 44896800, will finish Mon May  2 22:07:51 2022
step 44896900, will finish Mon May  2 22:07:45 2022
step 44897000, will finish Mon May  2 22:07:39 2022
step 44897100, will finish Mon May  2 22:07:34 2022
imb F 50% pme/F 0.28 step 44897200, will finish Mon May  2 22:07:28 2022
step 44897300, will finish Mon May  2 22:07:21 2022
step 44897400, will finish Mon May  2 22:08:13 2022
step 44897500, will finish Mon May  2 22:08:15 2022
imb F 59% pme/F 0.27 step 44897600, will finish Mon May  2 22:08:09 2022
step 44897700, will finish Mon May  2 22:08:02 2022
step 44897800, will finish Mon May  2 22:07:56 2022
step 44897900, will finish Mon May  2 22:07:50 2022
imb F 33% pme/F 0.39 step 44898000, will finish Mon May  2 22:07:44 2022
step 44898100, will finish Mon May  2 22:07:38 2022
step 44898200, will finish Mon May  2 22:07:32 2022
step 44898300, will finish Mon May  2 22:07:25 2022
imb F 48% pme/F 0.35 step 44898400, will finish Mon May  2 22:07:20 2022
step 44898500, will finish Mon May  2 22:07:38 2022
step 44898600, will finish Mon May  2 22:07:33 2022
step 44898700, will finish Mon May  2 22:07:27 2022
imb F 49% pme/F 0.38 step 44898800, will finish Mon May  2 22:07:21 2022
step 44898900, will finish Mon May  2 22:07:26 2022
step 44899000, will finish Mon May  2 22:07:21 2022
step 44899100, will finish Mon May  2 22:07:14 2022
imb F 32% pme/F 0.50 step 44899200, will finish Mon May  2 22:07:08 2022
step 44899300, will finish Mon May  2 22:07:02 2022
step 44899400, will finish Mon May  2 22:06:55 2022
step 44899500, will finish Mon May  2 22:06:50 2022
imb F 34% pme/F 0.35 step 44899600, will finish Mon May  2 22:06:44 2022
step 44899700, will finish Mon May  2 22:06:37 2022
step 44899800, will finish Mon May  2 22:06:31 2022
step 44899900, will finish Mon May  2 22:06:28 2022
imb F 16% pme/F 0.21 step 44900000, will finish Mon May  2 22:06:41 2022
step 44900100, will finish Mon May  2 22:06:35 2022
step 44900200, will finish Mon May  2 22:06:29 2022
step 44900300, will finish Mon May  2 22:06:59 2022
imb F 56% pme/F 0.30 step 44900400, will finish Mon May  2 22:06:53 2022
step 44900500, will finish Mon May  2 22:06:47 2022
step 44900600, will finish Mon May  2 22:07:15 2022
step 44900700, will finish Mon May  2 22:07:08 2022
imb F 36% pme/F 0.34 step 44900800, will finish Mon May  2 22:07:02 2022
step 44900900, will finish Mon May  2 22:07:02 2022
step 44901000, will finish Mon May  2 22:06:57 2022
step 44901100, will finish Mon May  2 22:06:55 2022
imb F  8% pme/F 0.25 step 44901200, will finish Mon May  2 22:07:47 2022
step 44901300, will finish Mon May  2 22:09:24 2022
step 44901400, will finish Mon May  2 22:10:17 2022
step 44901500, will finish Mon May  2 22:10:10 2022
imb F 63% pme/F 0.34 step 44901600, will finish Mon May  2 22:10:05 2022
step 44901700, will finish Mon May  2 22:10:14 2022
step 44901800, will finish Mon May  2 22:10:08 2022
step 44901900, will finish Mon May  2 22:10:02 2022
imb F 12% pme/F 0.27 step 44902000, will finish Mon May  2 22:10:40 2022
step 44902100, will finish Mon May  2 22:10:51 2022
step 44902200, will finish Mon May  2 22:10:45 2022
step 44902300, will finish Mon May  2 22:10:39 2022
imb F 13% pme/F 0.23 step 44902400, will finish Mon May  2 22:10:50 2022
step 44902500, will finish Mon May  2 22:10:44 2022
step 44902600, will finish Mon May  2 22:10:49 2022
step 44902700, will finish Mon May  2 22:10:59 2022
imb F 18% pme/F 0.18 step 44902800, will finish Mon May  2 22:11:02 2022
step 44902900, will finish Mon May  2 22:10:55 2022
step 44903000, will finish Mon May  2 22:10:50 2022
step 44903100, will finish Mon May  2 22:10:44 2022
imb F 45% pme/F 0.35 step 44903200, will finish Mon May  2 22:10:38 2022
step 44903300, will finish Mon May  2 22:10:32 2022
step 44903400, will finish Mon May  2 22:10:27 2022
step 44903500, will finish Mon May  2 22:10:21 2022
imb F 67% pme/F 0.38 step 44903600, will finish Mon May  2 22:10:15 2022
step 44903700, will finish Mon May  2 22:10:09 2022
step 44903800, will finish Mon May  2 22:10:03 2022
step 44903900, will finish Mon May  2 22:09:57 2022
imb F 11% pme/F 0.21 step 44904000, will finish Mon May  2 22:10:42 2022
step 44904100, will finish Mon May  2 22:10:36 2022
step 44904200, will finish Mon May  2 22:10:34 2022
step 44904300, will finish Mon May  2 22:10:48 2022
imb F 47% pme/F 0.42 step 44904400, will finish Mon May  2 22:10:42 2022
step 44904500, will finish Mon May  2 22:10:36 2022
step 44904600, will finish Mon May  2 22:11:04 2022
step 44904700, will finish Mon May  2 22:10:58 2022
imb F 13% pme/F 0.24 step 44904800, will finish Mon May  2 22:11:14 2022
step 44904900, will finish Mon May  2 22:11:08 2022
step 44905000, will finish Mon May  2 22:11:02 2022
step 44905100, will finish Mon May  2 22:11:11 2022
imb F 26% pme/F 0.35 step 44905200, will finish Mon May  2 22:11:06 2022
step 44905300, will finish Mon May  2 22:10:59 2022
step 44905400, will finish Mon May  2 22:10:54 2022
step 44905500, will finish Mon May  2 22:10:56 2022
imb F 36% pme/F 0.10 step 44905600, will finish Mon May  2 22:11:04 2022
step 44905700, will finish Mon May  2 22:10:58 2022
step 44905800, will finish Mon May  2 22:10:53 2022
step 44905900, will finish Mon May  2 22:10:52 2022
imb F 73% pme/F 0.29 step 44906000, will finish Mon May  2 22:10:46 2022
step 44906100, will finish Mon May  2 22:10:50 2022
step 44906200, will finish Mon May  2 22:10:43 2022
step 44906300, will finish Mon May  2 22:10:38 2022
imb F 64% pme/F 0.24 step 44906400, will finish Mon May  2 22:10:33 2022
step 44906500, will finish Mon May  2 22:10:27 2022
step 44906600, will finish Mon May  2 22:10:20 2022
step 44906700, will finish Mon May  2 22:10:14 2022
imb F 23% pme/F 0.24 step 44906800, will finish Mon May  2 22:10:09 2022
step 44906900, will finish Mon May  2 22:10:03 2022
step 44907000, will finish Mon May  2 22:10:23 2022
step 44907100, will finish Mon May  2 22:10:26 2022
imb F  5% pme/F 0.27 step 44907200, will finish Mon May  2 22:10:21 2022
step 44907300, will finish Mon May  2 22:10:20 2022
step 44907400, will finish Mon May  2 22:10:15 2022
step 44907500, will finish Mon May  2 22:10:09 2022
imb F 70% pme/F 0.29 step 44907600, will finish Mon May  2 22:10:03 2022
step 44907700, will finish Mon May  2 22:10:16 2022
step 44907800, will finish Mon May  2 22:10:39 2022
step 44907900, will finish Mon May  2 22:10:41 2022
imb F 70% pme/F 0.41 step 44908000, will finish Mon May  2 22:10:35 2022
step 44908100, will finish Mon May  2 22:10:30 2022
step 44908200, will finish Mon May  2 22:10:23 2022
step 44908300, will finish Mon May  2 22:10:18 2022
imb F 25% pme/F 0.41 step 44908400, will finish Mon May  2 22:10:12 2022
step 44908500, will finish Mon May  2 22:10:06 2022
step 44908600, will finish Mon May  2 22:10:29 2022
step 44908700, will finish Mon May  2 22:10:29 2022
imb F 84% pme/F 0.27 step 44908800, will finish Mon May  2 22:10:23 2022
step 44908900, will finish Mon May  2 22:10:17 2022
step 44909000, will finish Mon May  2 22:10:11 2022
step 44909100, will finish Mon May  2 22:10:19 2022
imb F 30% pme/F 0.35 step 44909200, will finish Mon May  2 22:10:13 2022
step 44909300, will finish Mon May  2 22:10:07 2022
step 44909400, will finish Mon May  2 22:10:31 2022
step 44909500, will finish Mon May  2 22:10:25 2022
imb F 80% pme/F 0.28 step 44909600, will finish Mon May  2 22:10:19 2022
step 44909700, will finish Mon May  2 22:10:13 2022
step 44909800, will finish Mon May  2 22:10:08 2022
step 44909900, will finish Mon May  2 22:10:15 2022
imb F 66% pme/F 0.29 step 44910000, will finish Mon May  2 22:10:10 2022
step 44910100, will finish Mon May  2 22:10:04 2022
step 44910200, will finish Mon May  2 22:10:08 2022
step 44910300, will finish Mon May  2 22:10:03 2022
imb F 29% pme/F 4.77 step 44910400, will finish Mon May  2 22:10:21 2022
step 44910500, will finish Mon May  2 22:10:15 2022
step 44910600, will finish Mon May  2 22:10:09 2022
step 44910700, will finish Mon May  2 22:10:03 2022
imb F  2% pme/F 1.73 step 44910800, will finish Mon May  2 22:09:57 2022
step 44910900, will finish Mon May  2 22:10:10 2022
step 44911000, will finish Mon May  2 22:10:10 2022
step 44911100, will finish Mon May  2 22:10:04 2022
imb F 33% pme/F 3.36 step 44911200, will finish Mon May  2 22:10:03 2022
step 44911300, will finish Mon May  2 22:09:58 2022
step 44911400, will finish Mon May  2 22:09:51 2022
step 44911500, will finish Mon May  2 22:09:45 2022
imb F 95% pme/F 0.37 step 44911600, will finish Mon May  2 22:09:41 2022
step 44911700, will finish Mon May  2 22:09:43 2022
step 44911800, will finish Mon May  2 22:09:38 2022
step 44911900, will finish Mon May  2 22:09:32 2022
imb F 89% pme/F 0.27 step 44912000, will finish Mon May  2 22:09:26 2022
step 44912100, will finish Mon May  2 22:09:20 2022
step 44912200, will finish Mon May  2 22:09:14 2022
step 44912300, will finish Mon May  2 22:09:08 2022
imb F  5% pme/F 2.19 step 44912400, will finish Mon May  2 22:09:03 2022
step 44912500, will finish Mon May  2 22:08:57 2022
step 44912600, will finish Mon May  2 22:08:51 2022
step 44912700, will finish Mon May  2 22:08:45 2022
imb F 37% pme/F 0.70 step 44912800, will finish Mon May  2 22:08:41 2022
step 44912900, will finish Mon May  2 22:09:02 2022
step 44913000, will finish Mon May  2 22:08:57 2022
step 44913100, will finish Mon May  2 22:09:01 2022
imb F 24% pme/F 0.31 step 44913200, will finish Mon May  2 22:08:55 2022
step 44913300, will finish Mon May  2 22:09:08 2022
step 44913400, will finish Mon May  2 22:09:04 2022
step 44913500, will finish Mon May  2 22:08:58 2022
imb F 47% pme/F 0.32 step 44913600, will finish Mon May  2 22:08:52 2022
step 44913700, will finish Mon May  2 22:08:47 2022
step 44913800, will finish Mon May  2 22:09:04 2022
step 44913900, will finish Mon May  2 22:08:59 2022
imb F  8% pme/F 1.83 step 44914000, will finish Mon May  2 22:08:54 2022
step 44914100, will finish Mon May  2 22:09:17 2022
step 44914200, will finish Mon May  2 22:09:11 2022
step 44914300, will finish Mon May  2 22:09:05 2022
imb F  4% pme/F 1.76 step 44914400, will finish Mon May  2 22:09:00 2022
step 44914500, will finish Mon May  2 22:08:54 2022
step 44914600, will finish Mon May  2 22:08:58 2022
step 44914700, will finish Mon May  2 22:08:52 2022
imb F  9% pme/F 1.32 step 44914800, will finish Mon May  2 22:08:46 2022
step 44914900, will finish Mon May  2 22:08:40 2022
step 44915000, will finish Mon May  2 22:08:35 2022
step 44915100, will finish Mon May  2 22:08:39 2022
imb F 68% pme/F 0.25 step 44915200, will finish Mon May  2 22:08:33 2022
step 44915300, will finish Mon May  2 22:08:27 2022
step 44915400, will finish Mon May  2 22:08:21 2022
step 44915500, will finish Mon May  2 22:08:15 2022
imb F 37% pme/F 0.36 step 44915600, will finish Mon May  2 22:08:09 2022
step 44915700, will finish Mon May  2 22:08:03 2022
step 44915800, will finish Mon May  2 22:07:58 2022
step 44915900, will finish Mon May  2 22:07:52 2022
imb F 19% pme/F 0.35 step 44916000, will finish Mon May  2 22:07:46 2022
step 44916100, will finish Mon May  2 22:07:41 2022
step 44916200, will finish Mon May  2 22:07:35 2022
step 44916300, will finish Mon May  2 22:07:29 2022
imb F 52% pme/F 0.29 step 44916400, will finish Mon May  2 22:07:24 2022
step 44916500, will finish Mon May  2 22:07:19 2022
step 44916600, will finish Mon May  2 22:07:13 2022
step 44916700, will finish Mon May  2 22:07:07 2022
imb F 29% pme/F 0.29 step 44916800, will finish Mon May  2 22:07:01 2022
step 44916900, will finish Mon May  2 22:07:17 2022
step 44917000, will finish Mon May  2 22:07:43 2022
step 44917100, will finish Mon May  2 22:07:37 2022
imb F 23% pme/F 0.31 step 44917200, will finish Mon May  2 22:07:31 2022
step 44917300, will finish Mon May  2 22:07:26 2022
step 44917400, will finish Mon May  2 22:07:20 2022
step 44917500, will finish Mon May  2 22:07:14 2022
imb F 37% pme/F 0.30 step 44917600, will finish Mon May  2 22:07:08 2022
step 44917700, will finish Mon May  2 22:07:02 2022
step 44917800, will finish Mon May  2 22:06:56 2022
step 44917900, will finish Mon May  2 22:06:51 2022
imb F 18% pme/F 0.94 step 44918000, will finish Mon May  2 22:07:00 2022
step 44918100, will finish Mon May  2 22:06:54 2022
step 44918200, will finish Mon May  2 22:06:49 2022
step 44918300, will finish Mon May  2 22:06:43 2022
imb F 31% pme/F 0.34 step 44918400, will finish Mon May  2 22:06:37 2022
step 44918500, will finish Mon May  2 22:06:31 2022
step 44918600, will finish Mon May  2 22:06:26 2022
step 44918700, will finish Mon May  2 22:06:20 2022
imb F 18% pme/F 0.45 step 44918800, will finish Mon May  2 22:06:14 2022
step 44918900, will finish Mon May  2 22:06:09 2022
step 44919000, will finish Mon May  2 22:06:03 2022
step 44919100, will finish Mon May  2 22:06:17 2022
imb F  6% pme/F 1.73 step 44919200, will finish Mon May  2 22:06:11 2022
step 44919300, will finish Mon May  2 22:06:06 2022
step 44919400, will finish Mon May  2 22:06:29 2022
step 44919500, will finish Mon May  2 22:06:23 2022
imb F  7% pme/F 0.97 step 44919600, will finish Mon May  2 22:06:18 2022
step 44919700, will finish Mon May  2 22:06:12 2022
step 44919800, will finish Mon May  2 22:06:06 2022
step 44919900, will finish Mon May  2 22:06:00 2022
imb F  3% pme/F 1.97 step 44920000, will finish Mon May  2 22:05:55 2022
step 44920100, will finish Mon May  2 22:05:49 2022
step 44920200, will finish Mon May  2 22:05:43 2022
step 44920300, will finish Mon May  2 22:05:45 2022
imb F 42% pme/F 7.96 step 44920400, will finish Mon May  2 22:05:55 2022
step 44920500, will finish Mon May  2 22:05:50 2022
step 44920600, will finish Mon May  2 22:05:49 2022
step 44920700, will finish Mon May  2 22:05:43 2022
imb F  7% pme/F 1.70 step 44920800, will finish Mon May  2 22:05:38 2022
step 44920900, will finish Mon May  2 22:06:09 2022
step 44921000, will finish Mon May  2 22:06:14 2022
step 44921100, will finish Mon May  2 22:06:08 2022
imb F 33% pme/F 6.14 step 44921200, will finish Mon May  2 22:06:12 2022
step 44921300, will finish Mon May  2 22:06:07 2022
step 44921400, will finish Mon May  2 22:06:06 2022
step 44921500, will finish Mon May  2 22:06:00 2022
imb F 37% pme/F 0.39 step 44921600, will finish Mon May  2 22:05:55 2022
step 44921700, will finish Mon May  2 22:05:49 2022
step 44921800, will finish Mon May  2 22:05:44 2022
step 44921900, will finish Mon May  2 22:05:38 2022
imb F 71% pme/F 0.27 step 44922000, will finish Mon May  2 22:05:32 2022
step 44922100, will finish Mon May  2 22:05:38 2022
step 44922200, will finish Mon May  2 22:06:32 2022
step 44922300, will finish Mon May  2 22:06:39 2022
imb F 51% pme/F 0.29 step 44922400, will finish Mon May  2 22:06:33 2022
step 44922500, will finish Mon May  2 22:06:28 2022
step 44922600, will finish Mon May  2 22:06:27 2022
step 44922700, will finish Mon May  2 22:06:21 2022
imb F 56% pme/F 19.77 step 44922800, will finish Mon May  2 22:06:51 2022
step 44922900, will finish Mon May  2 22:06:48 2022
step 44923000, will finish Mon May  2 22:06:42 2022
step 44923100, will finish Mon May  2 22:06:39 2022
imb F  4% pme/F 1.75 step 44923200, will finish Mon May  2 22:06:34 2022
step 44923300, will finish Mon May  2 22:06:29 2022
step 44923400, will finish Mon May  2 22:06:42 2022
step 44923500, will finish Mon May  2 22:06:36 2022
imb F  8% pme/F 1.75 step 44923600, will finish Mon May  2 22:06:31 2022
step 44923700, will finish Mon May  2 22:06:44 2022
step 44923800, will finish Mon May  2 22:06:38 2022
step 44923900, will finish Mon May  2 22:06:37 2022
imb F 53% pme/F 0.28 step 44924000, will finish Mon May  2 22:06:31 2022
step 44924100, will finish Mon May  2 22:06:26 2022
step 44924200, will finish Mon May  2 22:06:49 2022
step 44924300, will finish Mon May  2 22:06:44 2022
imb F 52% pme/F 0.21 step 44924400, will finish Mon May  2 22:06:39 2022
step 44924500, will finish Mon May  2 22:06:33 2022
step 44924600, will finish Mon May  2 22:06:27 2022
step 44924700, will finish Mon May  2 22:06:21 2022
imb F  1% pme/F 1.82 step 44924800, will finish Mon May  2 22:06:16 2022
step 44924900, will finish Mon May  2 22:06:11 2022
step 44925000, will finish Mon May  2 22:06:05 2022
step 44925100, will finish Mon May  2 22:06:00 2022
imb F 75% pme/F 0.30 step 44925200, will finish Mon May  2 22:05:55 2022
step 44925300, will finish Mon May  2 22:05:48 2022
step 44925400, will finish Mon May  2 22:05:43 2022
step 44925500, will finish Mon May  2 22:05:37 2022
imb F 86% pme/F 0.25 step 44925600, will finish Mon May  2 22:05:32 2022
step 44925700, will finish Mon May  2 22:05:27 2022
step 44925800, will finish Mon May  2 22:05:31 2022
step 44925900, will finish Mon May  2 22:05:26 2022
imb F 36% pme/F 1.26 step 44926000, will finish Mon May  2 22:05:44 2022
step 44926100, will finish Mon May  2 22:05:39 2022
step 44926200, will finish Mon May  2 22:05:34 2022
step 44926300, will finish Mon May  2 22:05:28 2022
imb F 40% pme/F 1.49 step 44926400, will finish Mon May  2 22:05:28 2022
step 44926500, will finish Mon May  2 22:05:23 2022
step 44926600, will finish Mon May  2 22:05:18 2022
step 44926700, will finish Mon May  2 22:05:12 2022
imb F 32% pme/F 0.45 step 44926800, will finish Mon May  2 22:05:07 2022
step 44926900, will finish Mon May  2 22:05:02 2022
step 44927000, will finish Mon May  2 22:05:01 2022
step 44927100, will finish Mon May  2 22:04:56 2022
imb F  6% pme/F 2.23 step 44927200, will finish Mon May  2 22:04:50 2022
step 44927300, will finish Mon May  2 22:04:45 2022
step 44927400, will finish Mon May  2 22:04:40 2022
step 44927500, will finish Mon May  2 22:04:34 2022
imb F  6% pme/F 1.78 step 44927600, will finish Mon May  2 22:04:29 2022
step 44927700, will finish Mon May  2 22:04:24 2022
step 44927800, will finish Mon May  2 22:04:18 2022
step 44927900, will finish Mon May  2 22:04:13 2022
imb F 31% pme/F 0.36 step 44928000, will finish Mon May  2 22:04:07 2022
step 44928100, will finish Mon May  2 22:04:20 2022
step 44928200, will finish Mon May  2 22:04:15 2022
step 44928300, will finish Mon May  2 22:04:09 2022
imb F 34% pme/F 0.26 step 44928400, will finish Mon May  2 22:04:09 2022
step 44928500, will finish Mon May  2 22:04:03 2022
step 44928600, will finish Mon May  2 22:03:57 2022
step 44928700, will finish Mon May  2 22:03:52 2022
imb F 30% pme/F 0.39 step 44928800, will finish Mon May  2 22:03:46 2022
step 44928900, will finish Mon May  2 22:03:41 2022
step 44929000, will finish Mon May  2 22:03:35 2022
step 44929100, will finish Mon May  2 22:03:40 2022
imb F 61% pme/F 0.33 step 44929200, will finish Mon May  2 22:03:34 2022
step 44929300, will finish Mon May  2 22:03:28 2022
step 44929400, will finish Mon May  2 22:03:23 2022
step 44929500, will finish Mon May  2 22:03:17 2022
imb F 27% pme/F 0.33 step 44929600, will finish Mon May  2 22:03:11 2022
step 44929700, will finish Mon May  2 22:03:06 2022
step 44929800, will finish Mon May  2 22:03:01 2022
step 44929900, will finish Mon May  2 22:02:55 2022
imb F 42% pme/F 0.34 step 44930000, will finish Mon May  2 22:02:49 2022
step 44930100, will finish Mon May  2 22:02:44 2022
step 44930200, will finish Mon May  2 22:02:39 2022
step 44930300, will finish Mon May  2 22:02:33 2022
imb F 84% pme/F 0.25 step 44930400, will finish Mon May  2 22:02:28 2022
step 44930500, will finish Mon May  2 22:02:22 2022
step 44930600, will finish Mon May  2 22:02:16 2022
step 44930700, will finish Mon May  2 22:02:11 2022
imb F 56% pme/F 0.28 step 44930800, will finish Mon May  2 22:02:05 2022
step 44930900, will finish Mon May  2 22:02:00 2022
step 44931000, will finish Mon May  2 22:02:04 2022
step 44931100, will finish Mon May  2 22:01:58 2022
imb F 41% pme/F 0.32 step 44931200, will finish Mon May  2 22:01:53 2022
step 44931300, will finish Mon May  2 22:01:47 2022
step 44931400, will finish Mon May  2 22:01:42 2022
step 44931500, will finish Mon May  2 22:01:36 2022
imb F 83% pme/F 0.26 step 44931600, will finish Mon May  2 22:01:31 2022
step 44931700, will finish Mon May  2 22:01:25 2022
step 44931800, will finish Mon May  2 22:01:20 2022
step 44931900, will finish Mon May  2 22:01:24 2022
imb F  8% pme/F 1.36 step 44932000, will finish Mon May  2 22:01:19 2022
step 44932100, will finish Mon May  2 22:01:13 2022
step 44932200, will finish Mon May  2 22:01:08 2022
step 44932300, will finish Mon May  2 22:01:02 2022
imb F 36% pme/F 5.18 step 44932400, will finish Mon May  2 22:01:01 2022
step 44932500, will finish Mon May  2 22:00:56 2022
step 44932600, will finish Mon May  2 22:00:51 2022
step 44932700, will finish Mon May  2 22:00:45 2022
imb F 61% pme/F 0.26 step 44932800, will finish Mon May  2 22:00:40 2022
step 44932900, will finish Mon May  2 22:00:39 2022
step 44933000, will finish Mon May  2 22:00:34 2022
step 44933100, will finish Mon May  2 22:00:28 2022
imb F 34% pme/F 0.41 step 44933200, will finish Mon May  2 22:00:23 2022
step 44933300, will finish Mon May  2 22:00:17 2022
step 44933400, will finish Mon May  2 22:00:11 2022
step 44933500, will finish Mon May  2 22:00:06 2022
imb F 27% pme/F 1.05 step 44933600, will finish Mon May  2 22:00:01 2022
step 44933700, will finish Mon May  2 21:59:56 2022
step 44933800, will finish Mon May  2 21:59:50 2022
step 44933900, will finish Mon May  2 21:59:45 2022
imb F 50% pme/F 0.30 step 44934000, will finish Mon May  2 21:59:39 2022
step 44934100, will finish Mon May  2 21:59:34 2022
step 44934200, will finish Mon May  2 21:59:28 2022
step 44934300, will finish Mon May  2 21:59:23 2022
imb F 67% pme/F 0.24 step 44934400, will finish Mon May  2 21:59:18 2022
step 44934500, will finish Mon May  2 21:59:21 2022
step 44934600, will finish Mon May  2 21:59:16 2022
step 44934700, will finish Mon May  2 21:59:11 2022
imb F 36% pme/F 0.42 step 44934800, will finish Mon May  2 21:59:05 2022
step 44934900, will finish Mon May  2 21:59:00 2022
step 44935000, will finish Mon May  2 21:58:54 2022
step 44935100, will finish Mon May  2 21:58:49 2022
imb F 34% pme/F 0.29 step 44935200, will finish Mon May  2 21:58:44 2022
step 44935300, will finish Mon May  2 21:58:38 2022
step 44935400, will finish Mon May  2 21:58:33 2022
step 44935500, will finish Mon May  2 21:58:27 2022
imb F 54% pme/F 0.30 step 44935600, will finish Mon May  2 21:58:22 2022
step 44935700, will finish Mon May  2 21:58:21 2022
step 44935800, will finish Mon May  2 21:58:16 2022
step 44935900, will finish Mon May  2 21:58:10 2022
imb F 67% pme/F 0.31 step 44936000, will finish Mon May  2 21:58:05 2022
step 44936100, will finish Mon May  2 21:58:00 2022
step 44936200, will finish Mon May  2 21:57:54 2022
step 44936300, will finish Mon May  2 21:57:49 2022
imb F 27% pme/F 0.25 step 44936400, will finish Mon May  2 21:57:49 2022
step 44936500, will finish Mon May  2 21:57:43 2022
step 44936600, will finish Mon May  2 21:57:38 2022
step 44936700, will finish Mon May  2 21:57:33 2022
imb F 22% pme/F 0.08 step 44936800, will finish Mon May  2 21:57:45 2022
step 44936900, will finish Mon May  2 21:57:42 2022
step 44937000, will finish Mon May  2 21:57:36 2022
step 44937100, will finish Mon May  2 21:57:31 2022
imb F 80% pme/F 0.26 step 44937200, will finish Mon May  2 21:57:26 2022
step 44937300, will finish Mon May  2 21:57:59 2022
step 44937400, will finish Mon May  2 21:57:57 2022
step 44937500, will finish Mon May  2 21:57:52 2022
imb F 35% pme/F 3.98 step 44937600, will finish Mon May  2 21:58:01 2022
step 44937700, will finish Mon May  2 21:57:55 2022
step 44937800, will finish Mon May  2 21:57:55 2022
step 44937900, will finish Mon May  2 21:57:50 2022
imb F 67% pme/F 0.25 step 44938000, will finish Mon May  2 21:57:44 2022
step 44938100, will finish Mon May  2 21:57:39 2022
step 44938200, will finish Mon May  2 21:57:34 2022
step 44938300, will finish Mon May  2 21:57:29 2022
imb F 54% pme/F 0.29 step 44938400, will finish Mon May  2 21:57:24 2022
step 44938500, will finish Mon May  2 21:57:18 2022
step 44938600, will finish Mon May  2 21:57:13 2022
step 44938700, will finish Mon May  2 21:57:30 2022
imb F  3% pme/F 1.53 step 44938800, will finish Mon May  2 21:57:25 2022
step 44938900, will finish Mon May  2 21:57:26 2022
step 44939000, will finish Mon May  2 21:57:32 2022
step 44939100, will finish Mon May  2 21:57:28 2022
imb F 29% pme/F 0.29 step 44939200, will finish Mon May  2 21:57:23 2022
step 44939300, will finish Mon May  2 21:57:18 2022
step 44939400, will finish Mon May  2 21:57:13 2022
step 44939500, will finish Mon May  2 21:57:08 2022
imb F 31% pme/F 0.48 step 44939600, will finish Mon May  2 21:57:03 2022
step 44939700, will finish Mon May  2 21:56:58 2022
step 44939800, will finish Mon May  2 21:56:57 2022
step 44939900, will finish Mon May  2 21:56:52 2022
imb F 61% pme/F 0.40 step 44940000, will finish Mon May  2 21:56:47 2022
step 44940100, will finish Mon May  2 21:56:42 2022
step 44940200, will finish Mon May  2 21:56:37 2022
step 44940300, will finish Mon May  2 21:56:31 2022
imb F 93% pme/F 0.25 step 44940400, will finish Mon May  2 21:56:25 2022
step 44940500, will finish Mon May  2 21:56:21 2022
step 44940600, will finish Mon May  2 21:56:37 2022
step 44940700, will finish Mon May  2 21:56:31 2022
imb F  4% pme/F 2.33 step 44940800, will finish Mon May  2 21:56:27 2022
step 44940900, will finish Mon May  2 21:56:21 2022
step 44941000, will finish Mon May  2 21:56:19 2022
step 44941100, will finish Mon May  2 21:56:16 2022
imb F 68% pme/F 0.27 step 44941200, will finish Mon May  2 21:56:11 2022
step 44941300, will finish Mon May  2 21:56:18 2022
step 44941400, will finish Mon May  2 21:56:13 2022
step 44941500, will finish Mon May  2 21:56:10 2022
imb F 45% pme/F 0.26 step 44941600, will finish Mon May  2 21:56:07 2022
step 44941700, will finish Mon May  2 21:56:02 2022
step 44941800, will finish Mon May  2 21:56:02 2022
step 44941900, will finish Mon May  2 21:55:57 2022
imb F 69% pme/F 0.28 step 44942000, will finish Mon May  2 21:55:52 2022
step 44942100, will finish Mon May  2 21:55:46 2022
step 44942200, will finish Mon May  2 21:55:41 2022
step 44942300, will finish Mon May  2 21:55:36 2022
imb F 54% pme/F 1.08 step 44942400, will finish Mon May  2 21:55:34 2022
step 44942500, will finish Mon May  2 21:55:39 2022
step 44942600, will finish Mon May  2 21:55:34 2022
step 44942700, will finish Mon May  2 21:55:28 2022
imb F 78% pme/F 0.26 step 44942800, will finish Mon May  2 21:55:23 2022
step 44942900, will finish Mon May  2 21:55:18 2022
step 44943000, will finish Mon May  2 21:55:13 2022
step 44943100, will finish Mon May  2 21:55:08 2022
imb F 48% pme/F 13.29 step 44943200, will finish Mon May  2 21:55:25 2022
step 44943300, will finish Mon May  2 21:55:20 2022
step 44943400, will finish Mon May  2 21:55:14 2022
step 44943500, will finish Mon May  2 21:55:09 2022
imb F  8% pme/F 1.80 step 44943600, will finish Mon May  2 21:55:04 2022
step 44943700, will finish Mon May  2 21:54:59 2022
step 44943800, will finish Mon May  2 21:54:53 2022
step 44943900, will finish Mon May  2 21:54:57 2022
imb F 63% pme/F 0.27 step 44944000, will finish Mon May  2 21:54:52 2022
step 44944100, will finish Mon May  2 21:54:47 2022
step 44944200, will finish Mon May  2 21:54:41 2022
step 44944300, will finish Mon May  2 21:54:36 2022
imb F 28% pme/F 0.44 step 44944400, will finish Mon May  2 21:54:31 2022
step 44944500, will finish Mon May  2 21:54:26 2022
step 44944600, will finish Mon May  2 21:54:21 2022
step 44944700, will finish Mon May  2 21:54:15 2022
imb F 71% pme/F 0.27 step 44944800, will finish Mon May  2 21:54:10 2022
step 44944900, will finish Mon May  2 21:54:28 2022
step 44945000, will finish Mon May  2 21:54:22 2022
step 44945100, will finish Mon May  2 21:54:17 2022
imb F  5% pme/F 1.32 step 44945200, will finish Mon May  2 21:54:12 2022
step 44945300, will finish Mon May  2 21:54:07 2022
step 44945400, will finish Mon May  2 21:54:01 2022
step 44945500, will finish Mon May  2 21:53:57 2022
imb F 24% pme/F 1.35 step 44945600, will finish Mon May  2 21:54:14 2022
step 44945700, will finish Mon May  2 21:54:27 2022
step 44945800, will finish Mon May  2 21:54:22 2022
step 44945900, will finish Mon May  2 21:54:26 2022
imb F 61% pme/F 0.45 step 44946000, will finish Mon May  2 21:54:21 2022
step 44946100, will finish Mon May  2 21:54:16 2022
step 44946200, will finish Mon May  2 21:54:10 2022
step 44946300, will finish Mon May  2 21:54:06 2022
imb F 37% pme/F 0.38 step 44946400, will finish Mon May  2 21:54:01 2022
step 44946500, will finish Mon May  2 21:53:56 2022
step 44946600, will finish Mon May  2 21:54:31 2022
step 44946700, will finish Mon May  2 21:54:26 2022
imb F 73% pme/F 0.27 step 44946800, will finish Mon May  2 21:54:21 2022
step 44946900, will finish Mon May  2 21:54:16 2022
step 44947000, will finish Mon May  2 21:54:11 2022
step 44947100, will finish Mon May  2 21:55:01 2022
imb F 23% pme/F 0.41 step 44947200, will finish Mon May  2 21:55:13 2022
step 44947300, will finish Mon May  2 21:55:08 2022
step 44947400, will finish Mon May  2 21:56:02 2022
step 44947500, will finish Mon May  2 21:56:19 2022
imb F 59% pme/F 0.36 step 44947600, will finish Mon May  2 21:56:14 2022
step 44947700, will finish Mon May  2 21:56:09 2022
step 44947800, will finish Mon May  2 21:56:04 2022
step 44947900, will finish Mon May  2 21:55:59 2022
imb F 70% pme/F 0.34 step 44948000, will finish Mon May  2 21:55:54 2022
step 44948100, will finish Mon May  2 21:55:49 2022
step 44948200, will finish Mon May  2 21:55:44 2022
step 44948300, will finish Mon May  2 21:55:39 2022
imb F 72% pme/F 0.26 step 44948400, will finish Mon May  2 21:55:33 2022
step 44948500, will finish Mon May  2 21:55:28 2022
step 44948600, will finish Mon May  2 21:55:23 2022
step 44948700, will finish Mon May  2 21:55:18 2022
imb F 31% pme/F 0.33 step 44948800, will finish Mon May  2 21:55:12 2022
step 44948900, will finish Mon May  2 21:55:07 2022
step 44949000, will finish Mon May  2 21:55:02 2022
step 44949100, will finish Mon May  2 21:55:24 2022
imb F 99% pme/F 0.27 step 44949200, will finish Mon May  2 21:55:19 2022
step 44949300, will finish Mon May  2 21:55:19 2022
step 44949400, will finish Mon May  2 21:55:14 2022
step 44949500, will finish Mon May  2 21:55:09 2022
imb F 61% pme/F 0.32 step 44949600, will finish Mon May  2 21:55:04 2022
step 44949700, will finish Mon May  2 21:54:59 2022
step 44949800, will finish Mon May  2 21:54:53 2022
step 44949900, will finish Mon May  2 21:54:48 2022
imb F 13% pme/F 0.19 step 44950000, will finish Mon May  2 21:54:47 2022
step 44950100, will finish Mon May  2 21:54:42 2022
step 44950200, will finish Mon May  2 21:54:37 2022
step 44950300, will finish Mon May  2 21:54:41 2022
imb F 91% pme/F 0.24 step 44950400, will finish Mon May  2 21:54:36 2022
step 44950500, will finish Mon May  2 21:54:31 2022
step 44950600, will finish Mon May  2 21:54:26 2022
step 44950700, will finish Mon May  2 21:54:21 2022
imb F 44% pme/F 0.41 step 44950800, will finish Mon May  2 21:54:16 2022
step 44950900, will finish Mon May  2 21:54:46 2022
step 44951000, will finish Mon May  2 21:54:55 2022
step 44951100, will finish Mon May  2 21:54:51 2022
imb F 44% pme/F 0.35 step 44951200, will finish Mon May  2 21:54:46 2022
step 44951300, will finish Mon May  2 21:54:41 2022
step 44951400, will finish Mon May  2 21:54:35 2022
step 44951500, will finish Mon May  2 21:54:30 2022
imb F 63% pme/F 0.34 step 44951600, will finish Mon May  2 21:54:25 2022
step 44951700, will finish Mon May  2 21:54:20 2022
step 44951800, will finish Mon May  2 21:54:15 2022
step 44951900, will finish Mon May  2 21:54:24 2022
imb F 80% pme/F 0.24 step 44952000, will finish Mon May  2 21:54:19 2022
step 44952100, will finish Mon May  2 21:54:36 2022
step 44952200, will finish Mon May  2 21:54:31 2022
step 44952300, will finish Mon May  2 21:54:31 2022
imb F 86% pme/F 0.23 step 44952400, will finish Mon May  2 21:54:26 2022
step 44952500, will finish Mon May  2 21:54:30 2022
step 44952600, will finish Mon May  2 21:54:25 2022
step 44952700, will finish Mon May  2 21:54:20 2022
imb F 37% pme/F 0.31 step 44952800, will finish Mon May  2 21:54:24 2022
step 44952900, will finish Mon May  2 21:54:19 2022
step 44953000, will finish Mon May  2 21:54:13 2022
step 44953100, will finish Mon May  2 21:54:09 2022
imb F 76% pme/F 0.30 step 44953200, will finish Mon May  2 21:54:03 2022
step 44953300, will finish Mon May  2 21:53:58 2022
step 44953400, will finish Mon May  2 21:53:53 2022
step 44953500, will finish Mon May  2 21:54:02 2022
imb F 61% pme/F 0.22 step 44953600, will finish Mon May  2 21:53:57 2022
step 44953700, will finish Mon May  2 21:53:52 2022
step 44953800, will finish Mon May  2 21:53:47 2022
step 44953900, will finish Mon May  2 21:53:51 2022
imb F 84% pme/F 0.26 step 44954000, will finish Mon May  2 21:53:46 2022
step 44954100, will finish Mon May  2 21:53:41 2022
step 44954200, will finish Mon May  2 21:53:35 2022
step 44954300, will finish Mon May  2 21:53:30 2022
imb F 18% pme/F 0.20 step 44954400, will finish Mon May  2 21:53:35 2022
step 44954500, will finish Mon May  2 21:53:29 2022
step 44954600, will finish Mon May  2 21:53:43 2022
step 44954700, will finish Mon May  2 21:53:38 2022
imb F 53% pme/F 0.31 step 44954800, will finish Mon May  2 21:53:33 2022
step 44954900, will finish Mon May  2 21:53:32 2022
step 44955000, will finish Mon May  2 21:53:27 2022
step 44955100, will finish Mon May  2 21:53:22 2022
imb F  2% pme/F 0.39 step 44955200, will finish Mon May  2 21:53:17 2022
step 44955300, will finish Mon May  2 21:53:32 2022
step 44955400, will finish Mon May  2 21:53:29 2022
step 44955500, will finish Mon May  2 21:53:24 2022
imb F 35% pme/F 0.39 step 44955600, will finish Mon May  2 21:53:19 2022
step 44955700, will finish Mon May  2 21:53:14 2022
step 44955800, will finish Mon May  2 21:53:13 2022
step 44955900, will finish Mon May  2 21:53:08 2022
imb F 41% pme/F 0.16 step 44956000, will finish Mon May  2 21:53:09 2022
step 44956100, will finish Mon May  2 21:53:15 2022
step 44956200, will finish Mon May  2 21:53:10 2022
step 44956300, will finish Mon May  2 21:53:05 2022
imb F 84% pme/F 0.25 step 44956400, will finish Mon May  2 21:53:00 2022
step 44956500, will finish Mon May  2 21:52:55 2022
step 44956600, will finish Mon May  2 21:53:16 2022
step 44956700, will finish Mon May  2 21:53:10 2022
imb F 63% pme/F 0.24 step 44956800, will finish Mon May  2 21:53:05 2022
step 44956900, will finish Mon May  2 21:53:00 2022
step 44957000, will finish Mon May  2 21:52:55 2022
step 44957100, will finish Mon May  2 21:52:55 2022
imb F 88% pme/F 0.24 step 44957200, will finish Mon May  2 21:52:50 2022
step 44957300, will finish Mon May  2 21:52:45 2022
step 44957400, will finish Mon May  2 21:52:40 2022
step 44957500, will finish Mon May  2 21:52:35 2022
imb F 16% pme/F 0.42 step 44957600, will finish Mon May  2 21:52:29 2022
step 44957700, will finish Mon May  2 21:52:24 2022
step 44957800, will finish Mon May  2 21:52:24 2022
step 44957900, will finish Mon May  2 21:52:23 2022
imb F 95% pme/F 0.26 step 44958000, will finish Mon May  2 21:52:18 2022
step 44958100, will finish Mon May  2 21:52:12 2022
step 44958200, will finish Mon May  2 21:52:08 2022
step 44958300, will finish Mon May  2 21:52:02 2022
imb F 53% pme/F 0.30 step 44958400, will finish Mon May  2 21:51:57 2022
step 44958500, will finish Mon May  2 21:51:52 2022
step 44958600, will finish Mon May  2 21:51:47 2022
step 44958700, will finish Mon May  2 21:51:42 2022
imb F 41% pme/F 0.38 step 44958800, will finish Mon May  2 21:51:37 2022
step 44958900, will finish Mon May  2 21:51:32 2022
step 44959000, will finish Mon May  2 21:51:27 2022
step 44959100, will finish Mon May  2 21:51:40 2022
imb F 52% pme/F 0.28 step 44959200, will finish Mon May  2 21:51:35 2022
step 44959300, will finish Mon May  2 21:51:35 2022
step 44959400, will finish Mon May  2 21:51:30 2022
step 44959500, will finish Mon May  2 21:51:38 2022
imb F 59% pme/F 0.28 step 44959600, will finish Mon May  2 21:51:34 2022
step 44959700, will finish Mon May  2 21:51:42 2022
step 44959800, will finish Mon May  2 21:51:37 2022
step 44959900, will finish Mon May  2 21:51:33 2022
imb F 81% pme/F 0.27 step 44960000, will finish Mon May  2 21:51:29 2022
step 44960100, will finish Mon May  2 21:51:29 2022
step 44960200, will finish Mon May  2 21:51:24 2022
step 44960300, will finish Mon May  2 21:51:28 2022
imb F 66% pme/F 0.26 step 44960400, will finish Mon May  2 21:51:23 2022
step 44960500, will finish Mon May  2 21:51:18 2022
step 44960600, will finish Mon May  2 21:51:13 2022
step 44960700, will finish Mon May  2 21:51:08 2022
imb F 29% pme/F 0.38 step 44960800, will finish Mon May  2 21:51:03 2022
step 44960900, will finish Mon May  2 21:50:58 2022
step 44961000, will finish Mon May  2 21:50:53 2022
step 44961100, will finish Mon May  2 21:50:48 2022
imb F 86% pme/F 0.25 step 44961200, will finish Mon May  2 21:50:43 2022
step 44961300, will finish Mon May  2 21:50:38 2022
step 44961400, will finish Mon May  2 21:50:33 2022
step 44961500, will finish Mon May  2 21:50:28 2022
imb F 26% pme/F 0.51 step 44961600, will finish Mon May  2 21:50:23 2022
step 44961700, will finish Mon May  2 21:50:19 2022
step 44961800, will finish Mon May  2 21:50:14 2022
step 44961900, will finish Mon May  2 21:50:09 2022
imb F  5% pme/F 0.36 step 44962000, will finish Mon May  2 21:50:04 2022
step 44962100, will finish Mon May  2 21:49:59 2022
step 44962200, will finish Mon May  2 21:49:53 2022
step 44962300, will finish Mon May  2 21:49:48 2022
imb F 26% pme/F 0.35 step 44962400, will finish Mon May  2 21:49:43 2022
step 44962500, will finish Mon May  2 21:49:38 2022
step 44962600, will finish Mon May  2 21:49:33 2022
step 44962700, will finish Mon May  2 21:49:42 2022
imb F 68% pme/F 0.24 step 44962800, will finish Mon May  2 21:49:37 2022
step 44962900, will finish Mon May  2 21:49:32 2022
step 44963000, will finish Mon May  2 21:49:27 2022
step 44963100, will finish Mon May  2 21:49:22 2022
imb F 64% pme/F 0.30 step 44963200, will finish Mon May  2 21:49:17 2022
step 44963300, will finish Mon May  2 21:49:23 2022
step 44963400, will finish Mon May  2 21:49:39 2022
step 44963500, will finish Mon May  2 21:49:34 2022
imb F 18% pme/F 0.23 step 44963600, will finish Mon May  2 21:49:39 2022
step 44963700, will finish Mon May  2 21:49:34 2022
step 44963800, will finish Mon May  2 21:49:28 2022
step 44963900, will finish Mon May  2 21:49:23 2022
imb F 16% pme/F 0.17 step 44964000, will finish Mon May  2 21:49:23 2022
step 44964100, will finish Mon May  2 21:49:19 2022
step 44964200, will finish Mon May  2 21:49:14 2022
step 44964300, will finish Mon May  2 21:49:09 2022
imb F 55% pme/F 0.32 step 44964400, will finish Mon May  2 21:49:04 2022
step 44964500, will finish Mon May  2 21:48:59 2022
step 44964600, will finish Mon May  2 21:48:54 2022
step 44964700, will finish Mon May  2 21:48:57 2022
imb F 69% pme/F 0.25 step 44964800, will finish Mon May  2 21:48:53 2022
step 44964900, will finish Mon May  2 21:48:48 2022
step 44965000, will finish Mon May  2 21:48:43 2022
step 44965100, will finish Mon May  2 21:48:38 2022
imb F 26% pme/F 0.34 step 44965200, will finish Mon May  2 21:48:33 2022
step 44965300, will finish Mon May  2 21:48:28 2022
step 44965400, will finish Mon May  2 21:48:33 2022
step 44965500, will finish Mon May  2 21:48:28 2022
imb F 22% pme/F 0.19 step 44965600, will finish Mon May  2 21:48:28 2022
step 44965700, will finish Mon May  2 21:48:23 2022
step 44965800, will finish Mon May  2 21:48:18 2022
step 44965900, will finish Mon May  2 21:48:13 2022
imb F 42% pme/F 0.35 step 44966000, will finish Mon May  2 21:48:08 2022
step 44966100, will finish Mon May  2 21:48:39 2022
step 44966200, will finish Mon May  2 21:48:34 2022
step 44966300, will finish Mon May  2 21:48:29 2022
imb F 34% pme/F 0.22 step 44966400, will finish Mon May  2 21:48:24 2022
step 44966500, will finish Mon May  2 21:48:19 2022
step 44966600, will finish Mon May  2 21:48:40 2022
step 44966700, will finish Mon May  2 21:48:36 2022
imb F 19% pme/F 0.21 step 44966800, will finish Mon May  2 21:48:48 2022
step 44966900, will finish Mon May  2 21:48:43 2022
step 44967000, will finish Mon May  2 21:48:40 2022
step 44967100, will finish Mon May  2 21:48:42 2022
imb F 92% pme/F 0.24 step 44967200, will finish Mon May  2 21:48:37 2022
step 44967300, will finish Mon May  2 21:48:49 2022
step 44967400, will finish Mon May  2 21:49:14 2022
step 44967500, will finish Mon May  2 21:49:09 2022
imb F 27% pme/F 0.22 step 44967600, will finish Mon May  2 21:49:09 2022
step 44967700, will finish Mon May  2 21:49:04 2022
step 44967800, will finish Mon May  2 21:49:00 2022
step 44967900, will finish Mon May  2 21:48:54 2022
imb F 48% pme/F 0.38 step 44968000, will finish Mon May  2 21:48:49 2022
step 44968100, will finish Mon May  2 21:48:45 2022
step 44968200, will finish Mon May  2 21:48:40 2022
step 44968300, will finish Mon May  2 21:48:45 2022
imb F 17% pme/F 0.10 step 44968400, will finish Mon May  2 21:48:59 2022
step 44968500, will finish Mon May  2 21:48:54 2022
step 44968600, will finish Mon May  2 21:48:49 2022
step 44968700, will finish Mon May  2 21:48:44 2022
imb F 50% pme/F 0.29 step 44968800, will finish Mon May  2 21:48:39 2022
step 44968900, will finish Mon May  2 21:48:39 2022
step 44969000, will finish Mon May  2 21:48:34 2022
step 44969100, will finish Mon May  2 21:48:29 2022
imb F  7% pme/F 0.38 step 44969200, will finish Mon May  2 21:48:24 2022
step 44969300, will finish Mon May  2 21:48:19 2022
step 44969400, will finish Mon May  2 21:48:32 2022
step 44969500, will finish Mon May  2 21:48:27 2022
imb F 27% pme/F 0.12 step 44969600, will finish Mon May  2 21:48:35 2022
step 44969700, will finish Mon May  2 21:48:46 2022
step 44969800, will finish Mon May  2 21:48:41 2022
step 44969900, will finish Mon May  2 21:48:36 2022
imb F 11% pme/F 0.24 step 44970000, will finish Mon May  2 21:49:01 2022
step 44970100, will finish Mon May  2 21:48:57 2022
step 44970200, will finish Mon May  2 21:49:15 2022
step 44970300, will finish Mon May  2 21:49:44 2022
imb F 61% pme/F 0.36 step 44970400, will finish Mon May  2 21:49:40 2022
step 44970500, will finish Mon May  2 21:49:49 2022
step 44970600, will finish Mon May  2 21:49:51 2022
step 44970700, will finish Mon May  2 21:49:46 2022
imb F 21% pme/F 0.24 step 44970800, will finish Mon May  2 21:49:45 2022
step 44970900, will finish Mon May  2 21:49:40 2022
step 44971000, will finish Mon May  2 21:49:40 2022
step 44971100, will finish Mon May  2 21:49:36 2022
imb F 26% pme/F 0.18 step 44971200, will finish Mon May  2 21:49:43 2022
step 44971300, will finish Mon May  2 21:50:11 2022
step 44971400, will finish Mon May  2 21:50:07 2022
step 44971500, will finish Mon May  2 21:50:02 2022
imb F 12% pme/F 0.38 step 44971600, will finish Mon May  2 21:49:57 2022
step 44971700, will finish Mon May  2 21:49:52 2022
step 44971800, will finish Mon May  2 21:49:47 2022
step 44971900, will finish Mon May  2 21:49:49 2022
imb F 71% pme/F 0.28 step 44972000, will finish Mon May  2 21:49:45 2022
step 44972100, will finish Mon May  2 21:49:40 2022
step 44972200, will finish Mon May  2 21:49:51 2022
step 44972300, will finish Mon May  2 21:49:46 2022
imb F 84% pme/F 0.36 step 44972400, will finish Mon May  2 21:49:41 2022
step 44972500, will finish Mon May  2 21:49:40 2022
step 44972600, will finish Mon May  2 21:49:35 2022
step 44972700, will finish Mon May  2 21:49:30 2022
imb F 16% pme/F 0.14 step 44972800, will finish Mon May  2 21:49:42 2022
step 44972900, will finish Mon May  2 21:49:37 2022
step 44973000, will finish Mon May  2 21:49:52 2022
step 44973100, will finish Mon May  2 21:49:49 2022
imb F 104% pme/F 0.24 step 44973200, will finish Mon May  2 21:49:44 2022
step 44973300, will finish Mon May  2 21:49:40 2022
step 44973400, will finish Mon May  2 21:49:39 2022
step 44973500, will finish Mon May  2 21:49:57 2022
imb F 42% pme/F 0.40 step 44973600, will finish Mon May  2 21:49:53 2022
step 44973700, will finish Mon May  2 21:49:48 2022
step 44973800, will finish Mon May  2 21:49:43 2022
step 44973900, will finish Mon May  2 21:49:38 2022
imb F 52% pme/F 0.32 step 44974000, will finish Mon May  2 21:49:33 2022
step 44974100, will finish Mon May  2 21:49:28 2022
step 44974200, will finish Mon May  2 21:49:31 2022
step 44974300, will finish Mon May  2 21:49:26 2022
imb F 48% pme/F 0.22 step 44974400, will finish Mon May  2 21:49:22 2022
step 44974500, will finish Mon May  2 21:49:17 2022
step 44974600, will finish Mon May  2 21:49:12 2022
step 44974700, will finish Mon May  2 21:49:07 2022
imb F 44% pme/F 0.37 step 44974800, will finish Mon May  2 21:49:03 2022
step 44974900, will finish Mon May  2 21:49:11 2022
step 44975000, will finish Mon May  2 21:49:06 2022
step 44975100, will finish Mon May  2 21:49:21 2022
imb F 12% pme/F 0.08 step 44975200, will finish Mon May  2 21:50:47 2022
step 44975300, will finish Mon May  2 21:51:21 2022
step 44975400, will finish Mon May  2 21:51:16 2022
step 44975500, will finish Mon May  2 21:51:11 2022
imb F 11% pme/F 0.20 step 44975600, will finish Mon May  2 21:51:44 2022
step 44975700, will finish Mon May  2 21:51:39 2022
step 44975800, will finish Mon May  2 21:51:34 2022
step 44975900, will finish Mon May  2 21:52:07 2022
imb F 26% pme/F 0.13 step 44976000, will finish Mon May  2 21:52:15 2022
step 44976100, will finish Mon May  2 21:52:10 2022
step 44976200, will finish Mon May  2 21:52:06 2022
step 44976300, will finish Mon May  2 21:52:01 2022
imb F 26% pme/F 0.23 step 44976400, will finish Mon May  2 21:52:09 2022
step 44976500, will finish Mon May  2 21:52:20 2022
step 44976600, will finish Mon May  2 21:52:15 2022
step 44976700, will finish Mon May  2 21:52:24 2022
imb F 85% pme/F 0.24 step 44976800, will finish Mon May  2 21:52:19 2022
step 44976900, will finish Mon May  2 21:52:14 2022
step 44977000, will finish Mon May  2 21:52:10 2022
step 44977100, will finish Mon May  2 21:52:05 2022
imb F 15% pme/F 0.06 step 44977200, will finish Mon May  2 21:52:38 2022
step 44977300, will finish Mon May  2 21:53:30 2022
step 44977400, will finish Mon May  2 21:53:27 2022
step 44977500, will finish Mon May  2 21:53:22 2022
imb F 18% pme/F 0.35 step 44977600, will finish Mon May  2 21:53:22 2022
step 44977700, will finish Mon May  2 21:53:17 2022
step 44977800, will finish Mon May  2 21:53:13 2022
step 44977900, will finish Mon May  2 21:53:09 2022
imb F 62% pme/F 0.29 step 44978000, will finish Mon May  2 21:53:13 2022
step 44978100, will finish Mon May  2 21:53:08 2022
step 44978200, will finish Mon May  2 21:53:03 2022
step 44978300, will finish Mon May  2 21:52:58 2022
imb F 17% pme/F 0.14 step 44978400, will finish Mon May  2 21:53:02 2022
step 44978500, will finish Mon May  2 21:52:58 2022
step 44978600, will finish Mon May  2 21:52:53 2022
step 44978700, will finish Mon May  2 21:52:48 2022
imb F 61% pme/F 0.24 step 44978800, will finish Mon May  2 21:52:44 2022
step 44978900, will finish Mon May  2 21:52:39 2022
step 44979000, will finish Mon May  2 21:52:35 2022
step 44979100, will finish Mon May  2 21:53:20 2022
imb F 47% pme/F 0.28 step 44979200, will finish Mon May  2 21:53:15 2022
step 44979300, will finish Mon May  2 21:53:10 2022
step 44979400, will finish Mon May  2 21:53:19 2022
step 44979500, will finish Mon May  2 21:53:14 2022
imb F 13% pme/F 0.19 step 44979600, will finish Mon May  2 21:53:26 2022
step 44979700, will finish Mon May  2 21:53:28 2022
step 44979800, will finish Mon May  2 21:53:24 2022
step 44979900, will finish Mon May  2 21:53:19 2022
imb F 56% pme/F 0.38 step 44980000, will finish Mon May  2 21:53:14 2022
step 44980100, will finish Mon May  2 21:53:09 2022
step 44980200, will finish Mon May  2 21:53:05 2022
step 44980300, will finish Mon May  2 21:53:08 2022
imb F 14% pme/F 0.35 step 44980400, will finish Mon May  2 21:53:12 2022
step 44980500, will finish Mon May  2 21:53:07 2022
step 44980600, will finish Mon May  2 21:53:03 2022
step 44980700, will finish Mon May  2 21:52:58 2022
imb F 14% pme/F 0.10 step 44980800, will finish Mon May  2 21:53:07 2022
step 44980900, will finish Mon May  2 21:53:02 2022
step 44981000, will finish Mon May  2 21:52:57 2022
step 44981100, will finish Mon May  2 21:53:34 2022
imb F 99% pme/F 0.32 step 44981200, will finish Mon May  2 21:53:29 2022
step 44981300, will finish Mon May  2 21:53:40 2022
step 44981400, will finish Mon May  2 21:53:40 2022
step 44981500, will finish Mon May  2 21:53:36 2022
imb F 36% pme/F 0.18 step 44981600, will finish Mon May  2 21:53:35 2022
step 44981700, will finish Mon May  2 21:53:38 2022
step 44981800, will finish Mon May  2 21:53:33 2022
step 44981900, will finish Mon May  2 21:53:32 2022
imb F 19% pme/F 0.11 step 44982000, will finish Mon May  2 21:53:38 2022
step 44982100, will finish Mon May  2 21:53:44 2022
step 44982200, will finish Mon May  2 21:53:56 2022
step 44982300, will finish Mon May  2 21:53:51 2022
imb F 37% pme/F 0.33 step 44982400, will finish Mon May  2 21:53:46 2022
step 44982500, will finish Mon May  2 21:54:08 2022
step 44982600, will finish Mon May  2 21:54:17 2022
step 44982700, will finish Mon May  2 21:54:13 2022
imb F 19% pme/F 0.10 step 44982800, will finish Mon May  2 21:54:26 2022
step 44982900, will finish Mon May  2 21:55:15 2022
step 44983000, will finish Mon May  2 21:55:39 2022
step 44983100, will finish Mon May  2 21:56:13 2022
imb F 45% pme/F 0.34 step 44983200, will finish Mon May  2 21:56:09 2022
step 44983300, will finish Mon May  2 21:56:04 2022
step 44983400, will finish Mon May  2 21:55:59 2022
step 44983500, will finish Mon May  2 21:55:54 2022
imb F 73% pme/F 0.28 step 44983600, will finish Mon May  2 21:55:55 2022
step 44983700, will finish Mon May  2 21:55:50 2022
step 44983800, will finish Mon May  2 21:56:11 2022
step 44983900, will finish Mon May  2 21:56:06 2022
imb F 46% pme/F 0.22 step 44984000, will finish Mon May  2 21:56:03 2022
step 44984100, will finish Mon May  2 21:56:03 2022
step 44984200, will finish Mon May  2 21:55:58 2022
step 44984300, will finish Mon May  2 21:56:07 2022
imb F 50% pme/F 0.27 step 44984400, will finish Mon May  2 21:56:02 2022
step 44984500, will finish Mon May  2 21:55:57 2022
step 44984600, will finish Mon May  2 21:56:00 2022
step 44984700, will finish Mon May  2 21:55:55 2022
imb F 18% pme/F 0.41 step 44984800, will finish Mon May  2 21:55:50 2022
step 44984900, will finish Mon May  2 21:55:45 2022
step 44985000, will finish Mon May  2 21:55:40 2022
step 44985100, will finish Mon May  2 21:55:44 2022
imb F 81% pme/F 0.26 step 44985200, will finish Mon May  2 21:55:40 2022
step 44985300, will finish Mon May  2 21:55:52 2022
step 44985400, will finish Mon May  2 21:55:47 2022
step 44985500, will finish Mon May  2 21:55:42 2022
imb F 50% pme/F 0.35 step 44985600, will finish Mon May  2 21:55:37 2022
step 44985700, will finish Mon May  2 21:55:32 2022
step 44985800, will finish Mon May  2 21:55:39 2022
step 44985900, will finish Mon May  2 21:55:34 2022
imb F 52% pme/F 0.30 step 44986000, will finish Mon May  2 21:55:29 2022
step 44986100, will finish Mon May  2 21:55:25 2022
step 44986200, will finish Mon May  2 21:55:20 2022
step 44986300, will finish Mon May  2 21:55:15 2022
imb F 84% pme/F 0.27 step 44986400, will finish Mon May  2 21:55:10 2022
step 44986500, will finish Mon May  2 21:55:14 2022
step 44986600, will finish Mon May  2 21:55:10 2022
step 44986700, will finish Mon May  2 21:55:05 2022
imb F 56% pme/F 0.40 step 44986800, will finish Mon May  2 21:55:00 2022
step 44986900, will finish Mon May  2 21:54:55 2022
step 44987000, will finish Mon May  2 21:55:21 2022
step 44987100, will finish Mon May  2 21:55:39 2022
imb F 45% pme/F 0.34 step 44987200, will finish Mon May  2 21:55:38 2022
step 44987300, will finish Mon May  2 21:55:33 2022
step 44987400, will finish Mon May  2 21:55:28 2022
step 44987500, will finish Mon May  2 21:55:23 2022
imb F 29% pme/F 0.39 step 44987600, will finish Mon May  2 21:55:18 2022
step 44987700, will finish Mon May  2 21:55:13 2022
step 44987800, will finish Mon May  2 21:55:09 2022
step 44987900, will finish Mon May  2 21:55:04 2022
imb F 43% pme/F 0.31 step 44988000, will finish Mon May  2 21:55:00 2022
step 44988100, will finish Mon May  2 21:55:13 2022
step 44988200, will finish Mon May  2 21:55:08 2022
step 44988300, will finish Mon May  2 21:55:04 2022
imb F 105% pme/F 0.23 step 44988400, will finish Mon May  2 21:55:00 2022
step 44988500, will finish Mon May  2 21:54:55 2022
step 44988600, will finish Mon May  2 21:54:50 2022
step 44988700, will finish Mon May  2 21:54:45 2022
imb F 83% pme/F 0.35 step 44988800, will finish Mon May  2 21:54:40 2022
step 44988900, will finish Mon May  2 21:54:35 2022
step 44989000, will finish Mon May  2 21:54:30 2022
step 44989100, will finish Mon May  2 21:54:26 2022
imb F 23% pme/F 0.18 step 44989200, will finish Mon May  2 21:54:24 2022
step 44989300, will finish Mon May  2 21:54:20 2022
step 44989400, will finish Mon May  2 21:54:15 2022
step 44989500, will finish Mon May  2 21:54:10 2022
imb F 80% pme/F 0.27 step 44989600, will finish Mon May  2 21:54:05 2022
step 44989700, will finish Mon May  2 21:54:00 2022
step 44989800, will finish Mon May  2 21:54:02 2022
step 44989900, will finish Mon May  2 21:54:05 2022
imb F 72% pme/F 0.28 step 44990000, will finish Mon May  2 21:54:00 2022
step 44990100, will finish Mon May  2 21:54:04 2022
step 44990200, will finish Mon May  2 21:54:00 2022
step 44990300, will finish Mon May  2 21:53:55 2022
imb F 89% pme/F 0.26 step 44990400, will finish Mon May  2 21:53:50 2022
step 44990500, will finish Mon May  2 21:53:46 2022
step 44990600, will finish Mon May  2 21:53:41 2022
step 44990700, will finish Mon May  2 21:53:37 2022
imb F 14% pme/F 0.33 step 44990800, will finish Mon May  2 21:53:52 2022
step 44990900, will finish Mon May  2 21:53:47 2022
step 44991000, will finish Mon May  2 21:53:42 2022
step 44991100, will finish Mon May  2 21:53:41 2022
imb F 19% pme/F 0.11 step 44991200, will finish Mon May  2 21:53:52 2022
step 44991300, will finish Mon May  2 21:53:47 2022
step 44991400, will finish Mon May  2 21:54:07 2022
step 44991500, will finish Mon May  2 21:54:48 2022
imb F 62% pme/F 0.28 step 44991600, will finish Mon May  2 21:54:43 2022
step 44991700, will finish Mon May  2 21:54:38 2022
step 44991800, will finish Mon May  2 21:54:33 2022
step 44991900, will finish Mon May  2 21:54:28 2022
imb F 29% pme/F 0.41 step 44992000, will finish Mon May  2 21:54:23 2022
step 44992100, will finish Mon May  2 21:54:18 2022
step 44992200, will finish Mon May  2 21:54:13 2022
step 44992300, will finish Mon May  2 21:54:08 2022
imb F 14% pme/F 0.19 step 44992400, will finish Mon May  2 21:54:15 2022
step 44992500, will finish Mon May  2 21:54:10 2022
step 44992600, will finish Mon May  2 21:54:05 2022
step 44992700, will finish Mon May  2 21:54:00 2022
imb F 60% pme/F 0.27 step 44992800, will finish Mon May  2 21:53:56 2022
step 44992900, will finish Mon May  2 21:54:03 2022
step 44993000, will finish Mon May  2 21:53:58 2022
step 44993100, will finish Mon May  2 21:53:59 2022
imb F 16% pme/F 0.34 step 44993200, will finish Mon May  2 21:53:54 2022
step 44993300, will finish Mon May  2 21:53:54 2022
step 44993400, will finish Mon May  2 21:53:50 2022
step 44993500, will finish Mon May  2 21:53:46 2022
imb F 43% pme/F 0.41 step 44993600, will finish Mon May  2 21:53:42 2022
step 44993700, will finish Mon May  2 21:53:37 2022
step 44993800, will finish Mon May  2 21:53:32 2022
step 44993900, will finish Mon May  2 21:53:27 2022
imb F 34% pme/F 0.36 step 44994000, will finish Mon May  2 21:53:23 2022
step 44994100, will finish Mon May  2 21:53:18 2022
step 44994200, will finish Mon May  2 21:53:21 2022
step 44994300, will finish Mon May  2 21:53:17 2022
imb F 47% pme/F 0.20 step 44994400, will finish Mon May  2 21:53:13 2022
step 44994500, will finish Mon May  2 21:53:09 2022
step 44994600, will finish Mon May  2 21:53:04 2022
step 44994700, will finish Mon May  2 21:52:59 2022
imb F 18% pme/F 0.14 step 44994800, will finish Mon May  2 21:53:01 2022
step 44994900, will finish Mon May  2 21:53:01 2022
step 44995000, will finish Mon May  2 21:52:57 2022
step 44995100, will finish Mon May  2 21:52:59 2022
imb F 11% pme/F 0.11 step 44995200, will finish Mon May  2 21:53:15 2022
step 44995300, will finish Mon May  2 21:53:10 2022
step 44995400, will finish Mon May  2 21:53:06 2022
step 44995500, will finish Mon May  2 21:53:01 2022
imb F 12% pme/F 0.15 step 44995600, will finish Mon May  2 21:53:26 2022
step 44995700, will finish Mon May  2 21:53:21 2022
step 44995800, will finish Mon May  2 21:53:16 2022
step 44995900, will finish Mon May  2 21:53:45 2022
imb F 83% pme/F 0.28 step 44996000, will finish Mon May  2 21:53:40 2022
step 44996100, will finish Mon May  2 21:53:35 2022
step 44996200, will finish Mon May  2 21:53:30 2022
step 44996300, will finish Mon May  2 21:53:25 2022
imb F 20% pme/F 0.08 step 44996400, will finish Mon May  2 21:53:30 2022
step 44996500, will finish Mon May  2 21:53:26 2022
step 44996600, will finish Mon May  2 21:53:20 2022
step 44996700, will finish Mon May  2 21:53:16 2022
imb F 74% pme/F 0.42 step 44996800, will finish Mon May  2 21:53:12 2022
step 44996900, will finish Mon May  2 21:53:07 2022
step 44997000, will finish Mon May  2 21:53:11 2022
step 44997100, will finish Mon May  2 21:53:35 2022
imb F 26% pme/F 0.42 step 44997200, will finish Mon May  2 21:53:31 2022
step 44997300, will finish Mon May  2 21:53:28 2022
step 44997400, will finish Mon May  2 21:53:23 2022
step 44997500, will finish Mon May  2 21:53:18 2022
imb F 85% pme/F 0.25 step 44997600, will finish Mon May  2 21:53:14 2022
step 44997700, will finish Mon May  2 21:53:16 2022
step 44997800, will finish Mon May  2 21:53:31 2022
step 44997900, will finish Mon May  2 21:53:42 2022
imb F 75% pme/F 0.26 step 44998000, will finish Mon May  2 21:53:37 2022
step 44998100, will finish Mon May  2 21:53:32 2022
step 44998200, will finish Mon May  2 21:53:27 2022
step 44998300, will finish Mon May  2 21:53:23 2022
imb F 19% pme/F 0.24 step 44998400, will finish Mon May  2 21:53:29 2022
step 44998500, will finish Mon May  2 21:53:52 2022
step 44998600, will finish Mon May  2 21:53:50 2022
step 44998700, will finish Mon May  2 21:54:01 2022
imb F 94% pme/F 0.25 step 44998800, will finish Mon May  2 21:53:56 2022
step 44998900, will finish Mon May  2 21:53:51 2022
step 44999000, will finish Mon May  2 21:54:02 2022
step 44999100, will finish Mon May  2 21:54:00 2022
imb F 56% pme/F 0.27 step 44999200, will finish Mon May  2 21:53:55 2022
step 44999300, will finish Mon May  2 21:54:08 2022
step 44999400, will finish Mon May  2 21:54:04 2022
step 44999500, will finish Mon May  2 21:54:04 2022
imb F 57% pme/F 0.25 step 44999600, will finish Mon May  2 21:54:01 2022
step 44999700, will finish Mon May  2 21:53:56 2022
step 44999800, will finish Mon May  2 21:53:51 2022
step 44999900, will finish Mon May  2 21:53:46 2022
imb F 51% pme/F 0.31 step 45000000, will finish Mon May  2 21:53:42 2022
step 45000100, will finish Mon May  2 21:53:59 2022
step 45000200, will finish Mon May  2 21:53:54 2022
step 45000300, will finish Mon May  2 21:53:51 2022
imb F  9% pme/F 0.38 step 45000400, will finish Mon May  2 21:54:19 2022
step 45000500, will finish Mon May  2 21:54:32 2022
step 45000600, will finish Mon May  2 21:54:27 2022
step 45000700, will finish Mon May  2 21:54:22 2022
imb F 92% pme/F 0.26 step 45000800, will finish Mon May  2 21:54:18 2022
step 45000900, will finish Mon May  2 21:54:13 2022
step 45001000, will finish Mon May  2 21:54:31 2022
step 45001100, will finish Mon May  2 21:54:27 2022
imb F 32% pme/F 0.44 step 45001200, will finish Mon May  2 21:54:22 2022
step 45001300, will finish Mon May  2 21:54:17 2022
step 45001400, will finish Mon May  2 21:54:13 2022
step 45001500, will finish Mon May  2 21:54:08 2022
imb F  9% pme/F 0.31 step 45001600, will finish Mon May  2 21:54:26 2022
step 45001700, will finish Mon May  2 21:54:21 2022
step 45001800, will finish Mon May  2 21:54:20 2022
step 45001900, will finish Mon May  2 21:54:29 2022
imb F  8% pme/F 0.24 step 45002000, will finish Mon May  2 21:54:25 2022
step 45002100, will finish Mon May  2 21:54:36 2022
step 45002200, will finish Mon May  2 21:54:31 2022
step 45002300, will finish Mon May  2 21:54:29 2022
imb F 51% pme/F 0.43 step 45002400, will finish Mon May  2 21:54:35 2022
step 45002500, will finish Mon May  2 21:54:30 2022
step 45002600, will finish Mon May  2 21:54:37 2022
step 45002700, will finish Mon May  2 21:54:32 2022
imb F 35% pme/F 0.39 step 45002800, will finish Mon May  2 21:54:28 2022
step 45002900, will finish Mon May  2 21:54:23 2022
step 45003000, will finish Mon May  2 21:54:23 2022
step 45003100, will finish Mon May  2 21:54:37 2022
imb F  8% pme/F 0.15 step 45003200, will finish Mon May  2 21:55:24 2022
step 45003300, will finish Mon May  2 21:55:39 2022
step 45003400, will finish Mon May  2 21:56:02 2022
step 45003500, will finish Mon May  2 21:56:08 2022
imb F 82% pme/F 0.27 step 45003600, will finish Mon May  2 21:56:04 2022
step 45003700, will finish Mon May  2 21:55:59 2022
step 45003800, will finish Mon May  2 21:55:54 2022
step 45003900, will finish Mon May  2 21:56:02 2022
imb F 11% pme/F 0.30 step 45004000, will finish Mon May  2 21:56:39 2022
step 45004100, will finish Mon May  2 21:56:34 2022
step 45004200, will finish Mon May  2 21:56:44 2022
step 45004300, will finish Mon May  2 21:56:43 2022
imb F 29% pme/F 0.30 step 45004400, will finish Mon May  2 21:56:57 2022
step 45004500, will finish Mon May  2 21:56:53 2022
step 45004600, will finish Mon May  2 21:57:17 2022
step 45004700, will finish Mon May  2 21:57:33 2022
imb F 19% pme/F 0.44 step 45004800, will finish Mon May  2 21:57:29 2022
step 45004900, will finish Mon May  2 21:57:31 2022
step 45005000, will finish Mon May  2 21:57:25 2022
step 45005100, will finish Mon May  2 21:57:21 2022
imb F 64% pme/F 0.27 step 45005200, will finish Mon May  2 21:57:16 2022
step 45005300, will finish Mon May  2 21:57:12 2022
step 45005400, will finish Mon May  2 21:57:17 2022
step 45005500, will finish Mon May  2 21:57:12 2022
imb F 75% pme/F 0.26 step 45005600, will finish Mon May  2 21:57:09 2022
step 45005700, will finish Mon May  2 21:57:26 2022
step 45005800, will finish Mon May  2 21:57:21 2022
step 45005900, will finish Mon May  2 21:57:16 2022
imb F 12% pme/F 0.29 step 45006000, will finish Mon May  2 21:57:27 2022
step 45006100, will finish Mon May  2 21:57:22 2022
step 45006200, will finish Mon May  2 21:57:17 2022
step 45006300, will finish Mon May  2 21:57:12 2022
imb F 65% pme/F 0.35 step 45006400, will finish Mon May  2 21:57:08 2022
step 45006500, will finish Mon May  2 21:57:03 2022
step 45006600, will finish Mon May  2 21:56:58 2022
step 45006700, will finish Mon May  2 21:56:53 2022
imb F 12% pme/F 0.21 step 45006800, will finish Mon May  2 21:57:08 2022
step 45006900, will finish Mon May  2 21:57:03 2022
step 45007000, will finish Mon May  2 21:56:58 2022
step 45007100, will finish Mon May  2 21:57:43 2022
imb F 83% pme/F 0.26 step 45007200, will finish Mon May  2 21:57:38 2022
step 45007300, will finish Mon May  2 21:57:33 2022
step 45007400, will finish Mon May  2 21:57:29 2022
step 45007500, will finish Mon May  2 21:57:24 2022
imb F 16% pme/F 0.47 step 45007600, will finish Mon May  2 21:57:19 2022
step 45007700, will finish Mon May  2 21:57:14 2022
step 45007800, will finish Mon May  2 21:57:27 2022
step 45007900, will finish Mon May  2 21:57:22 2022
imb F 60% pme/F 0.31 step 45008000, will finish Mon May  2 21:57:18 2022
step 45008100, will finish Mon May  2 21:57:13 2022
step 45008200, will finish Mon May  2 21:57:08 2022
step 45008300, will finish Mon May  2 21:57:03 2022
imb F 61% pme/F 0.28 step 45008400, will finish Mon May  2 21:56:59 2022
step 45008500, will finish Mon May  2 21:56:54 2022
step 45008600, will finish Mon May  2 21:56:49 2022
step 45008700, will finish Mon May  2 21:56:54 2022
imb F 18% pme/F 0.22 step 45008800, will finish Mon May  2 21:57:21 2022
step 45008900, will finish Mon May  2 21:57:16 2022
step 45009000, will finish Mon May  2 21:57:20 2022
step 45009100, will finish Mon May  2 21:57:15 2022
imb F 58% pme/F 0.30 step 45009200, will finish Mon May  2 21:57:10 2022
step 45009300, will finish Mon May  2 21:57:06 2022
step 45009400, will finish Mon May  2 21:57:01 2022
step 45009500, will finish Mon May  2 21:57:24 2022
imb F 38% pme/F 0.16 step 45009600, will finish Mon May  2 21:57:23 2022
step 45009700, will finish Mon May  2 21:57:21 2022
step 45009800, will finish Mon May  2 21:57:16 2022
step 45009900, will finish Mon May  2 21:57:17 2022
imb F 71% pme/F 0.26 step 45010000, will finish Mon May  2 21:57:12 2022
step 45010100, will finish Mon May  2 21:57:11 2022
step 45010200, will finish Mon May  2 21:57:13 2022
step 45010300, will finish Mon May  2 21:57:09 2022
imb F 17% pme/F 0.43 step 45010400, will finish Mon May  2 21:57:04 2022
step 45010500, will finish Mon May  2 21:56:59 2022
step 45010600, will finish Mon May  2 21:56:55 2022
step 45010700, will finish Mon May  2 21:57:06 2022
imb F 17% pme/F 0.13 step 45010800, will finish Mon May  2 21:57:04 2022
step 45010900, will finish Mon May  2 21:57:00 2022
step 45011000, will finish Mon May  2 21:56:56 2022
step 45011100, will finish Mon May  2 21:56:52 2022
imb F 47% pme/F 0.28 step 45011200, will finish Mon May  2 21:56:52 2022
step 45011300, will finish Mon May  2 21:56:48 2022
step 45011400, will finish Mon May  2 21:56:58 2022
step 45011500, will finish Mon May  2 21:57:14 2022
imb F 13% pme/F 0.22 step 45011600, will finish Mon May  2 21:57:42 2022
step 45011700, will finish Mon May  2 21:58:04 2022
step 45011800, will finish Mon May  2 21:57:59 2022
step 45011900, will finish Mon May  2 21:57:55 2022
imb F 13% pme/F 0.13 step 45012000, will finish Mon May  2 21:58:43 2022
step 45012100, will finish Mon May  2 21:58:39 2022
step 45012200, will finish Mon May  2 21:58:43 2022
step 45012300, will finish Mon May  2 21:59:00 2022
imb F 79% pme/F 0.25 step 45012400, will finish Mon May  2 21:58:56 2022
step 45012500, will finish Mon May  2 21:59:03 2022
step 45012600, will finish Mon May  2 21:58:59 2022
step 45012700, will finish Mon May  2 21:58:54 2022
imb F 27% pme/F 0.34 step 45012800, will finish Mon May  2 21:58:49 2022
step 45012900, will finish Mon May  2 21:58:45 2022
step 45013000, will finish Mon May  2 21:58:42 2022
step 45013100, will finish Mon May  2 21:58:49 2022
imb F 58% pme/F 0.28 step 45013200, will finish Mon May  2 21:58:54 2022
step 45013300, will finish Mon May  2 21:58:49 2022
step 45013400, will finish Mon May  2 21:58:44 2022
step 45013500, will finish Mon May  2 21:58:39 2022
imb F 18% pme/F 0.21 step 45013600, will finish Mon May  2 21:58:52 2022
step 45013700, will finish Mon May  2 21:58:47 2022
step 45013800, will finish Mon May  2 21:59:20 2022
step 45013900, will finish Mon May  2 21:59:15 2022
imb F 26% pme/F 0.16 step 45014000, will finish Mon May  2 21:59:14 2022
step 45014100, will finish Mon May  2 21:59:09 2022
step 45014200, will finish Mon May  2 21:59:04 2022
step 45014300, will finish Mon May  2 21:59:00 2022
imb F 73% pme/F 0.26 step 45014400, will finish Mon May  2 21:58:55 2022
step 45014500, will finish Mon May  2 21:58:52 2022
step 45014600, will finish Mon May  2 21:58:47 2022
step 45014700, will finish Mon May  2 21:58:43 2022
imb F 38% pme/F 0.30 step 45014800, will finish Mon May  2 21:58:38 2022
step 45014900, will finish Mon May  2 21:58:39 2022
step 45015000, will finish Mon May  2 21:58:34 2022
step 45015100, will finish Mon May  2 21:58:35 2022
imb F 41% pme/F 0.35 step 45015200, will finish Mon May  2 21:58:30 2022
step 45015300, will finish Mon May  2 21:58:32 2022
step 45015400, will finish Mon May  2 21:58:39 2022
step 45015500, will finish Mon May  2 21:58:35 2022
imb F 17% pme/F 0.42 step 45015600, will finish Mon May  2 21:58:41 2022
step 45015700, will finish Mon May  2 21:58:52 2022
step 45015800, will finish Mon May  2 21:58:47 2022
step 45015900, will finish Mon May  2 21:58:43 2022
imb F 10% pme/F 0.54 step 45016000, will finish Mon May  2 21:58:38 2022
step 45016100, will finish Mon May  2 21:58:34 2022
step 45016200, will finish Mon May  2 21:59:04 2022
step 45016300, will finish Mon May  2 21:59:42 2022
imb F 24% pme/F 0.16 step 45016400, will finish Mon May  2 21:59:41 2022
step 45016500, will finish Mon May  2 21:59:39 2022
step 45016600, will finish Mon May  2 21:59:35 2022
step 45016700, will finish Mon May  2 21:59:31 2022
imb F  3% pme/F 0.27 step 45016800, will finish Mon May  2 21:59:26 2022
step 45016900, will finish Mon May  2 21:59:22 2022
step 45017000, will finish Mon May  2 21:59:17 2022
step 45017100, will finish Mon May  2 21:59:28 2022
imb F 45% pme/F 0.28 step 45017200, will finish Mon May  2 21:59:24 2022
step 45017300, will finish Mon May  2 21:59:20 2022
step 45017400, will finish Mon May  2 21:59:34 2022
step 45017500, will finish Mon May  2 21:59:29 2022
imb F 94% pme/F 0.26 step 45017600, will finish Mon May  2 21:59:25 2022
step 45017700, will finish Mon May  2 21:59:33 2022
step 45017800, will finish Mon May  2 21:59:29 2022
step 45017900, will finish Mon May  2 21:59:24 2022
imb F 53% pme/F 0.35 step 45018000, will finish Mon May  2 21:59:20 2022
step 45018100, will finish Mon May  2 21:59:30 2022
step 45018200, will finish Mon May  2 21:59:56 2022
step 45018300, will finish Mon May  2 21:59:52 2022
imb F 51% pme/F 0.39 step 45018400, will finish Mon May  2 21:59:47 2022
step 45018500, will finish Mon May  2 21:59:57 2022
step 45018600, will finish Mon May  2 22:00:19 2022
step 45018700, will finish Mon May  2 22:00:25 2022
imb F 53% pme/F 0.33 step 45018800, will finish Mon May  2 22:00:20 2022
step 45018900, will finish Mon May  2 22:00:16 2022
step 45019000, will finish Mon May  2 22:00:11 2022
step 45019100, will finish Mon May  2 22:00:07 2022
imb F 48% pme/F 0.30 step 45019200, will finish Mon May  2 22:00:03 2022
step 45019300, will finish Mon May  2 21:59:59 2022
step 45019400, will finish Mon May  2 21:59:55 2022
step 45019500, will finish Mon May  2 22:00:04 2022
imb F 11% pme/F 0.43 step 45019600, will finish Mon May  2 21:59:59 2022
step 45019700, will finish Mon May  2 21:59:56 2022
step 45019800, will finish Mon May  2 22:00:02 2022
step 45019900, will finish Mon May  2 22:00:31 2022
imb F 30% pme/F 0.20 step 45020000, will finish Mon May  2 22:00:32 2022
step 45020100, will finish Mon May  2 22:00:28 2022
step 45020200, will finish Mon May  2 22:01:11 2022
step 45020300, will finish Mon May  2 22:01:07 2022
imb F 42% pme/F 0.31 step 45020400, will finish Mon May  2 22:01:02 2022
step 45020500, will finish Mon May  2 22:00:57 2022
step 45020600, will finish Mon May  2 22:00:53 2022
step 45020700, will finish Mon May  2 22:00:48 2022
imb F  9% pme/F 0.16 step 45020800, will finish Mon May  2 22:01:26 2022
step 45020900, will finish Mon May  2 22:01:21 2022
step 45021000, will finish Mon May  2 22:01:18 2022
step 45021100, will finish Mon May  2 22:01:13 2022
imb F 22% pme/F 0.25 step 45021200, will finish Mon May  2 22:01:18 2022
step 45021300, will finish Mon May  2 22:01:13 2022
step 45021400, will finish Mon May  2 22:01:19 2022
step 45021500, will finish Mon May  2 22:01:22 2022
imb F 26% pme/F 0.48 step 45021600, will finish Mon May  2 22:01:17 2022
step 45021700, will finish Mon May  2 22:01:13 2022
step 45021800, will finish Mon May  2 22:01:08 2022
step 45021900, will finish Mon May  2 22:01:03 2022
imb F 58% pme/F 0.27 step 45022000, will finish Mon May  2 22:00:59 2022
step 45022100, will finish Mon May  2 22:00:54 2022
step 45022200, will finish Mon May  2 22:00:50 2022
step 45022300, will finish Mon May  2 22:00:45 2022
imb F 92% pme/F 0.24 step 45022400, will finish Mon May  2 22:00:40 2022
step 45022500, will finish Mon May  2 22:00:44 2022
step 45022600, will finish Mon May  2 22:00:41 2022
step 45022700, will finish Mon May  2 22:00:37 2022
imb F 20% pme/F 0.50 step 45022800, will finish Mon May  2 22:00:32 2022
step 45022900, will finish Mon May  2 22:00:28 2022
step 45023000, will finish Mon May  2 22:00:23 2022
step 45023100, will finish Mon May  2 22:00:18 2022
imb F 62% pme/F 0.32 step 45023200, will finish Mon May  2 22:00:13 2022
step 45023300, will finish Mon May  2 22:00:14 2022
step 45023400, will finish Mon May  2 22:00:10 2022
step 45023500, will finish Mon May  2 22:01:05 2022
imb F 59% pme/F 0.42 step 45023600, will finish Mon May  2 22:01:12 2022
step 45023700, will finish Mon May  2 22:01:08 2022
step 45023800, will finish Mon May  2 22:01:37 2022
step 45023900, will finish Mon May  2 22:02:03 2022
imb F 14% pme/F 0.11 step 45024000, will finish Mon May  2 22:02:30 2022
step 45024100, will finish Mon May  2 22:02:35 2022
step 45024200, will finish Mon May  2 22:02:30 2022
step 45024300, will finish Mon May  2 22:02:26 2022
imb F 28% pme/F 0.09 step 45024400, will finish Mon May  2 22:02:37 2022
step 45024500, will finish Mon May  2 22:02:32 2022
step 45024600, will finish Mon May  2 22:02:32 2022
step 45024700, will finish Mon May  2 22:02:28 2022
imb F 20% pme/F 0.20 step 45024800, will finish Mon May  2 22:02:36 2022
step 45024900, will finish Mon May  2 22:02:41 2022
step 45025000, will finish Mon May  2 22:02:36 2022
step 45025100, will finish Mon May  2 22:02:44 2022
imb F 105% pme/F 0.23 step 45025200, will finish Mon May  2 22:02:40 2022
step 45025300, will finish Mon May  2 22:02:35 2022
step 45025400, will finish Mon May  2 22:02:53 2022
step 45025500, will finish Mon May  2 22:02:49 2022
imb F 44% pme/F 0.31 step 45025600, will finish Mon May  2 22:02:44 2022
step 45025700, will finish Mon May  2 22:02:40 2022
step 45025800, will finish Mon May  2 22:02:35 2022
step 45025900, will finish Mon May  2 22:02:54 2022
imb F  3% pme/F 0.34 step 45026000, will finish Mon May  2 22:02:50 2022
step 45026100, will finish Mon May  2 22:02:45 2022
step 45026200, will finish Mon May  2 22:02:40 2022
step 45026300, will finish Mon May  2 22:02:37 2022
imb F 93% pme/F 0.25 step 45026400, will finish Mon May  2 22:02:32 2022
step 45026500, will finish Mon May  2 22:02:28 2022
step 45026600, will finish Mon May  2 22:02:23 2022
step 45026700, will finish Mon May  2 22:02:24 2022
imb F 64% pme/F 0.26 step 45026800, will finish Mon May  2 22:02:19 2022
step 45026900, will finish Mon May  2 22:02:35 2022
step 45027000, will finish Mon May  2 22:02:30 2022
step 45027100, will finish Mon May  2 22:02:26 2022
imb F 22% pme/F 0.16 step 45027200, will finish Mon May  2 22:02:24 2022
step 45027300, will finish Mon May  2 22:02:20 2022
step 45027400, will finish Mon May  2 22:02:16 2022
step 45027500, will finish Mon May  2 22:02:14 2022
imb F 14% pme/F 0.33 step 45027600, will finish Mon May  2 22:02:48 2022
step 45027700, will finish Mon May  2 22:02:43 2022
step 45027800, will finish Mon May  2 22:02:39 2022
step 45027900, will finish Mon May  2 22:02:35 2022
imb F 14% pme/F 0.20 step 45028000, will finish Mon May  2 22:02:33 2022
step 45028100, will finish Mon May  2 22:02:44 2022
step 45028200, will finish Mon May  2 22:02:39 2022
step 45028300, will finish Mon May  2 22:02:35 2022
imb F 18% pme/F 0.34 step 45028400, will finish Mon May  2 22:02:41 2022
step 45028500, will finish Mon May  2 22:02:36 2022
step 45028600, will finish Mon May  2 22:02:32 2022
step 45028700, will finish Mon May  2 22:02:34 2022
imb F  1% pme/F 0.31 step 45028800, will finish Mon May  2 22:02:30 2022
step 45028900, will finish Mon May  2 22:02:31 2022
step 45029000, will finish Mon May  2 22:02:34 2022
step 45029100, will finish Mon May  2 22:02:52 2022
imb F 11% pme/F 0.33 step 45029200, will finish Mon May  2 22:03:06 2022
step 45029300, will finish Mon May  2 22:03:02 2022
step 45029400, will finish Mon May  2 22:02:57 2022
step 45029500, will finish Mon May  2 22:03:34 2022
imb F 17% pme/F 0.18 step 45029600, will finish Mon May  2 22:04:16 2022
step 45029700, will finish Mon May  2 22:04:11 2022
step 45029800, will finish Mon May  2 22:04:23 2022
step 45029900, will finish Mon May  2 22:04:19 2022
imb F 14% pme/F 0.16 step 45030000, will finish Mon May  2 22:04:22 2022
step 45030100, will finish Mon May  2 22:04:18 2022
step 45030200, will finish Mon May  2 22:04:14 2022
step 45030300, will finish Mon May  2 22:04:10 2022
imb F 20% pme/F 0.13 step 45030400, will finish Mon May  2 22:04:10 2022
step 45030500, will finish Mon May  2 22:04:06 2022
step 45030600, will finish Mon May  2 22:04:01 2022
step 45030700, will finish Mon May  2 22:03:56 2022
imb F 68% pme/F 0.28 step 45030800, will finish Mon May  2 22:03:51 2022
step 45030900, will finish Mon May  2 22:03:48 2022
step 45031000, will finish Mon May  2 22:03:43 2022
step 45031100, will finish Mon May  2 22:03:39 2022
imb F 37% pme/F 0.35 step 45031200, will finish Mon May  2 22:03:34 2022
step 45031300, will finish Mon May  2 22:03:45 2022
step 45031400, will finish Mon May  2 22:03:40 2022
step 45031500, will finish Mon May  2 22:03:35 2022
imb F 28% pme/F 0.19 step 45031600, will finish Mon May  2 22:03:40 2022
step 45031700, will finish Mon May  2 22:03:35 2022
step 45031800, will finish Mon May  2 22:03:52 2022
step 45031900, will finish Mon May  2 22:04:24 2022
imb F 13% pme/F 0.24 step 45032000, will finish Mon May  2 22:04:36 2022
step 45032100, will finish Mon May  2 22:04:53 2022
step 45032200, will finish Mon May  2 22:04:49 2022
step 45032300, will finish Mon May  2 22:04:48 2022
imb F 21% pme/F 0.11 step 45032400, will finish Mon May  2 22:05:37 2022
step 45032500, will finish Mon May  2 22:05:33 2022
step 45032600, will finish Mon May  2 22:05:29 2022
step 45032700, will finish Mon May  2 22:05:24 2022
imb F 77% pme/F 0.27 step 45032800, will finish Mon May  2 22:05:20 2022
step 45032900, will finish Mon May  2 22:05:15 2022
step 45033000, will finish Mon May  2 22:05:10 2022
step 45033100, will finish Mon May  2 22:05:10 2022
imb F 86% pme/F 0.25 step 45033200, will finish Mon May  2 22:05:06 2022
step 45033300, will finish Mon May  2 22:05:11 2022
step 45033400, will finish Mon May  2 22:05:15 2022
step 45033500, will finish Mon May  2 22:05:10 2022
imb F 66% pme/F 0.29 step 45033600, will finish Mon May  2 22:05:06 2022
step 45033700, will finish Mon May  2 22:05:01 2022
step 45033800, will finish Mon May  2 22:04:57 2022
step 45033900, will finish Mon May  2 22:04:52 2022
imb F 44% pme/F 0.34 step 45034000, will finish Mon May  2 22:04:47 2022
step 45034100, will finish Mon May  2 22:04:55 2022
step 45034200, will finish Mon May  2 22:05:17 2022
step 45034300, will finish Mon May  2 22:05:12 2022
imb F 37% pme/F 0.16 step 45034400, will finish Mon May  2 22:05:12 2022
step 45034500, will finish Mon May  2 22:05:08 2022
step 45034600, will finish Mon May  2 22:05:04 2022
step 45034700, will finish Mon May  2 22:05:00 2022
imb F 30% pme/F 0.14 step 45034800, will finish Mon May  2 22:05:02 2022
step 45034900, will finish Mon May  2 22:05:19 2022
step 45035000, will finish Mon May  2 22:05:17 2022
step 45035100, will finish Mon May  2 22:05:13 2022
imb F 49% pme/F 0.36 step 45035200, will finish Mon May  2 22:05:08 2022
step 45035300, will finish Mon May  2 22:05:03 2022
step 45035400, will finish Mon May  2 22:04:59 2022
step 45035500, will finish Mon May  2 22:04:54 2022
imb F  3% pme/F 0.49 step 45035600, will finish Mon May  2 22:04:49 2022
step 45035700, will finish Mon May  2 22:04:45 2022
step 45035800, will finish Mon May  2 22:04:49 2022
step 45035900, will finish Mon May  2 22:04:44 2022
imb F 13% pme/F 0.33 step 45036000, will finish Mon May  2 22:04:52 2022
step 45036100, will finish Mon May  2 22:04:47 2022
step 45036200, will finish Mon May  2 22:04:43 2022
step 45036300, will finish Mon May  2 22:04:38 2022
imb F 32% pme/F 0.37 step 45036400, will finish Mon May  2 22:04:34 2022
step 45036500, will finish Mon May  2 22:04:29 2022
step 45036600, will finish Mon May  2 22:04:24 2022
step 45036700, will finish Mon May  2 22:04:20 2022
imb F 13% pme/F 0.18 step 45036800, will finish Mon May  2 22:04:26 2022
step 45036900, will finish Mon May  2 22:04:21 2022
step 45037000, will finish Mon May  2 22:04:17 2022
step 45037100, will finish Mon May  2 22:04:13 2022
imb F 85% pme/F 0.35 step 45037200, will finish Mon May  2 22:04:09 2022
step 45037300, will finish Mon May  2 22:04:16 2022
step 45037400, will finish Mon May  2 22:04:12 2022
step 45037500, will finish Mon May  2 22:04:14 2022
imb F 58% pme/F 0.26 step 45037600, will finish Mon May  2 22:04:09 2022
step 45037700, will finish Mon May  2 22:04:05 2022
step 45037800, will finish Mon May  2 22:04:03 2022
step 45037900, will finish Mon May  2 22:04:02 2022
imb F 72% pme/F 0.26 step 45038000, will finish Mon May  2 22:03:57 2022
step 45038100, will finish Mon May  2 22:03:53 2022
step 45038200, will finish Mon May  2 22:03:49 2022
step 45038300, will finish Mon May  2 22:03:45 2022
imb F 20% pme/F 0.09 step 45038400, will finish Mon May  2 22:03:51 2022
step 45038500, will finish Mon May  2 22:03:46 2022
step 45038600, will finish Mon May  2 22:04:01 2022
step 45038700, will finish Mon May  2 22:03:57 2022
imb F 50% pme/F 0.28 step 45038800, will finish Mon May  2 22:03:52 2022
step 45038900, will finish Mon May  2 22:03:48 2022
step 45039000, will finish Mon May  2 22:03:44 2022
step 45039100, will finish Mon May  2 22:03:39 2022
imb F 33% pme/F 0.33 step 45039200, will finish Mon May  2 22:03:34 2022
step 45039300, will finish Mon May  2 22:03:30 2022
step 45039400, will finish Mon May  2 22:03:25 2022
step 45039500, will finish Mon May  2 22:03:20 2022
imb F 46% pme/F 0.25 step 45039600, will finish Mon May  2 22:03:19 2022
step 45039700, will finish Mon May  2 22:03:25 2022
step 45039800, will finish Mon May  2 22:03:20 2022
step 45039900, will finish Mon May  2 22:03:16 2022
imb F 46% pme/F 0.34 step 45040000, will finish Mon May  2 22:03:11 2022
step 45040100, will finish Mon May  2 22:03:44 2022
step 45040200, will finish Mon May  2 22:03:39 2022
step 45040300, will finish Mon May  2 22:03:36 2022
imb F  8% pme/F 0.47 step 45040400, will finish Mon May  2 22:03:46 2022
step 45040500, will finish Mon May  2 22:03:41 2022
step 45040600, will finish Mon May  2 22:03:36 2022
step 45040700, will finish Mon May  2 22:03:32 2022
imb F 38% pme/F 0.33 step 45040800, will finish Mon May  2 22:03:28 2022
step 45040900, will finish Mon May  2 22:03:34 2022
step 45041000, will finish Mon May  2 22:03:36 2022
step 45041100, will finish Mon May  2 22:03:32 2022
imb F 60% pme/F 0.36 step 45041200, will finish Mon May  2 22:03:28 2022
step 45041300, will finish Mon May  2 22:03:23 2022
step 45041400, will finish Mon May  2 22:03:19 2022
step 45041500, will finish Mon May  2 22:03:14 2022
imb F 68% pme/F 0.25 step 45041600, will finish Mon May  2 22:03:10 2022
step 45041700, will finish Mon May  2 22:03:06 2022
step 45041800, will finish Mon May  2 22:03:02 2022
step 45041900, will finish Mon May  2 22:03:12 2022
imb F 81% pme/F 0.26 step 45042000, will finish Mon May  2 22:03:08 2022
step 45042100, will finish Mon May  2 22:03:03 2022
step 45042200, will finish Mon May  2 22:03:09 2022
step 45042300, will finish Mon May  2 22:03:30 2022
imb F 11% pme/F 0.21 step 45042400, will finish Mon May  2 22:03:54 2022
step 45042500, will finish Mon May  2 22:04:11 2022
step 45042600, will finish Mon May  2 22:04:28 2022
step 45042700, will finish Mon May  2 22:05:28 2022
imb F 41% pme/F 0.35 step 45042800, will finish Mon May  2 22:05:23 2022
step 45042900, will finish Mon May  2 22:05:46 2022
step 45043000, will finish Mon May  2 22:05:42 2022
step 45043100, will finish Mon May  2 22:05:42 2022
imb F 11% pme/F 0.84 step 45043200, will finish Mon May  2 22:06:28 2022
step 45043300, will finish Mon May  2 22:06:24 2022
step 45043400, will finish Mon May  2 22:06:19 2022
step 45043500, will finish Mon May  2 22:06:31 2022
imb F 36% pme/F 0.41 step 45043600, will finish Mon May  2 22:06:26 2022
step 45043700, will finish Mon May  2 22:06:25 2022
step 45043800, will finish Mon May  2 22:06:23 2022
step 45043900, will finish Mon May  2 22:06:55 2022
imb F 17% pme/F 0.11 step 45044000, will finish Mon May  2 22:07:08 2022
step 45044100, will finish Mon May  2 22:07:17 2022
step 45044200, will finish Mon May  2 22:08:05 2022
step 45044300, will finish Mon May  2 22:08:03 2022
imb F 11% pme/F 0.26 step 45044400, will finish Mon May  2 22:08:32 2022
step 45044500, will finish Mon May  2 22:08:27 2022
step 45044600, will finish Mon May  2 22:08:28 2022
step 45044700, will finish Mon May  2 22:08:23 2022
imb F 23% pme/F 0.24 step 45044800, will finish Mon May  2 22:08:26 2022
step 45044900, will finish Mon May  2 22:08:32 2022
step 45045000, will finish Mon May  2 22:09:04 2022
step 45045100, will finish Mon May  2 22:09:00 2022
imb F 31% pme/F 0.21 step 45045200, will finish Mon May  2 22:09:00 2022
step 45045300, will finish Mon May  2 22:08:56 2022
step 45045400, will finish Mon May  2 22:08:51 2022
step 45045500, will finish Mon May  2 22:08:47 2022
imb F 12% pme/F 0.35 step 45045600, will finish Mon May  2 22:08:42 2022
step 45045700, will finish Mon May  2 22:08:37 2022
step 45045800, will finish Mon May  2 22:08:33 2022
step 45045900, will finish Mon May  2 22:08:35 2022
imb F 21% pme/F 0.13 step 45046000, will finish Mon May  2 22:08:36 2022
step 45046100, will finish Mon May  2 22:08:40 2022
step 45046200, will finish Mon May  2 22:08:37 2022
step 45046300, will finish Mon May  2 22:08:33 2022
imb F 16% pme/F 0.18 step 45046400, will finish Mon May  2 22:08:56 2022
step 45046500, will finish Mon May  2 22:08:52 2022
step 45046600, will finish Mon May  2 22:09:15 2022
step 45046700, will finish Mon May  2 22:09:11 2022
imb F  9% pme/F 0.34 step 45046800, will finish Mon May  2 22:09:07 2022
step 45046900, will finish Mon May  2 22:09:08 2022
step 45047000, will finish Mon May  2 22:09:18 2022
step 45047100, will finish Mon May  2 22:09:13 2022
imb F 23% pme/F 0.40 step 45047200, will finish Mon May  2 22:09:09 2022
step 45047300, will finish Mon May  2 22:09:04 2022
step 45047400, will finish Mon May  2 22:09:00 2022
step 45047500, will finish Mon May  2 22:09:36 2022
imb F 69% pme/F 0.28 step 45047600, will finish Mon May  2 22:09:31 2022
step 45047700, will finish Mon May  2 22:09:32 2022
step 45047800, will finish Mon May  2 22:09:27 2022
step 45047900, will finish Mon May  2 22:09:27 2022
imb F 36% pme/F 0.31 step 45048000, will finish Mon May  2 22:09:23 2022
step 45048100, will finish Mon May  2 22:09:19 2022
step 45048200, will finish Mon May  2 22:09:15 2022
step 45048300, will finish Mon May  2 22:09:11 2022
imb F 47% pme/F 0.27 step 45048400, will finish Mon May  2 22:09:07 2022
step 45048500, will finish Mon May  2 22:09:03 2022
step 45048600, will finish Mon May  2 22:09:04 2022
step 45048700, will finish Mon May  2 22:09:00 2022
imb F 35% pme/F 0.21 step 45048800, will finish Mon May  2 22:08:58 2022
step 45048900, will finish Mon May  2 22:09:16 2022
step 45049000, will finish Mon May  2 22:09:11 2022
step 45049100, will finish Mon May  2 22:09:07 2022
imb F 19% pme/F 0.15 step 45049200, will finish Mon May  2 22:09:38 2022
step 45049300, will finish Mon May  2 22:09:55 2022
step 45049400, will finish Mon May  2 22:10:17 2022
step 45049500, will finish Mon May  2 22:10:15 2022
imb F 60% pme/F 0.27 step 45049600, will finish Mon May  2 22:10:10 2022
step 45049700, will finish Mon May  2 22:10:12 2022
step 45049800, will finish Mon May  2 22:10:20 2022
step 45049900, will finish Mon May  2 22:10:28 2022
imb F 54% pme/F 0.33 step 45050000, will finish Mon May  2 22:10:24 2022
step 45050100, will finish Mon May  2 22:10:24 2022
step 45050200, will finish Mon May  2 22:10:20 2022
step 45050300, will finish Mon May  2 22:10:17 2022
imb F 34% pme/F 0.32 step 45050400, will finish Mon May  2 22:10:12 2022
step 45050500, will finish Mon May  2 22:10:07 2022
step 45050600, will finish Mon May  2 22:10:03 2022
step 45050700, will finish Mon May  2 22:09:59 2022
imb F 77% pme/F 0.26 step 45050800, will finish Mon May  2 22:09:55 2022
step 45050900, will finish Mon May  2 22:10:42 2022
step 45051000, will finish Mon May  2 22:10:46 2022
step 45051100, will finish Mon May  2 22:10:42 2022
imb F  9% pme/F 0.20 step 45051200, will finish Mon May  2 22:11:07 2022
step 45051300, will finish Mon May  2 22:11:13 2022
step 45051400, will finish Mon May  2 22:11:11 2022
step 45051500, will finish Mon May  2 22:11:17 2022
imb F 29% pme/F 0.33 step 45051600, will finish Mon May  2 22:11:12 2022
step 45051700, will finish Mon May  2 22:11:08 2022
step 45051800, will finish Mon May  2 22:11:04 2022
step 45051900, will finish Mon May  2 22:11:08 2022
imb F 21% pme/F 0.22 step 45052000, will finish Mon May  2 22:11:12 2022
step 45052100, will finish Mon May  2 22:11:11 2022
step 45052200, will finish Mon May  2 22:11:07 2022
step 45052300, will finish Mon May  2 22:11:20 2022
imb F 29% pme/F 0.44 step 45052400, will finish Mon May  2 22:11:15 2022
step 45052500, will finish Mon May  2 22:11:11 2022
step 45052600, will finish Mon May  2 22:11:25 2022
step 45052700, will finish Mon May  2 22:12:04 2022
imb F 14% pme/F 0.11 step 45052800, will finish Mon May  2 22:12:43 2022
step 45052900, will finish Mon May  2 22:12:39 2022
step 45053000, will finish Mon May  2 22:12:35 2022
step 45053100, will finish Mon May  2 22:12:30 2022
imb F 32% pme/F 0.37 step 45053200, will finish Mon May  2 22:12:26 2022
step 45053300, will finish Mon May  2 22:12:36 2022
step 45053400, will finish Mon May  2 22:12:32 2022
step 45053500, will finish Mon May  2 22:12:28 2022
imb F 89% pme/F 0.26 step 45053600, will finish Mon May  2 22:12:24 2022
step 45053700, will finish Mon May  2 22:12:23 2022
step 45053800, will finish Mon May  2 22:12:29 2022
step 45053900, will finish Mon May  2 22:12:25 2022
imb F 19% pme/F 0.15 step 45054000, will finish Mon May  2 22:12:50 2022
step 45054100, will finish Mon May  2 22:13:07 2022
step 45054200, will finish Mon May  2 22:13:02 2022
step 45054300, will finish Mon May  2 22:13:06 2022
imb F 43% pme/F 0.30 step 45054400, will finish Mon May  2 22:13:01 2022
step 45054500, will finish Mon May  2 22:12:58 2022
step 45054600, will finish Mon May  2 22:12:53 2022
step 45054700, will finish Mon May  2 22:12:49 2022
imb F 44% pme/F 0.35 step 45054800, will finish Mon May  2 22:12:44 2022
step 45054900, will finish Mon May  2 22:12:40 2022
step 45055000, will finish Mon May  2 22:12:46 2022
step 45055100, will finish Mon May  2 22:12:42 2022
imb F 82% pme/F 0.29 step 45055200, will finish Mon May  2 22:12:38 2022
step 45055300, will finish Mon May  2 22:12:55 2022
step 45055400, will finish Mon May  2 22:12:52 2022
step 45055500, will finish Mon May  2 22:13:06 2022
imb F 67% pme/F 0.27 step 45055600, will finish Mon May  2 22:13:01 2022
step 45055700, will finish Mon May  2 22:13:01 2022
step 45055800, will finish Mon May  2 22:12:57 2022
step 45055900, will finish Mon May  2 22:12:52 2022
imb F 79% pme/F 0.25 step 45056000, will finish Mon May  2 22:12:48 2022
step 45056100, will finish Mon May  2 22:12:44 2022
step 45056200, will finish Mon May  2 22:12:39 2022
step 45056300, will finish Mon May  2 22:12:35 2022
imb F 25% pme/F 0.35 step 45056400, will finish Mon May  2 22:12:30 2022
step 45056500, will finish Mon May  2 22:12:26 2022
step 45056600, will finish Mon May  2 22:12:22 2022
step 45056700, will finish Mon May  2 22:12:18 2022
imb F 34% pme/F 0.41 step 45056800, will finish Mon May  2 22:12:13 2022
step 45056900, will finish Mon May  2 22:12:09 2022
step 45057000, will finish Mon May  2 22:12:05 2022
step 45057100, will finish Mon May  2 22:12:00 2022
imb F 51% pme/F 0.51 step 45057200, will finish Mon May  2 22:11:56 2022
step 45057300, will finish Mon May  2 22:11:51 2022
step 45057400, will finish Mon May  2 22:11:47 2022
step 45057500, will finish Mon May  2 22:11:43 2022
imb F 79% pme/F 0.28 step 45057600, will finish Mon May  2 22:11:38 2022
step 45057700, will finish Mon May  2 22:11:34 2022
step 45057800, will finish Mon May  2 22:11:55 2022
step 45057900, will finish Mon May  2 22:11:51 2022
imb F 19% pme/F 0.42 step 45058000, will finish Mon May  2 22:11:51 2022
step 45058100, will finish Mon May  2 22:11:46 2022
step 45058200, will finish Mon May  2 22:11:46 2022
step 45058300, will finish Mon May  2 22:11:49 2022
imb F 64% pme/F 0.27 step 45058400, will finish Mon May  2 22:11:44 2022
step 45058500, will finish Mon May  2 22:12:03 2022
step 45058600, will finish Mon May  2 22:12:41 2022
step 45058700, will finish Mon May  2 22:12:37 2022
imb F 11% pme/F 0.30 step 45058800, will finish Mon May  2 22:12:51 2022
step 45058900, will finish Mon May  2 22:13:15 2022
step 45059000, will finish Mon May  2 22:13:11 2022
step 45059100, will finish Mon May  2 22:13:07 2022
imb F 55% pme/F 0.26 step 45059200, will finish Mon May  2 22:13:03 2022
step 45059300, will finish Mon May  2 22:13:06 2022
step 45059400, will finish Mon May  2 22:13:02 2022
step 45059500, will finish Mon May  2 22:12:57 2022
imb F 80% pme/F 0.28 step 45059600, will finish Mon May  2 22:12:53 2022
step 45059700, will finish Mon May  2 22:12:49 2022
step 45059800, will finish Mon May  2 22:12:44 2022
step 45059900, will finish Mon May  2 22:12:40 2022
imb F 43% pme/F 0.32 step 45060000, will finish Mon May  2 22:12:36 2022
step 45060100, will finish Mon May  2 22:12:31 2022
step 45060200, will finish Mon May  2 22:12:33 2022
step 45060300, will finish Mon May  2 22:12:33 2022
imb F 77% pme/F 0.26 step 45060400, will finish Mon May  2 22:12:29 2022
step 45060500, will finish Mon May  2 22:12:32 2022
step 45060600, will finish Mon May  2 22:12:28 2022
step 45060700, will finish Mon May  2 22:12:23 2022
imb F 46% pme/F 0.34 step 45060800, will finish Mon May  2 22:12:19 2022
step 45060900, will finish Mon May  2 22:12:15 2022
step 45061000, will finish Mon May  2 22:12:14 2022
step 45061100, will finish Mon May  2 22:12:10 2022
imb F 36% pme/F 0.29 step 45061200, will finish Mon May  2 22:12:05 2022
step 45061300, will finish Mon May  2 22:12:01 2022
step 45061400, will finish Mon May  2 22:12:06 2022
step 45061500, will finish Mon May  2 22:12:03 2022
imb F 72% pme/F 0.28 step 45061600, will finish Mon May  2 22:11:59 2022
step 45061700, will finish Mon May  2 22:11:54 2022
step 45061800, will finish Mon May  2 22:11:50 2022
step 45061900, will finish Mon May  2 22:11:46 2022
imb F 74% pme/F 0.26 step 45062000, will finish Mon May  2 22:11:42 2022
step 45062100, will finish Mon May  2 22:11:38 2022
step 45062200, will finish Mon May  2 22:11:41 2022
step 45062300, will finish Mon May  2 22:11:36 2022
imb F 15% pme/F 0.14 step 45062400, will finish Mon May  2 22:11:36 2022
step 45062500, will finish Mon May  2 22:11:32 2022
step 45062600, will finish Mon May  2 22:11:27 2022
step 45062700, will finish Mon May  2 22:11:23 2022
imb F 65% pme/F 0.13 step 45062800, will finish Mon May  2 22:11:22 2022
step 45062900, will finish Mon May  2 22:12:33 2022
step 45063000, will finish Mon May  2 22:12:34 2022
step 45063100, will finish Mon May  2 22:12:29 2022
imb F  7% pme/F 0.48 step 45063200, will finish Mon May  2 22:12:24 2022
step 45063300, will finish Mon May  2 22:12:20 2022
step 45063400, will finish Mon May  2 22:12:27 2022
step 45063500, will finish Mon May  2 22:12:22 2022
imb F 31% pme/F 0.32 step 45063600, will finish Mon May  2 22:12:18 2022
step 45063700, will finish Mon May  2 22:12:18 2022
step 45063800, will finish Mon May  2 22:12:13 2022
step 45063900, will finish Mon May  2 22:12:09 2022
imb F 73% pme/F 0.26 step 45064000, will finish Mon May  2 22:12:05 2022
step 45064100, will finish Mon May  2 22:12:00 2022
step 45064200, will finish Mon May  2 22:11:56 2022
step 45064300, will finish Mon May  2 22:11:51 2022
imb F 20% pme/F 0.40 step 45064400, will finish Mon May  2 22:11:47 2022
step 45064500, will finish Mon May  2 22:11:42 2022
step 45064600, will finish Mon May  2 22:11:43 2022
step 45064700, will finish Mon May  2 22:11:49 2022
imb F 36% pme/F 0.28 step 45064800, will finish Mon May  2 22:11:45 2022
step 45064900, will finish Mon May  2 22:12:05 2022
step 45065000, will finish Mon May  2 22:12:00 2022
step 45065100, will finish Mon May  2 22:11:56 2022
imb F 16% pme/F 0.25 step 45065200, will finish Mon May  2 22:12:03 2022
step 45065300, will finish Mon May  2 22:11:59 2022
step 45065400, will finish Mon May  2 22:12:06 2022
step 45065500, will finish Mon May  2 22:12:02 2022
imb F 15% pme/F 0.16 step 45065600, will finish Mon May  2 22:12:12 2022
step 45065700, will finish Mon May  2 22:12:08 2022
step 45065800, will finish Mon May  2 22:12:04 2022
step 45065900, will finish Mon May  2 22:11:59 2022
imb F 79% pme/F 0.27 step 45066000, will finish Mon May  2 22:11:55 2022
step 45066100, will finish Mon May  2 22:12:09 2022
step 45066200, will finish Mon May  2 22:12:05 2022
step 45066300, will finish Mon May  2 22:12:02 2022
imb F 16% pme/F 0.17 step 45066400, will finish Mon May  2 22:12:08 2022
step 45066500, will finish Mon May  2 22:12:30 2022
step 45066600, will finish Mon May  2 22:12:26 2022
step 45066700, will finish Mon May  2 22:12:21 2022
imb F 52% pme/F 0.31 step 45066800, will finish Mon May  2 22:12:17 2022
step 45066900, will finish Mon May  2 22:12:12 2022
step 45067000, will finish Mon May  2 22:12:08 2022
step 45067100, will finish Mon May  2 22:12:04 2022
imb F 14% pme/F 0.21 step 45067200, will finish Mon May  2 22:12:18 2022
step 45067300, will finish Mon May  2 22:12:14 2022
step 45067400, will finish Mon May  2 22:12:09 2022
step 45067500, will finish Mon May  2 22:12:05 2022
imb F 56% pme/F 0.31 step 45067600, will finish Mon May  2 22:12:01 2022
step 45067700, will finish Mon May  2 22:11:56 2022
step 45067800, will finish Mon May  2 22:11:52 2022
step 45067900, will finish Mon May  2 22:11:48 2022
imb F 72% pme/F 0.26 step 45068000, will finish Mon May  2 22:11:43 2022
step 45068100, will finish Mon May  2 22:11:39 2022
step 45068200, will finish Mon May  2 22:11:35 2022
step 45068300, will finish Mon May  2 22:11:33 2022
imb F 19% pme/F 0.16 step 45068400, will finish Mon May  2 22:11:55 2022
step 45068500, will finish Mon May  2 22:11:51 2022
step 45068600, will finish Mon May  2 22:11:46 2022
step 45068700, will finish Mon May  2 22:11:42 2022
imb F 60% pme/F 0.29 step 45068800, will finish Mon May  2 22:11:38 2022
step 45068900, will finish Mon May  2 22:11:41 2022
step 45069000, will finish Mon May  2 22:11:37 2022
step 45069100, will finish Mon May  2 22:11:33 2022
imb F 96% pme/F 0.26 step 45069200, will finish Mon May  2 22:11:29 2022
step 45069300, will finish Mon May  2 22:11:24 2022
step 45069400, will finish Mon May  2 22:11:20 2022
step 45069500, will finish Mon May  2 22:11:16 2022
imb F 65% pme/F 0.27 step 45069600, will finish Mon May  2 22:11:12 2022
step 45069700, will finish Mon May  2 22:11:07 2022
step 45069800, will finish Mon May  2 22:11:14 2022
step 45069900, will finish Mon May  2 22:11:10 2022
imb F 20% pme/F 0.34 step 45070000, will finish Mon May  2 22:11:05 2022
step 45070100, will finish Mon May  2 22:11:01 2022
step 45070200, will finish Mon May  2 22:11:00 2022
step 45070300, will finish Mon May  2 22:11:14 2022
imb F 51% pme/F 0.36 step 45070400, will finish Mon May  2 22:11:10 2022
step 45070500, will finish Mon May  2 22:11:24 2022
step 45070600, will finish Mon May  2 22:11:20 2022
step 45070700, will finish Mon May  2 22:11:16 2022
imb F 71% pme/F 0.27 step 45070800, will finish Mon May  2 22:11:11 2022
step 45070900, will finish Mon May  2 22:11:07 2022
step 45071000, will finish Mon May  2 22:11:03 2022
step 45071100, will finish Mon May  2 22:10:59 2022
imb F 20% pme/F 0.52 step 45071200, will finish Mon May  2 22:11:06 2022
step 45071300, will finish Mon May  2 22:11:02 2022
step 45071400, will finish Mon May  2 22:10:57 2022
step 45071500, will finish Mon May  2 22:10:53 2022
imb F 24% pme/F 0.43 step 45071600, will finish Mon May  2 22:10:49 2022
step 45071700, will finish Mon May  2 22:10:45 2022
step 45071800, will finish Mon May  2 22:10:47 2022
step 45071900, will finish Mon May  2 22:11:05 2022
imb F 85% pme/F 0.28 step 45072000, will finish Mon May  2 22:11:01 2022
step 45072100, will finish Mon May  2 22:11:01 2022
step 45072200, will finish Mon May  2 22:10:56 2022
step 45072300, will finish Mon May  2 22:11:13 2022
imb F 65% pme/F 0.32 step 45072400, will finish Mon May  2 22:11:09 2022
step 45072500, will finish Mon May  2 22:11:05 2022
step 45072600, will finish Mon May  2 22:11:01 2022
step 45072700, will finish Mon May  2 22:10:56 2022
imb F 14% pme/F 0.32 step 45072800, will finish Mon May  2 22:11:07 2022
step 45072900, will finish Mon May  2 22:11:02 2022
step 45073000, will finish Mon May  2 22:10:58 2022
step 45073100, will finish Mon May  2 22:10:54 2022
imb F 30% pme/F 0.33 step 45073200, will finish Mon May  2 22:10:50 2022
step 45073300, will finish Mon May  2 22:10:50 2022
step 45073400, will finish Mon May  2 22:10:46 2022
step 45073500, will finish Mon May  2 22:10:41 2022
imb F 45% pme/F 0.39 step 45073600, will finish Mon May  2 22:10:37 2022
step 45073700, will finish Mon May  2 22:10:51 2022
step 45073800, will finish Mon May  2 22:10:46 2022
step 45073900, will finish Mon May  2 22:10:42 2022
imb F 27% pme/F 0.12 step 45074000, will finish Mon May  2 22:10:42 2022
step 45074100, will finish Mon May  2 22:10:37 2022
step 45074200, will finish Mon May  2 22:10:33 2022
step 45074300, will finish Mon May  2 22:10:29 2022
imb F 21% pme/F 0.37 step 45074400, will finish Mon May  2 22:10:25 2022
step 45074500, will finish Mon May  2 22:10:20 2022
step 45074600, will finish Mon May  2 22:10:16 2022
step 45074700, will finish Mon May  2 22:10:12 2022
imb F 55% pme/F 0.27 step 45074800, will finish Mon May  2 22:10:08 2022
step 45074900, will finish Mon May  2 22:10:11 2022
step 45075000, will finish Mon May  2 22:10:07 2022
step 45075100, will finish Mon May  2 22:10:03 2022
imb F 52% pme/F 0.32 step 45075200, will finish Mon May  2 22:09:58 2022
step 45075300, will finish Mon May  2 22:09:54 2022
step 45075400, will finish Mon May  2 22:09:50 2022
step 45075500, will finish Mon May  2 22:09:46 2022
imb F 15% pme/F 0.11 step 45075600, will finish Mon May  2 22:09:56 2022
step 45075700, will finish Mon May  2 22:09:52 2022
step 45075800, will finish Mon May  2 22:09:48 2022
step 45075900, will finish Mon May  2 22:09:43 2022
imb F 61% pme/F 0.34 step 45076000, will finish Mon May  2 22:09:39 2022
step 45076100, will finish Mon May  2 22:09:35 2022
step 45076200, will finish Mon May  2 22:09:31 2022
step 45076300, will finish Mon May  2 22:09:30 2022
imb F 33% pme/F 0.37 step 45076400, will finish Mon May  2 22:09:26 2022
step 45076500, will finish Mon May  2 22:09:22 2022
step 45076600, will finish Mon May  2 22:09:18 2022
step 45076700, will finish Mon May  2 22:09:14 2022
imb F  9% pme/F 0.27 step 45076800, will finish Mon May  2 22:09:52 2022
step 45076900, will finish Mon May  2 22:09:48 2022
step 45077000, will finish Mon May  2 22:09:43 2022
step 45077100, will finish Mon May  2 22:09:39 2022
imb F 91% pme/F 0.30 step 45077200, will finish Mon May  2 22:09:35 2022
step 45077300, will finish Mon May  2 22:10:03 2022
step 45077400, will finish Mon May  2 22:09:59 2022
step 45077500, will finish Mon May  2 22:09:55 2022
imb F 85% pme/F 0.28 step 45077600, will finish Mon May  2 22:09:51 2022
step 45077700, will finish Mon May  2 22:09:56 2022
step 45077800, will finish Mon May  2 22:10:08 2022
step 45077900, will finish Mon May  2 22:10:04 2022
imb F 80% pme/F 0.27 step 45078000, will finish Mon May  2 22:10:00 2022
step 45078100, will finish Mon May  2 22:09:56 2022
step 45078200, will finish Mon May  2 22:09:51 2022
step 45078300, will finish Mon May  2 22:09:47 2022
imb F 12% pme/F 0.33 step 45078400, will finish Mon May  2 22:10:01 2022
step 45078500, will finish Mon May  2 22:09:57 2022
step 45078600, will finish Mon May  2 22:09:53 2022
step 45078700, will finish Mon May  2 22:10:06 2022
imb F 89% pme/F 0.33 step 45078800, will finish Mon May  2 22:10:02 2022
step 45078900, will finish Mon May  2 22:10:22 2022
step 45079000, will finish Mon May  2 22:10:43 2022
step 45079100, will finish Mon May  2 22:10:39 2022
imb F 64% pme/F 0.27 step 45079200, will finish Mon May  2 22:10:40 2022
step 45079300, will finish Mon May  2 22:10:36 2022
step 45079400, will finish Mon May  2 22:10:32 2022
step 45079500, will finish Mon May  2 22:10:27 2022
imb F 16% pme/F 0.11 step 45079600, will finish Mon May  2 22:10:27 2022
step 45079700, will finish Mon May  2 22:10:23 2022
step 45079800, will finish Mon May  2 22:10:18 2022
step 45079900, will finish Mon May  2 22:10:14 2022
imb F 22% pme/F 0.27 step 45080000, will finish Mon May  2 22:10:26 2022
step 45080100, will finish Mon May  2 22:10:38 2022
step 45080200, will finish Mon May  2 22:10:34 2022
step 45080300, will finish Mon May  2 22:10:37 2022
imb F 96% pme/F 0.32 step 45080400, will finish Mon May  2 22:10:33 2022
step 45080500, will finish Mon May  2 22:10:29 2022
step 45080600, will finish Mon May  2 22:10:25 2022
step 45080700, will finish Mon May  2 22:10:20 2022
imb F 86% pme/F 0.28 step 45080800, will finish Mon May  2 22:10:16 2022
step 45080900, will finish Mon May  2 22:10:12 2022
step 45081000, will finish Mon May  2 22:10:15 2022
step 45081100, will finish Mon May  2 22:10:11 2022
imb F 63% pme/F 0.30 step 45081200, will finish Mon May  2 22:10:07 2022
step 45081300, will finish Mon May  2 22:10:03 2022
step 45081400, will finish Mon May  2 22:10:03 2022
step 45081500, will finish Mon May  2 22:10:47 2022
imb F 55% pme/F 0.28 step 45081600, will finish Mon May  2 22:10:43 2022
step 45081700, will finish Mon May  2 22:10:38 2022
step 45081800, will finish Mon May  2 22:10:35 2022
step 45081900, will finish Mon May  2 22:10:31 2022
imb F 53% pme/F 0.31 step 45082000, will finish Mon May  2 22:10:26 2022
step 45082100, will finish Mon May  2 22:10:23 2022
step 45082200, will finish Mon May  2 22:10:18 2022
step 45082300, will finish Mon May  2 22:10:14 2022
imb F 39% pme/F 0.31 step 45082400, will finish Mon May  2 22:10:10 2022
step 45082500, will finish Mon May  2 22:10:06 2022
step 45082600, will finish Mon May  2 22:10:01 2022
step 45082700, will finish Mon May  2 22:09:57 2022
imb F 65% pme/F 0.28 step 45082800, will finish Mon May  2 22:09:53 2022
step 45082900, will finish Mon May  2 22:10:00 2022
step 45083000, will finish Mon May  2 22:09:56 2022
step 45083100, will finish Mon May  2 22:09:52 2022
imb F 64% pme/F 0.38 step 45083200, will finish Mon May  2 22:09:47 2022
step 45083300, will finish Mon May  2 22:09:50 2022
step 45083400, will finish Mon May  2 22:09:46 2022
step 45083500, will finish Mon May  2 22:09:42 2022
imb F 73% pme/F 0.27 step 45083600, will finish Mon May  2 22:09:38 2022
step 45083700, will finish Mon May  2 22:09:34 2022
step 45083800, will finish Mon May  2 22:10:16 2022
step 45083900, will finish Mon May  2 22:10:22 2022
imb F 80% pme/F 0.26 step 45084000, will finish Mon May  2 22:10:18 2022
step 45084100, will finish Mon May  2 22:10:14 2022
step 45084200, will finish Mon May  2 22:10:10 2022
step 45084300, will finish Mon May  2 22:10:05 2022
imb F 67% pme/F 0.27 step 45084400, will finish Mon May  2 22:10:01 2022
step 45084500, will finish Mon May  2 22:09:57 2022
step 45084600, will finish Mon May  2 22:10:17 2022
step 45084700, will finish Mon May  2 22:10:13 2022
imb F 32% pme/F 0.36 step 45084800, will finish Mon May  2 22:10:09 2022
step 45084900, will finish Mon May  2 22:10:05 2022
step 45085000, will finish Mon May  2 22:10:01 2022
step 45085100, will finish Mon May  2 22:11:02 2022
imb F 12% pme/F 0.08 step 45085200, will finish Mon May  2 22:11:27 2022
step 45085300, will finish Mon May  2 22:11:23 2022
step 45085400, will finish Mon May  2 22:11:18 2022
step 45085500, will finish Mon May  2 22:11:14 2022
imb F  2% pme/F 0.30 step 45085600, will finish Mon May  2 22:11:10 2022
step 45085700, will finish Mon May  2 22:11:06 2022
step 45085800, will finish Mon May  2 22:11:02 2022
step 45085900, will finish Mon May  2 22:11:05 2022
imb F 51% pme/F 0.24 step 45086000, will finish Mon May  2 22:11:01 2022
step 45086100, will finish Mon May  2 22:11:07 2022
step 45086200, will finish Mon May  2 22:11:03 2022
step 45086300, will finish Mon May  2 22:10:59 2022
imb F 81% pme/F 0.28 step 45086400, will finish Mon May  2 22:10:55 2022
step 45086500, will finish Mon May  2 22:10:51 2022
step 45086600, will finish Mon May  2 22:11:08 2022
step 45086700, will finish Mon May  2 22:11:04 2022
imb F 50% pme/F 0.31 step 45086800, will finish Mon May  2 22:10:59 2022
step 45086900, will finish Mon May  2 22:10:55 2022
step 45087000, will finish Mon May  2 22:10:51 2022
step 45087100, will finish Mon May  2 22:10:47 2022
imb F 54% pme/F 0.36 step 45087200, will finish Mon May  2 22:10:43 2022
step 45087300, will finish Mon May  2 22:10:39 2022
step 45087400, will finish Mon May  2 22:10:35 2022
step 45087500, will finish Mon May  2 22:11:02 2022
imb F 85% pme/F 0.28 step 45087600, will finish Mon May  2 22:10:58 2022
step 45087700, will finish Mon May  2 22:10:58 2022
step 45087800, will finish Mon May  2 22:11:49 2022
step 45087900, will finish Mon May  2 22:11:45 2022
imb F 69% pme/F 0.28 step 45088000, will finish Mon May  2 22:11:41 2022
step 45088100, will finish Mon May  2 22:12:12 2022
step 45088200, will finish Mon May  2 22:12:08 2022
step 45088300, will finish Mon May  2 22:12:03 2022
imb F 82% pme/F 0.22 step 45088400, will finish Mon May  2 22:12:00 2022
step 45088500, will finish Mon May  2 22:12:04 2022
step 45088600, will finish Mon May  2 22:12:54 2022
step 45088700, will finish Mon May  2 22:12:50 2022
imb F  2% pme/F 0.34 step 45088800, will finish Mon May  2 22:12:45 2022
step 45088900, will finish Mon May  2 22:12:41 2022
step 45089000, will finish Mon May  2 22:12:37 2022
step 45089100, will finish Mon May  2 22:12:33 2022
imb F 50% pme/F 0.43 step 45089200, will finish Mon May  2 22:12:29 2022
step 45089300, will finish Mon May  2 22:12:46 2022
step 45089400, will finish Mon May  2 22:12:41 2022
step 45089500, will finish Mon May  2 22:12:37 2022
imb F 19% pme/F 0.40 step 45089600, will finish Mon May  2 22:12:33 2022
step 45089700, will finish Mon May  2 22:12:29 2022
step 45089800, will finish Mon May  2 22:12:25 2022
step 45089900, will finish Mon May  2 22:12:21 2022
imb F 58% pme/F 0.37 step 45090000, will finish Mon May  2 22:12:17 2022
step 45090100, will finish Mon May  2 22:12:27 2022
step 45090200, will finish Mon May  2 22:12:23 2022
step 45090300, will finish Mon May  2 22:12:19 2022
imb F 28% pme/F 0.37 step 45090400, will finish Mon May  2 22:12:15 2022
step 45090500, will finish Mon May  2 22:12:42 2022
step 45090600, will finish Mon May  2 22:12:38 2022
step 45090700, will finish Mon May  2 22:12:36 2022
imb F 15% pme/F 0.39 step 45090800, will finish Mon May  2 22:12:47 2022
step 45090900, will finish Mon May  2 22:12:43 2022
step 45091000, will finish Mon May  2 22:12:42 2022
step 45091100, will finish Mon May  2 22:12:38 2022
imb F 13% pme/F 0.29 step 45091200, will finish Mon May  2 22:12:34 2022
step 45091300, will finish Mon May  2 22:12:36 2022
step 45091400, will finish Mon May  2 22:12:32 2022
step 45091500, will finish Mon May  2 22:12:28 2022
imb F  8% pme/F 0.34 step 45091600, will finish Mon May  2 22:12:27 2022
step 45091700, will finish Mon May  2 22:12:23 2022
step 45091800, will finish Mon May  2 22:12:19 2022
step 45091900, will finish Mon May  2 22:12:15 2022
imb F 34% pme/F 0.38 step 45092000, will finish Mon May  2 22:12:10 2022
step 45092100, will finish Mon May  2 22:12:06 2022
step 45092200, will finish Mon May  2 22:12:03 2022
step 45092300, will finish Mon May  2 22:12:26 2022
imb F 86% pme/F 0.26 step 45092400, will finish Mon May  2 22:12:22 2022
step 45092500, will finish Mon May  2 22:12:17 2022
step 45092600, will finish Mon May  2 22:12:13 2022
step 45092700, will finish Mon May  2 22:12:09 2022
imb F 69% pme/F 0.26 step 45092800, will finish Mon May  2 22:12:05 2022
step 45092900, will finish Mon May  2 22:12:01 2022
step 45093000, will finish Mon May  2 22:11:57 2022
step 45093100, will finish Mon May  2 22:11:53 2022
imb F 47% pme/F 0.40 step 45093200, will finish Mon May  2 22:11:49 2022
step 45093300, will finish Mon May  2 22:11:45 2022
step 45093400, will finish Mon May  2 22:11:46 2022
step 45093500, will finish Mon May  2 22:12:07 2022
imb F 90% pme/F 0.25 step 45093600, will finish Mon May  2 22:12:03 2022
step 45093700, will finish Mon May  2 22:11:59 2022
step 45093800, will finish Mon May  2 22:11:54 2022
step 45093900, will finish Mon May  2 22:11:51 2022
imb F 37% pme/F 0.35 step 45094000, will finish Mon May  2 22:11:46 2022
step 45094100, will finish Mon May  2 22:11:42 2022
step 45094200, will finish Mon May  2 22:11:38 2022
step 45094300, will finish Mon May  2 22:11:33 2022
imb F 75% pme/F 0.29 step 45094400, will finish Mon May  2 22:11:30 2022
step 45094500, will finish Mon May  2 22:11:25 2022
step 45094600, will finish Mon May  2 22:11:21 2022
step 45094700, will finish Mon May  2 22:11:17 2022
imb F 50% pme/F 0.34 step 45094800, will finish Mon May  2 22:11:13 2022
step 45094900, will finish Mon May  2 22:11:09 2022
step 45095000, will finish Mon May  2 22:11:04 2022
step 45095100, will finish Mon May  2 22:11:00 2022
imb F 15% pme/F 0.49 step 45095200, will finish Mon May  2 22:11:03 2022
step 45095300, will finish Mon May  2 22:10:59 2022
step 45095400, will finish Mon May  2 22:10:55 2022
step 45095500, will finish Mon May  2 22:11:19 2022
imb F 59% pme/F 0.25 step 45095600, will finish Mon May  2 22:11:15 2022
step 45095700, will finish Mon May  2 22:11:11 2022
step 45095800, will finish Mon May  2 22:11:07 2022
step 45095900, will finish Mon May  2 22:11:19 2022
imb F 67% pme/F 0.27 step 45096000, will finish Mon May  2 22:11:16 2022
step 45096100, will finish Mon May  2 22:11:12 2022
step 45096200, will finish Mon May  2 22:11:29 2022
step 45096300, will finish Mon May  2 22:11:25 2022
imb F 22% pme/F 0.36 step 45096400, will finish Mon May  2 22:11:21 2022
step 45096500, will finish Mon May  2 22:11:17 2022
step 45096600, will finish Mon May  2 22:11:13 2022
step 45096700, will finish Mon May  2 22:11:08 2022
imb F 45% pme/F 0.33 step 45096800, will finish Mon May  2 22:11:05 2022
step 45096900, will finish Mon May  2 22:11:25 2022
step 45097000, will finish Mon May  2 22:11:21 2022
step 45097100, will finish Mon May  2 22:11:26 2022
imb F 12% pme/F 0.21 step 45097200, will finish Mon May  2 22:11:42 2022
step 45097300, will finish Mon May  2 22:11:38 2022
step 45097400, will finish Mon May  2 22:11:34 2022
step 45097500, will finish Mon May  2 22:11:30 2022
imb F 38% pme/F 0.34 step 45097600, will finish Mon May  2 22:11:26 2022
step 45097700, will finish Mon May  2 22:11:36 2022
step 45097800, will finish Mon May  2 22:11:38 2022
step 45097900, will finish Mon May  2 22:11:34 2022
imb F 37% pme/F 0.37 step 45098000, will finish Mon May  2 22:11:30 2022
step 45098100, will finish Mon May  2 22:11:26 2022
step 45098200, will finish Mon May  2 22:11:23 2022
step 45098300, will finish Mon May  2 22:11:19 2022
imb F 12% pme/F 0.45 step 45098400, will finish Mon May  2 22:11:14 2022
step 45098500, will finish Mon May  2 22:11:10 2022
step 45098600, will finish Mon May  2 22:11:06 2022
step 45098700, will finish Mon May  2 22:11:02 2022
imb F 82% pme/F 0.28 step 45098800, will finish Mon May  2 22:10:58 2022
step 45098900, will finish Mon May  2 22:10:57 2022
step 45099000, will finish Mon May  2 22:10:53 2022
step 45099100, will finish Mon May  2 22:10:49 2022
imb F 12% pme/F 0.10 step 45099200, will finish Mon May  2 22:11:12 2022
step 45099300, will finish Mon May  2 22:11:08 2022
step 45099400, will finish Mon May  2 22:11:04 2022
step 45099500, will finish Mon May  2 22:11:00 2022
imb F  1% pme/F 0.31 step 45099600, will finish Mon May  2 22:10:56 2022
step 45099700, will finish Mon May  2 22:10:52 2022
step 45099800, will finish Mon May  2 22:10:48 2022
step 45099900, will finish Mon May  2 22:10:55 2022
imb F 60% pme/F 0.25 step 45100000, will finish Mon May  2 22:10:51 2022
step 45100100, will finish Mon May  2 22:10:47 2022
step 45100200, will finish Mon May  2 22:10:43 2022
step 45100300, will finish Mon May  2 22:10:38 2022
imb F 46% pme/F 0.36 step 45100400, will finish Mon May  2 22:10:35 2022
step 45100500, will finish Mon May  2 22:10:31 2022
step 45100600, will finish Mon May  2 22:10:26 2022
step 45100700, will finish Mon May  2 22:10:22 2022
imb F  5% pme/F 0.37 step 45100800, will finish Mon May  2 22:10:18 2022
step 45100900, will finish Mon May  2 22:10:14 2022
step 45101000, will finish Mon May  2 22:10:10 2022
step 45101100, will finish Mon May  2 22:10:06 2022
imb F 95% pme/F 0.26 step 45101200, will finish Mon May  2 22:10:02 2022
step 45101300, will finish Mon May  2 22:10:09 2022
step 45101400, will finish Mon May  2 22:10:21 2022
step 45101500, will finish Mon May  2 22:10:44 2022
imb F 24% pme/F 0.56 step 45101600, will finish Mon May  2 22:10:40 2022
step 45101700, will finish Mon May  2 22:10:35 2022
step 45101800, will finish Mon May  2 22:10:35 2022
step 45101900, will finish Mon May  2 22:10:31 2022
imb F  3% pme/F 0.73 step 45102000, will finish Mon May  2 22:10:27 2022
step 45102100, will finish Mon May  2 22:10:53 2022
step 45102200, will finish Mon May  2 22:10:49 2022
step 45102300, will finish Mon May  2 22:10:54 2022
imb F 43% pme/F 2.63 step 45102400, will finish Mon May  2 22:10:57 2022
step 45102500, will finish Mon May  2 22:10:53 2022
step 45102600, will finish Mon May  2 22:10:49 2022
step 45102700, will finish Mon May  2 22:11:08 2022
imb F 29% pme/F 2.43 step 45102800, will finish Mon May  2 22:11:32 2022
step 45102900, will finish Mon May  2 22:12:08 2022
step 45103000, will finish Mon May  2 22:12:28 2022
step 45103100, will finish Mon May  2 22:12:43 2022
imb F  3% pme/F 1.78 step 45103200, will finish Mon May  2 22:12:39 2022
step 45103300, will finish Mon May  2 22:12:35 2022
step 45103400, will finish Mon May  2 22:12:41 2022
step 45103500, will finish Mon May  2 22:12:37 2022
imb F 34% pme/F 0.34 step 45103600, will finish Mon May  2 22:12:33 2022
step 45103700, will finish Mon May  2 22:12:29 2022
step 45103800, will finish Mon May  2 22:12:25 2022
step 45103900, will finish Mon May  2 22:12:36 2022
imb F 40% pme/F 7.55 step 45104000, will finish Mon May  2 22:13:02 2022
step 45104100, will finish Mon May  2 22:13:18 2022
step 45104200, will finish Mon May  2 22:13:23 2022
step 45104300, will finish Mon May  2 22:13:19 2022
imb F  6% pme/F 1.86 step 45104400, will finish Mon May  2 22:13:15 2022
step 45104500, will finish Mon May  2 22:13:23 2022
step 45104600, will finish Mon May  2 22:13:45 2022
step 45104700, will finish Mon May  2 22:13:50 2022
imb F 58% pme/F 0.28 step 45104800, will finish Mon May  2 22:13:47 2022
step 45104900, will finish Mon May  2 22:13:48 2022
step 45105000, will finish Mon May  2 22:13:45 2022
step 45105100, will finish Mon May  2 22:13:41 2022
imb F 32% pme/F 1.63 step 45105200, will finish Mon May  2 22:14:03 2022
step 45105300, will finish Mon May  2 22:14:10 2022
step 45105400, will finish Mon May  2 22:14:06 2022
step 45105500, will finish Mon May  2 22:14:01 2022
imb F  1% pme/F 1.70 step 45105600, will finish Mon May  2 22:13:57 2022
step 45105700, will finish Mon May  2 22:13:53 2022
step 45105800, will finish Mon May  2 22:13:49 2022
step 45105900, will finish Mon May  2 22:13:45 2022
imb F 10% pme/F 0.45 step 45106000, will finish Mon May  2 22:13:41 2022
step 45106100, will finish Mon May  2 22:13:37 2022
step 45106200, will finish Mon May  2 22:13:33 2022
step 45106300, will finish Mon May  2 22:13:28 2022
imb F  3% pme/F 1.74 step 45106400, will finish Mon May  2 22:13:24 2022
step 45106500, will finish Mon May  2 22:13:20 2022
step 45106600, will finish Mon May  2 22:13:17 2022
step 45106700, will finish Mon May  2 22:13:13 2022
imb F  6% pme/F 1.85 step 45106800, will finish Mon May  2 22:13:09 2022
step 45106900, will finish Mon May  2 22:13:05 2022
step 45107000, will finish Mon May  2 22:13:01 2022
step 45107100, will finish Mon May  2 22:12:57 2022
imb F 67% pme/F 0.28 step 45107200, will finish Mon May  2 22:12:53 2022
step 45107300, will finish Mon May  2 22:12:49 2022
step 45107400, will finish Mon May  2 22:12:44 2022
step 45107500, will finish Mon May  2 22:12:40 2022
imb F  2% pme/F 1.75 step 45107600, will finish Mon May  2 22:12:37 2022
step 45107700, will finish Mon May  2 22:12:36 2022
step 45107800, will finish Mon May  2 22:12:32 2022
step 45107900, will finish Mon May  2 22:12:36 2022
imb F 20% pme/F 0.72 step 45108000, will finish Mon May  2 22:12:56 2022
step 45108100, will finish Mon May  2 22:12:52 2022
step 45108200, will finish Mon May  2 22:12:48 2022
step 45108300, will finish Mon May  2 22:12:44 2022
imb F 47% pme/F 0.27 step 45108400, will finish Mon May  2 22:12:40 2022
step 45108500, will finish Mon May  2 22:12:36 2022
step 45108600, will finish Mon May  2 22:12:32 2022
step 45108700, will finish Mon May  2 22:12:28 2022
imb F  6% pme/F 1.77 step 45108800, will finish Mon May  2 22:12:24 2022
step 45108900, will finish Mon May  2 22:12:20 2022
step 45109000, will finish Mon May  2 22:12:15 2022
step 45109100, will finish Mon May  2 22:12:12 2022
imb F 64% pme/F 0.28 step 45109200, will finish Mon May  2 22:12:08 2022
step 45109300, will finish Mon May  2 22:12:04 2022
step 45109400, will finish Mon May  2 22:12:00 2022
step 45109500, will finish Mon May  2 22:11:55 2022
imb F  8% pme/F 1.85 step 45109600, will finish Mon May  2 22:11:52 2022
step 45109700, will finish Mon May  2 22:12:12 2022
step 45109800, will finish Mon May  2 22:12:13 2022
step 45109900, will finish Mon May  2 22:12:09 2022
imb F 31% pme/F 0.34 step 45110000, will finish Mon May  2 22:12:05 2022
step 45110100, will finish Mon May  2 22:12:01 2022
step 45110200, will finish Mon May  2 22:11:57 2022
step 45110300, will finish Mon May  2 22:12:05 2022
imb F  5% pme/F 1.46 step 45110400, will finish Mon May  2 22:12:01 2022
step 45110500, will finish Mon May  2 22:11:57 2022
step 45110600, will finish Mon May  2 22:11:53 2022
step 45110700, will finish Mon May  2 22:11:49 2022
imb F 22% pme/F 1.53 step 45110800, will finish Mon May  2 22:12:02 2022
step 45110900, will finish Mon May  2 22:11:58 2022
step 45111000, will finish Mon May  2 22:11:54 2022
step 45111100, will finish Mon May  2 22:11:50 2022
imb F 95% pme/F 0.24 step 45111200, will finish Mon May  2 22:11:47 2022
step 45111300, will finish Mon May  2 22:11:42 2022
step 45111400, will finish Mon May  2 22:11:38 2022
step 45111500, will finish Mon May  2 22:11:38 2022
imb F  8% pme/F 1.40 step 45111600, will finish Mon May  2 22:11:40 2022
step 45111700, will finish Mon May  2 22:11:37 2022
step 45111800, will finish Mon May  2 22:11:32 2022
step 45111900, will finish Mon May  2 22:11:29 2022
imb F 28% pme/F 0.48 step 45112000, will finish Mon May  2 22:11:25 2022
step 45112100, will finish Mon May  2 22:11:21 2022
step 45112200, will finish Mon May  2 22:11:17 2022
step 45112300, will finish Mon May  2 22:11:13 2022
imb F 65% pme/F 0.32 step 45112400, will finish Mon May  2 22:11:09 2022
step 45112500, will finish Mon May  2 22:11:05 2022
step 45112600, will finish Mon May  2 22:11:03 2022
step 45112700, will finish Mon May  2 22:11:27 2022
imb F 74% pme/F 0.29 step 45112800, will finish Mon May  2 22:11:24 2022
step 45112900, will finish Mon May  2 22:11:20 2022
step 45113000, will finish Mon May  2 22:11:15 2022
step 45113100, will finish Mon May  2 22:11:11 2022
imb F 46% pme/F 8.67 step 45113200, will finish Mon May  2 22:11:14 2022
step 45113300, will finish Mon May  2 22:11:10 2022
step 45113400, will finish Mon May  2 22:11:18 2022
step 45113500, will finish Mon May  2 22:11:35 2022
imb F 85% pme/F 0.26 step 45113600, will finish Mon May  2 22:11:32 2022
step 45113700, will finish Mon May  2 22:11:27 2022
step 45113800, will finish Mon May  2 22:11:24 2022
step 45113900, will finish Mon May  2 22:11:20 2022
imb F  4% pme/F 1.34 step 45114000, will finish Mon May  2 22:11:15 2022
step 45114100, will finish Mon May  2 22:11:12 2022
step 45114200, will finish Mon May  2 22:11:24 2022
step 45114300, will finish Mon May  2 22:11:20 2022
imb F 31% pme/F 0.27 step 45114400, will finish Mon May  2 22:11:16 2022
step 45114500, will finish Mon May  2 22:11:12 2022
step 45114600, will finish Mon May  2 22:11:08 2022
step 45114700, will finish Mon May  2 22:11:31 2022
imb F 33% pme/F 3.02 step 45114800, will finish Mon May  2 22:11:36 2022
step 45114900, will finish Mon May  2 22:11:33 2022
step 45115000, will finish Mon May  2 22:11:29 2022
step 45115100, will finish Mon May  2 22:11:25 2022
imb F 41% pme/F 0.32 step 45115200, will finish Mon May  2 22:11:21 2022
step 45115300, will finish Mon May  2 22:11:17 2022
step 45115400, will finish Mon May  2 22:11:13 2022
step 45115500, will finish Mon May  2 22:11:12 2022
imb F 54% pme/F 0.28 step 45115600, will finish Mon May  2 22:11:09 2022
step 45115700, will finish Mon May  2 22:11:04 2022
step 45115800, will finish Mon May  2 22:11:01 2022
step 45115900, will finish Mon May  2 22:10:57 2022
imb F 31% pme/F 1.39 step 45116000, will finish Mon May  2 22:11:11 2022
step 45116100, will finish Mon May  2 22:11:07 2022
step 45116200, will finish Mon May  2 22:11:03 2022
step 45116300, will finish Mon May  2 22:11:06 2022
imb F 50% pme/F 0.31 step 45116400, will finish Mon May  2 22:11:02 2022
step 45116500, will finish Mon May  2 22:10:58 2022
step 45116600, will finish Mon May  2 22:10:54 2022
step 45116700, will finish Mon May  2 22:10:50 2022
imb F 22% pme/F 0.50 step 45116800, will finish Mon May  2 22:10:46 2022
step 45116900, will finish Mon May  2 22:10:43 2022
step 45117000, will finish Mon May  2 22:10:45 2022
step 45117100, will finish Mon May  2 22:10:41 2022
imb F 49% pme/F 2.16 step 45117200, will finish Mon May  2 22:10:41 2022
step 45117300, will finish Mon May  2 22:10:37 2022
step 45117400, will finish Mon May  2 22:10:33 2022
step 45117500, will finish Mon May  2 22:10:29 2022
imb F 83% pme/F 0.25 step 45117600, will finish Mon May  2 22:10:25 2022
step 45117700, will finish Mon May  2 22:10:27 2022
step 45117800, will finish Mon May  2 22:10:23 2022
step 45117900, will finish Mon May  2 22:10:19 2022
imb F 20% pme/F 0.37 step 45118000, will finish Mon May  2 22:10:15 2022
step 45118100, will finish Mon May  2 22:10:11 2022
step 45118200, will finish Mon May  2 22:10:07 2022
step 45118300, will finish Mon May  2 22:10:03 2022
imb F 79% pme/F 0.28 step 45118400, will finish Mon May  2 22:09:59 2022
step 45118500, will finish Mon May  2 22:09:56 2022
step 45118600, will finish Mon May  2 22:09:52 2022
step 45118700, will finish Mon May  2 22:09:48 2022
imb F 83% pme/F 0.25 step 45118800, will finish Mon May  2 22:09:44 2022
step 45118900, will finish Mon May  2 22:09:44 2022
step 45119000, will finish Mon May  2 22:09:40 2022
step 45119100, will finish Mon May  2 22:09:36 2022
imb F 82% pme/F 0.25 step 45119200, will finish Mon May  2 22:09:32 2022
step 45119300, will finish Mon May  2 22:09:28 2022
step 45119400, will finish Mon May  2 22:09:24 2022
step 45119500, will finish Mon May  2 22:09:20 2022
imb F 15% pme/F 0.19 step 45119600, will finish Mon May  2 22:09:26 2022
step 45119700, will finish Mon May  2 22:09:22 2022
step 45119800, will finish Mon May  2 22:09:22 2022
step 45119900, will finish Mon May  2 22:09:18 2022
imb F 25% pme/F 0.49 step 45120000, will finish Mon May  2 22:09:14 2022
step 45120100, will finish Mon May  2 22:09:10 2022
step 45120200, will finish Mon May  2 22:09:06 2022
step 45120300, will finish Mon May  2 22:09:02 2022
imb F 92% pme/F 0.34 step 45120400, will finish Mon May  2 22:08:58 2022
step 45120500, will finish Mon May  2 22:08:54 2022
step 45120600, will finish Mon May  2 22:08:51 2022
step 45120700, will finish Mon May  2 22:08:47 2022
imb F 21% pme/F 1.32 step 45120800, will finish Mon May  2 22:08:56 2022
step 45120900, will finish Mon May  2 22:08:52 2022
step 45121000, will finish Mon May  2 22:08:48 2022
step 45121100, will finish Mon May  2 22:09:00 2022
imb F 35% pme/F 0.34 step 45121200, will finish Mon May  2 22:08:56 2022
step 45121300, will finish Mon May  2 22:08:52 2022
step 45121400, will finish Mon May  2 22:08:51 2022
step 45121500, will finish Mon May  2 22:08:47 2022
imb F  7% pme/F 1.10 step 45121600, will finish Mon May  2 22:08:43 2022
step 45121700, will finish Mon May  2 22:08:39 2022
step 45121800, will finish Mon May  2 22:08:35 2022
step 45121900, will finish Mon May  2 22:08:31 2022
imb F 37% pme/F 0.34 step 45122000, will finish Mon May  2 22:08:28 2022
step 45122100, will finish Mon May  2 22:08:34 2022
step 45122200, will finish Mon May  2 22:09:00 2022
step 45122300, will finish Mon May  2 22:09:07 2022
imb F 74% pme/F 0.23 step 45122400, will finish Mon May  2 22:09:03 2022
step 45122500, will finish Mon May  2 22:08:59 2022
step 45122600, will finish Mon May  2 22:08:55 2022
step 45122700, will finish Mon May  2 22:08:51 2022
imb F  5% pme/F 1.50 step 45122800, will finish Mon May  2 22:08:47 2022
step 45122900, will finish Mon May  2 22:08:44 2022
step 45123000, will finish Mon May  2 22:08:39 2022
step 45123100, will finish Mon May  2 22:08:42 2022
imb F  3% pme/F 0.34 step 45123200, will finish Mon May  2 22:08:38 2022
step 45123300, will finish Mon May  2 22:08:37 2022
step 45123400, will finish Mon May  2 22:08:33 2022
step 45123500, will finish Mon May  2 22:08:30 2022
imb F 60% pme/F 0.31 step 45123600, will finish Mon May  2 22:08:26 2022
step 45123700, will finish Mon May  2 22:08:22 2022
step 45123800, will finish Mon May  2 22:08:24 2022
step 45123900, will finish Mon May  2 22:08:21 2022
imb F  2% pme/F 2.06 step 45124000, will finish Mon May  2 22:08:17 2022
step 45124100, will finish Mon May  2 22:08:13 2022
step 45124200, will finish Mon May  2 22:08:09 2022
step 45124300, will finish Mon May  2 22:08:05 2022
imb F  9% pme/F 1.74 step 45124400, will finish Mon May  2 22:08:01 2022
step 45124500, will finish Mon May  2 22:07:57 2022
step 45124600, will finish Mon May  2 22:07:54 2022
step 45124700, will finish Mon May  2 22:07:50 2022
imb F 76% pme/F 0.39 step 45124800, will finish Mon May  2 22:07:46 2022
step 45124900, will finish Mon May  2 22:07:42 2022
step 45125000, will finish Mon May  2 22:07:38 2022
step 45125100, will finish Mon May  2 22:07:34 2022
imb F 22% pme/F 0.50 step 45125200, will finish Mon May  2 22:07:30 2022
step 45125300, will finish Mon May  2 22:08:28 2022
step 45125400, will finish Mon May  2 22:08:35 2022
step 45125500, will finish Mon May  2 22:08:31 2022
imb F 43% pme/F 0.31 step 45125600, will finish Mon May  2 22:08:27 2022
step 45125700, will finish Mon May  2 22:08:23 2022
step 45125800, will finish Mon May  2 22:08:19 2022
step 45125900, will finish Mon May  2 22:08:15 2022
imb F 46% pme/F 0.31 step 45126000, will finish Mon May  2 22:08:11 2022
step 45126100, will finish Mon May  2 22:08:07 2022
step 45126200, will finish Mon May  2 22:08:04 2022
step 45126300, will finish Mon May  2 22:07:59 2022
imb F 10% pme/F 0.33 step 45126400, will finish Mon May  2 22:07:56 2022
step 45126500, will finish Mon May  2 22:07:52 2022
step 45126600, will finish Mon May  2 22:07:48 2022
step 45126700, will finish Mon May  2 22:07:44 2022
imb F 30% pme/F 0.41 step 45126800, will finish Mon May  2 22:07:40 2022
step 45126900, will finish Mon May  2 22:07:36 2022
step 45127000, will finish Mon May  2 22:07:40 2022
step 45127100, will finish Mon May  2 22:07:36 2022
imb F 10% pme/F 0.07 step 45127200, will finish Mon May  2 22:07:49 2022
step 45127300, will finish Mon May  2 22:07:45 2022
step 45127400, will finish Mon May  2 22:07:56 2022
step 45127500, will finish Mon May  2 22:07:54 2022
imb F 79% pme/F 0.26 step 45127600, will finish Mon May  2 22:07:50 2022
step 45127700, will finish Mon May  2 22:08:06 2022
step 45127800, will finish Mon May  2 22:08:02 2022
step 45127900, will finish Mon May  2 22:08:08 2022
imb F 72% pme/F 0.26 step 45128000, will finish Mon May  2 22:08:04 2022
step 45128100, will finish Mon May  2 22:08:00 2022
step 45128200, will finish Mon May  2 22:07:56 2022
step 45128300, will finish Mon May  2 22:07:53 2022
imb F  2% pme/F 0.47 step 45128400, will finish Mon May  2 22:07:49 2022
step 45128500, will finish Mon May  2 22:07:45 2022
step 45128600, will finish Mon May  2 22:07:44 2022
step 45128700, will finish Mon May  2 22:07:52 2022
imb F 13% pme/F 0.18 step 45128800, will finish Mon May  2 22:08:37 2022
step 45128900, will finish Mon May  2 22:08:33 2022
step 45129000, will finish Mon May  2 22:08:29 2022
step 45129100, will finish Mon May  2 22:08:34 2022
imb F 63% pme/F 0.32 step 45129200, will finish Mon May  2 22:08:30 2022
step 45129300, will finish Mon May  2 22:08:27 2022
step 45129400, will finish Mon May  2 22:09:21 2022
step 45129500, will finish Mon May  2 22:09:21 2022
imb F 78% pme/F 0.26 step 45129600, will finish Mon May  2 22:09:17 2022
step 45129700, will finish Mon May  2 22:09:13 2022
step 45129800, will finish Mon May  2 22:09:09 2022
step 45129900, will finish Mon May  2 22:09:25 2022
imb F 46% pme/F 0.26 step 45130000, will finish Mon May  2 22:09:34 2022
step 45130100, will finish Mon May  2 22:09:30 2022
step 45130200, will finish Mon May  2 22:09:42 2022
step 45130300, will finish Mon May  2 22:09:38 2022
imb F 74% pme/F 0.28 step 45130400, will finish Mon May  2 22:09:35 2022
step 45130500, will finish Mon May  2 22:09:37 2022
step 45130600, will finish Mon May  2 22:09:33 2022
step 45130700, will finish Mon May  2 22:09:29 2022
imb F 13% pme/F 0.17 step 45130800, will finish Mon May  2 22:10:09 2022
step 45130900, will finish Mon May  2 22:10:58 2022
step 45131000, will finish Mon May  2 22:11:33 2022
step 45131100, will finish Mon May  2 22:11:32 2022
imb F 64% pme/F 0.24 step 45131200, will finish Mon May  2 22:11:28 2022
step 45131300, will finish Mon May  2 22:11:27 2022
step 45131400, will finish Mon May  2 22:11:24 2022
step 45131500, will finish Mon May  2 22:11:20 2022
imb F 50% pme/F 0.42 step 45131600, will finish Mon May  2 22:11:16 2022
step 45131700, will finish Mon May  2 22:11:20 2022
step 45131800, will finish Mon May  2 22:11:16 2022
step 45131900, will finish Mon May  2 22:11:28 2022
imb F 32% pme/F 0.36 step 45132000, will finish Mon May  2 22:11:23 2022
step 45132100, will finish Mon May  2 22:11:20 2022
step 45132200, will finish Mon May  2 22:11:16 2022
step 45132300, will finish Mon May  2 22:11:12 2022
imb F 31% pme/F 0.34 step 45132400, will finish Mon May  2 22:11:08 2022
step 45132500, will finish Mon May  2 22:11:13 2022
step 45132600, will finish Mon May  2 22:11:10 2022
step 45132700, will finish Mon May  2 22:11:16 2022
imb F 53% pme/F 0.31 step 45132800, will finish Mon May  2 22:11:12 2022
step 45132900, will finish Mon May  2 22:11:08 2022
step 45133000, will finish Mon May  2 22:11:04 2022
step 45133100, will finish Mon May  2 22:11:00 2022
imb F 27% pme/F 0.52 step 45133200, will finish Mon May  2 22:10:56 2022
step 45133300, will finish Mon May  2 22:10:53 2022
step 45133400, will finish Mon May  2 22:10:59 2022
step 45133500, will finish Mon May  2 22:10:55 2022
imb F 65% pme/F 0.30 step 45133600, will finish Mon May  2 22:10:51 2022
step 45133700, will finish Mon May  2 22:10:53 2022
step 45133800, will finish Mon May  2 22:10:49 2022
step 45133900, will finish Mon May  2 22:10:45 2022
imb F 10% pme/F 0.14 step 45134000, will finish Mon May  2 22:10:54 2022
step 45134100, will finish Mon May  2 22:10:50 2022
step 45134200, will finish Mon May  2 22:10:46 2022
step 45134300, will finish Mon May  2 22:10:57 2022
imb F 29% pme/F 0.36 step 45134400, will finish Mon May  2 22:10:53 2022
step 45134500, will finish Mon May  2 22:10:49 2022
step 45134600, will finish Mon May  2 22:10:49 2022
step 45134700, will finish Mon May  2 22:10:45 2022
imb F 20% pme/F 0.40 step 45134800, will finish Mon May  2 22:10:41 2022
step 45134900, will finish Mon May  2 22:10:37 2022
step 45135000, will finish Mon May  2 22:10:33 2022
step 45135100, will finish Mon May  2 22:10:29 2022
imb F 78% pme/F 0.28 step 45135200, will finish Mon May  2 22:10:26 2022
step 45135300, will finish Mon May  2 22:10:32 2022
step 45135400, will finish Mon May  2 22:10:29 2022
step 45135500, will finish Mon May  2 22:10:28 2022
imb F 90% pme/F 0.24 step 45135600, will finish Mon May  2 22:10:25 2022
step 45135700, will finish Mon May  2 22:10:21 2022
step 45135800, will finish Mon May  2 22:10:17 2022
step 45135900, will finish Mon May  2 22:10:14 2022
imb F 48% pme/F 0.28 step 45136000, will finish Mon May  2 22:10:10 2022
step 45136100, will finish Mon May  2 22:10:10 2022
step 45136200, will finish Mon May  2 22:10:06 2022
step 45136300, will finish Mon May  2 22:10:02 2022
imb F 43% pme/F 0.28 step 45136400, will finish Mon May  2 22:09:58 2022
step 45136500, will finish Mon May  2 22:09:55 2022
step 45136600, will finish Mon May  2 22:10:01 2022
step 45136700, will finish Mon May  2 22:09:57 2022
imb F 13% pme/F 0.21 step 45136800, will finish Mon May  2 22:10:07 2022
step 45136900, will finish Mon May  2 22:10:03 2022
step 45137000, will finish Mon May  2 22:09:59 2022
step 45137100, will finish Mon May  2 22:09:55 2022
imb F 82% pme/F 0.27 step 45137200, will finish Mon May  2 22:09:51 2022
step 45137300, will finish Mon May  2 22:09:56 2022
step 45137400, will finish Mon May  2 22:09:52 2022
step 45137500, will finish Mon May  2 22:09:49 2022
imb F 47% pme/F 0.32 step 45137600, will finish Mon May  2 22:09:45 2022
step 45137700, will finish Mon May  2 22:09:41 2022
step 45137800, will finish Mon May  2 22:09:46 2022
step 45137900, will finish Mon May  2 22:09:42 2022
imb F 57% pme/F 0.36 step 45138000, will finish Mon May  2 22:09:39 2022
step 45138100, will finish Mon May  2 22:10:01 2022
step 45138200, will finish Mon May  2 22:09:57 2022
step 45138300, will finish Mon May  2 22:09:59 2022
imb F 29% pme/F 0.34 step 45138400, will finish Mon May  2 22:10:01 2022
step 45138500, will finish Mon May  2 22:09:57 2022
step 45138600, will finish Mon May  2 22:09:53 2022
step 45138700, will finish Mon May  2 22:09:53 2022
imb F 81% pme/F 0.24 step 45138800, will finish Mon May  2 22:09:49 2022
step 45138900, will finish Mon May  2 22:09:49 2022
step 45139000, will finish Mon May  2 22:09:45 2022
step 45139100, will finish Mon May  2 22:09:41 2022
imb F 53% pme/F 0.25 step 45139200, will finish Mon May  2 22:09:37 2022
step 45139300, will finish Mon May  2 22:09:33 2022
step 45139400, will finish Mon May  2 22:09:29 2022
step 45139500, will finish Mon May  2 22:09:25 2022
imb F 30% pme/F 0.16 step 45139600, will finish Mon May  2 22:09:25 2022
step 45139700, will finish Mon May  2 22:10:01 2022
step 45139800, will finish Mon May  2 22:10:16 2022
step 45139900, will finish Mon May  2 22:10:12 2022
imb F 36% pme/F 0.35 step 45140000, will finish Mon May  2 22:10:08 2022
step 45140100, will finish Mon May  2 22:10:04 2022
step 45140200, will finish Mon May  2 22:10:01 2022
step 45140300, will finish Mon May  2 22:09:57 2022
imb F  8% pme/F 1.83 step 45140400, will finish Mon May  2 22:09:53 2022
step 45140500, will finish Mon May  2 22:09:49 2022
step 45140600, will finish Mon May  2 22:09:45 2022
step 45140700, will finish Mon May  2 22:09:41 2022
imb F 34% pme/F 0.36 step 45140800, will finish Mon May  2 22:09:40 2022
step 45140900, will finish Mon May  2 22:09:37 2022
step 45141000, will finish Mon May  2 22:09:39 2022
step 45141100, will finish Mon May  2 22:09:36 2022
imb F 44% pme/F 0.41 step 45141200, will finish Mon May  2 22:09:32 2022
step 45141300, will finish Mon May  2 22:09:50 2022
step 45141400, will finish Mon May  2 22:09:46 2022
step 45141500, will finish Mon May  2 22:09:42 2022
imb F 21% pme/F 1.23 step 45141600, will finish Mon May  2 22:10:01 2022
step 45141700, will finish Mon May  2 22:10:08 2022
step 45141800, will finish Mon May  2 22:10:05 2022
step 45141900, will finish Mon May  2 22:10:09 2022
imb F 25% pme/F 2.32 step 45142000, will finish Mon May  2 22:10:35 2022
step 45142100, will finish Mon May  2 22:10:31 2022
step 45142200, will finish Mon May  2 22:10:27 2022
step 45142300, will finish Mon May  2 22:10:24 2022
imb F 46% pme/F 0.36 step 45142400, will finish Mon May  2 22:10:20 2022
step 45142500, will finish Mon May  2 22:10:38 2022
step 45142600, will finish Mon May  2 22:10:34 2022
step 45142700, will finish Mon May  2 22:10:31 2022
imb F  4% pme/F 1.36 step 45142800, will finish Mon May  2 22:10:27 2022
step 45142900, will finish Mon May  2 22:10:23 2022
step 45143000, will finish Mon May  2 22:10:22 2022
step 45143100, will finish Mon May  2 22:10:18 2022
imb F 17% pme/F 1.59 step 45143200, will finish Mon May  2 22:10:15 2022
step 45143300, will finish Mon May  2 22:10:11 2022
step 45143400, will finish Mon May  2 22:10:07 2022
step 45143500, will finish Mon May  2 22:10:07 2022
imb F 101% pme/F 0.24 step 45143600, will finish Mon May  2 22:10:03 2022
step 45143700, will finish Mon May  2 22:10:00 2022
step 45143800, will finish Mon May  2 22:09:56 2022
step 45143900, will finish Mon May  2 22:09:52 2022
imb F  6% pme/F 1.50 step 45144000, will finish Mon May  2 22:09:48 2022
step 45144100, will finish Mon May  2 22:09:44 2022
step 45144200, will finish Mon May  2 22:09:40 2022
step 45144300, will finish Mon May  2 22:09:36 2022
imb F  9% pme/F 2.55 step 45144400, will finish Mon May  2 22:09:33 2022
step 45144500, will finish Mon May  2 22:09:29 2022
step 45144600, will finish Mon May  2 22:09:25 2022
step 45144700, will finish Mon May  2 22:09:21 2022
imb F 44% pme/F 0.39 step 45144800, will finish Mon May  2 22:09:18 2022
step 45144900, will finish Mon May  2 22:09:13 2022
step 45145000, will finish Mon May  2 22:09:10 2022
step 45145100, will finish Mon May  2 22:09:06 2022
imb F  8% pme/F 1.60 step 45145200, will finish Mon May  2 22:09:02 2022
step 45145300, will finish Mon May  2 22:08:59 2022
step 45145400, will finish Mon May  2 22:09:04 2022
step 45145500, will finish Mon May  2 22:09:01 2022
imb F  7% pme/F 1.12 step 45145600, will finish Mon May  2 22:08:57 2022
step 45145700, will finish Mon May  2 22:08:53 2022
step 45145800, will finish Mon May  2 22:08:49 2022
step 45145900, will finish Mon May  2 22:08:46 2022
imb F 72% pme/F 0.28 step 45146000, will finish Mon May  2 22:08:42 2022
step 45146100, will finish Mon May  2 22:08:38 2022
step 45146200, will finish Mon May  2 22:08:34 2022
step 45146300, will finish Mon May  2 22:08:34 2022
imb F 18% pme/F 0.70 step 45146400, will finish Mon May  2 22:08:55 2022
step 45146500, will finish Mon May  2 22:08:51 2022
step 45146600, will finish Mon May  2 22:08:53 2022
step 45146700, will finish Mon May  2 22:09:03 2022
imb F 57% pme/F 0.25 step 45146800, will finish Mon May  2 22:08:59 2022
step 45146900, will finish Mon May  2 22:09:08 2022
step 45147000, will finish Mon May  2 22:09:04 2022
step 45147100, will finish Mon May  2 22:09:10 2022
imb F 64% pme/F 0.23 step 45147200, will finish Mon May  2 22:09:07 2022
step 45147300, will finish Mon May  2 22:09:03 2022
step 45147400, will finish Mon May  2 22:08:59 2022
step 45147500, will finish Mon May  2 22:08:56 2022
imb F 65% pme/F 0.71 step 45147600, will finish Mon May  2 22:08:52 2022
step 45147700, will finish Mon May  2 22:08:49 2022
step 45147800, will finish Mon May  2 22:08:44 2022
step 45147900, will finish Mon May  2 22:08:41 2022
imb F 90% pme/F 0.29 step 45148000, will finish Mon May  2 22:08:37 2022
step 45148100, will finish Mon May  2 22:08:34 2022
step 45148200, will finish Mon May  2 22:08:30 2022
step 45148300, will finish Mon May  2 22:08:32 2022
imb F 50% pme/F 0.28 step 45148400, will finish Mon May  2 22:08:28 2022
step 45148500, will finish Mon May  2 22:08:24 2022
step 45148600, will finish Mon May  2 22:08:21 2022
step 45148700, will finish Mon May  2 22:08:17 2022
imb F 29% pme/F 3.59 step 45148800, will finish Mon May  2 22:08:26 2022
step 45148900, will finish Mon May  2 22:08:22 2022
step 45149000, will finish Mon May  2 22:08:22 2022
step 45149100, will finish Mon May  2 22:08:24 2022
imb F  4% pme/F 1.88 step 45149200, will finish Mon May  2 22:08:20 2022
step 45149300, will finish Mon May  2 22:08:16 2022
step 45149400, will finish Mon May  2 22:08:12 2022
step 45149500, will finish Mon May  2 22:08:09 2022
imb F 30% pme/F 2.70 step 45149600, will finish Mon May  2 22:08:26 2022
step 45149700, will finish Mon May  2 22:08:32 2022
step 45149800, will finish Mon May  2 22:08:28 2022
step 45149900, will finish Mon May  2 22:08:37 2022
imb F 80% pme/F 0.27 step 45150000, will finish Mon May  2 22:08:33 2022
step 45150100, will finish Mon May  2 22:08:29 2022
step 45150200, will finish Mon May  2 22:08:25 2022
step 45150300, will finish Mon May  2 22:08:22 2022
imb F 53% pme/F 1.63 step 45150400, will finish Mon May  2 22:08:21 2022
step 45150500, will finish Mon May  2 22:08:17 2022
step 45150600, will finish Mon May  2 22:08:14 2022
step 45150700, will finish Mon May  2 22:08:10 2022
imb F 57% pme/F 0.26 step 45150800, will finish Mon May  2 22:08:06 2022
step 45150900, will finish Mon May  2 22:08:12 2022
step 45151000, will finish Mon May  2 22:08:08 2022
step 45151100, will finish Mon May  2 22:08:05 2022
imb F 62% pme/F 0.29 step 45151200, will finish Mon May  2 22:08:01 2022
step 45151300, will finish Mon May  2 22:07:58 2022
step 45151400, will finish Mon May  2 22:07:53 2022
step 45151500, will finish Mon May  2 22:07:50 2022
imb F 20% pme/F 0.48 step 45151600, will finish Mon May  2 22:07:46 2022
step 45151700, will finish Mon May  2 22:07:42 2022
step 45151800, will finish Mon May  2 22:07:38 2022
step 45151900, will finish Mon May  2 22:07:34 2022
imb F 58% pme/F 0.31 step 45152000, will finish Mon May  2 22:07:31 2022
step 45152100, will finish Mon May  2 22:07:27 2022
step 45152200, will finish Mon May  2 22:07:23 2022
step 45152300, will finish Mon May  2 22:07:20 2022
imb F 31% pme/F 0.37 step 45152400, will finish Mon May  2 22:07:16 2022
step 45152500, will finish Mon May  2 22:07:12 2022
step 45152600, will finish Mon May  2 22:07:15 2022
step 45152700, will finish Mon May  2 22:07:11 2022
imb F 71% pme/F 0.28 step 45152800, will finish Mon May  2 22:07:08 2022
step 45152900, will finish Mon May  2 22:07:04 2022
step 45153000, will finish Mon May  2 22:07:00 2022
step 45153100, will finish Mon May  2 22:06:56 2022
imb F 54% pme/F 0.44 step 45153200, will finish Mon May  2 22:06:53 2022
step 45153300, will finish Mon May  2 22:06:55 2022
step 45153400, will finish Mon May  2 22:06:52 2022
step 45153500, will finish Mon May  2 22:06:48 2022
imb F 89% pme/F 0.24 step 45153600, will finish Mon May  2 22:06:45 2022
step 45153700, will finish Mon May  2 22:06:41 2022
step 45153800, will finish Mon May  2 22:06:37 2022
step 45153900, will finish Mon May  2 22:06:33 2022
imb F 12% pme/F 0.46 step 45154000, will finish Mon May  2 22:06:29 2022
step 45154100, will finish Mon May  2 22:06:26 2022
step 45154200, will finish Mon May  2 22:06:22 2022
step 45154300, will finish Mon May  2 22:06:30 2022
imb F 61% pme/F 0.44 step 45154400, will finish Mon May  2 22:06:27 2022
step 45154500, will finish Mon May  2 22:06:33 2022
step 45154600, will finish Mon May  2 22:06:41 2022
step 45154700, will finish Mon May  2 22:06:37 2022
imb F 31% pme/F 0.42 step 45154800, will finish Mon May  2 22:06:43 2022
step 45154900, will finish Mon May  2 22:06:39 2022
step 45155000, will finish Mon May  2 22:06:36 2022
step 45155100, will finish Mon May  2 22:06:32 2022
imb F 74% pme/F 0.27 step 45155200, will finish Mon May  2 22:06:28 2022
step 45155300, will finish Mon May  2 22:06:28 2022
step 45155400, will finish Mon May  2 22:06:24 2022
step 45155500, will finish Mon May  2 22:06:30 2022
imb F 20% pme/F 1.40 step 45155600, will finish Mon May  2 22:06:45 2022
step 45155700, will finish Mon May  2 22:06:42 2022
step 45155800, will finish Mon May  2 22:06:38 2022
step 45155900, will finish Mon May  2 22:06:35 2022
imb F 20% pme/F 9.20 step 45156000, will finish Mon May  2 22:06:35 2022
step 45156100, will finish Mon May  2 22:06:41 2022
step 45156200, will finish Mon May  2 22:06:52 2022
step 45156300, will finish Mon May  2 22:06:49 2022
imb F  6% pme/F 1.73 step 45156400, will finish Mon May  2 22:06:45 2022
step 45156500, will finish Mon May  2 22:06:56 2022
step 45156600, will finish Mon May  2 22:07:15 2022
step 45156700, will finish Mon May  2 22:07:36 2022
imb F 14% pme/F 0.41 step 45156800, will finish Mon May  2 22:08:14 2022
step 45156900, will finish Mon May  2 22:08:10 2022
step 45157000, will finish Mon May  2 22:08:07 2022
step 45157100, will finish Mon May  2 22:08:03 2022
imb F 28% pme/F 2.54 step 45157200, will finish Mon May  2 22:08:14 2022
step 45157300, will finish Mon May  2 22:08:35 2022
step 45157400, will finish Mon May  2 22:08:41 2022
step 45157500, will finish Mon May  2 22:08:37 2022
imb F 27% pme/F 0.46 step 45157600, will finish Mon May  2 22:08:34 2022
step 45157700, will finish Mon May  2 22:08:30 2022
step 45157800, will finish Mon May  2 22:08:26 2022
step 45157900, will finish Mon May  2 22:08:23 2022
imb F  5% pme/F 1.68 step 45158000, will finish Mon May  2 22:08:19 2022
step 45158100, will finish Mon May  2 22:08:22 2022
step 45158200, will finish Mon May  2 22:08:18 2022
step 45158300, will finish Mon May  2 22:08:14 2022
imb F  7% pme/F 1.87 step 45158400, will finish Mon May  2 22:08:10 2022
step 45158500, will finish Mon May  2 22:08:07 2022
step 45158600, will finish Mon May  2 22:08:21 2022
step 45158700, will finish Mon May  2 22:08:17 2022
imb F 95% pme/F 0.24 step 45158800, will finish Mon May  2 22:08:14 2022
step 45158900, will finish Mon May  2 22:08:10 2022
step 45159000, will finish Mon May  2 22:08:06 2022
step 45159100, will finish Mon May  2 22:08:03 2022
imb F  4% pme/F 1.75 step 45159200, will finish Mon May  2 22:07:59 2022
step 45159300, will finish Mon May  2 22:07:57 2022
step 45159400, will finish Mon May  2 22:08:01 2022
step 45159500, will finish Mon May  2 22:07:57 2022
imb F 37% pme/F 3.56 step 45159600, will finish Mon May  2 22:07:56 2022
step 45159700, will finish Mon May  2 22:08:09 2022
step 45159800, will finish Mon May  2 22:08:18 2022
step 45159900, will finish Mon May  2 22:08:14 2022
imb F  4% pme/F 1.78 step 45160000, will finish Mon May  2 22:08:11 2022
step 45160100, will finish Mon May  2 22:08:13 2022
step 45160200, will finish Mon May  2 22:08:09 2022
step 45160300, will finish Mon May  2 22:08:11 2022
imb F 51% pme/F 0.29 step 45160400, will finish Mon May  2 22:08:11 2022
step 45160500, will finish Mon May  2 22:08:07 2022
step 45160600, will finish Mon May  2 22:08:04 2022
step 45160700, will finish Mon May  2 22:08:00 2022
imb F  6% pme/F 0.92 step 45160800, will finish Mon May  2 22:07:56 2022
step 45160900, will finish Mon May  2 22:07:53 2022
step 45161000, will finish Mon May  2 22:07:49 2022
step 45161100, will finish Mon May  2 22:07:49 2022
imb F 56% pme/F 0.36 step 45161200, will finish Mon May  2 22:07:45 2022
step 45161300, will finish Mon May  2 22:07:41 2022
step 45161400, will finish Mon May  2 22:07:38 2022
step 45161500, will finish Mon May  2 22:07:34 2022
imb F 28% pme/F 0.29 step 45161600, will finish Mon May  2 22:07:33 2022
step 45161700, will finish Mon May  2 22:07:30 2022
step 45161800, will finish Mon May  2 22:07:32 2022
step 45161900, will finish Mon May  2 22:07:28 2022
imb F 26% pme/F 8.54 step 45162000, will finish Mon May  2 22:07:28 2022
step 45162100, will finish Mon May  2 22:07:24 2022
step 45162200, will finish Mon May  2 22:07:21 2022
step 45162300, will finish Mon May  2 22:07:35 2022
imb F 87% pme/F 0.27 step 45162400, will finish Mon May  2 22:07:37 2022
step 45162500, will finish Mon May  2 22:07:34 2022
step 45162600, will finish Mon May  2 22:07:47 2022
step 45162700, will finish Mon May  2 22:07:44 2022
imb F  5% pme/F 1.74 step 45162800, will finish Mon May  2 22:07:41 2022
step 45162900, will finish Mon May  2 22:07:37 2022
step 45163000, will finish Mon May  2 22:07:33 2022
step 45163100, will finish Mon May  2 22:07:29 2022
imb F 15% pme/F 0.45 step 45163200, will finish Mon May  2 22:07:25 2022
step 45163300, will finish Mon May  2 22:07:22 2022
step 45163400, will finish Mon May  2 22:07:24 2022
step 45163500, will finish Mon May  2 22:07:21 2022
imb F 33% pme/F 0.22 step 45163600, will finish Mon May  2 22:07:18 2022
step 45163700, will finish Mon May  2 22:07:14 2022
step 45163800, will finish Mon May  2 22:07:11 2022
step 45163900, will finish Mon May  2 22:07:07 2022
imb F 10% pme/F 1.69 step 45164000, will finish Mon May  2 22:07:03 2022
step 45164100, will finish Mon May  2 22:07:05 2022
step 45164200, will finish Mon May  2 22:07:24 2022
step 45164300, will finish Mon May  2 22:07:27 2022
imb F 50% pme/F 0.30 step 45164400, will finish Mon May  2 22:07:24 2022
step 45164500, will finish Mon May  2 22:07:20 2022
step 45164600, will finish Mon May  2 22:07:40 2022
step 45164700, will finish Mon May  2 22:08:00 2022
imb F 44% pme/F 9.38 step 45164800, will finish Mon May  2 22:08:04 2022
step 45164900, will finish Mon May  2 22:08:07 2022
step 45165000, will finish Mon May  2 22:08:03 2022
step 45165100, will finish Mon May  2 22:08:03 2022
imb F  8% pme/F 1.78 step 45165200, will finish Mon May  2 22:08:00 2022
step 45165300, will finish Mon May  2 22:07:56 2022
step 45165400, will finish Mon May  2 22:07:52 2022
step 45165500, will finish Mon May  2 22:07:48 2022
imb F 39% pme/F 0.45 step 45165600, will finish Mon May  2 22:07:45 2022
step 45165700, will finish Mon May  2 22:07:41 2022
step 45165800, will finish Mon May  2 22:07:38 2022
step 45165900, will finish Mon May  2 22:07:34 2022
imb F 17% pme/F 2.01 step 45166000, will finish Mon May  2 22:07:31 2022
step 45166100, will finish Mon May  2 22:07:27 2022
step 45166200, will finish Mon May  2 22:07:33 2022
step 45166300, will finish Mon May  2 22:07:29 2022
imb F 24% pme/F 0.40 step 45166400, will finish Mon May  2 22:07:26 2022
step 45166500, will finish Mon May  2 22:07:22 2022
step 45166600, will finish Mon May  2 22:07:18 2022
step 45166700, will finish Mon May  2 22:07:14 2022
imb F  5% pme/F 1.58 step 45166800, will finish Mon May  2 22:07:11 2022
step 45166900, will finish Mon May  2 22:07:07 2022
step 45167000, will finish Mon May  2 22:07:13 2022
step 45167100, will finish Mon May  2 22:07:14 2022
imb F  4% pme/F 1.85 step 45167200, will finish Mon May  2 22:07:10 2022
step 45167300, will finish Mon May  2 22:07:07 2022
step 45167400, will finish Mon May  2 22:07:03 2022
step 45167500, will finish Mon May  2 22:07:06 2022
imb F  7% pme/F 1.72 step 45167600, will finish Mon May  2 22:07:02 2022
step 45167700, will finish Mon May  2 22:06:59 2022
step 45167800, will finish Mon May  2 22:06:56 2022
step 45167900, will finish Mon May  2 22:06:52 2022
imb F  5% pme/F 0.46 step 45168000, will finish Mon May  2 22:06:48 2022
step 45168100, will finish Mon May  2 22:06:44 2022
step 45168200, will finish Mon May  2 22:06:44 2022
step 45168300, will finish Mon May  2 22:07:04 2022
imb F 98% pme/F 0.25 step 45168400, will finish Mon May  2 22:07:01 2022
step 45168500, will finish Mon May  2 22:06:57 2022
step 45168600, will finish Mon May  2 22:06:59 2022
step 45168700, will finish Mon May  2 22:06:55 2022
imb F 26% pme/F 0.48 step 45168800, will finish Mon May  2 22:06:51 2022
step 45168900, will finish Mon May  2 22:06:59 2022
step 45169000, will finish Mon May  2 22:06:56 2022
step 45169100, will finish Mon May  2 22:06:55 2022
imb F 13% pme/F 0.23 step 45169200, will finish Mon May  2 22:07:13 2022
step 45169300, will finish Mon May  2 22:07:10 2022
step 45169400, will finish Mon May  2 22:07:12 2022
step 45169500, will finish Mon May  2 22:07:11 2022
imb F 92% pme/F 0.25 step 45169600, will finish Mon May  2 22:07:07 2022
step 45169700, will finish Mon May  2 22:07:04 2022
step 45169800, will finish Mon May  2 22:07:01 2022
step 45169900, will finish Mon May  2 22:07:01 2022
imb F 81% pme/F 0.27 step 45170000, will finish Mon May  2 22:06:57 2022
step 45170100, will finish Mon May  2 22:06:53 2022
step 45170200, will finish Mon May  2 22:06:50 2022
step 45170300, will finish Mon May  2 22:06:46 2022
imb F 63% pme/F 0.33 step 45170400, will finish Mon May  2 22:06:43 2022
step 45170500, will finish Mon May  2 22:06:39 2022
step 45170600, will finish Mon May  2 22:06:45 2022
step 45170700, will finish Mon May  2 22:06:42 2022
imb F 35% pme/F 0.43 step 45170800, will finish Mon May  2 22:06:38 2022
step 45170900, will finish Mon May  2 22:06:34 2022
step 45171000, will finish Mon May  2 22:06:33 2022
step 45171100, will finish Mon May  2 22:06:36 2022
imb F 36% pme/F 0.25 step 45171200, will finish Mon May  2 22:06:33 2022
step 45171300, will finish Mon May  2 22:06:29 2022
step 45171400, will finish Mon May  2 22:06:25 2022
step 45171500, will finish Mon May  2 22:06:22 2022
imb F 29% pme/F 0.29 step 45171600, will finish Mon May  2 22:06:18 2022
step 45171700, will finish Mon May  2 22:06:15 2022
step 45171800, will finish Mon May  2 22:06:11 2022
step 45171900, will finish Mon May  2 22:06:07 2022
imb F 52% pme/F 1.31 step 45172000, will finish Mon May  2 22:06:07 2022
step 45172100, will finish Mon May  2 22:06:04 2022
step 45172200, will finish Mon May  2 22:06:18 2022
step 45172300, will finish Mon May  2 22:06:15 2022
imb F 64% pme/F 0.28 step 45172400, will finish Mon May  2 22:06:11 2022
step 45172500, will finish Mon May  2 22:06:07 2022
step 45172600, will finish Mon May  2 22:06:04 2022
step 45172700, will finish Mon May  2 22:06:04 2022
imb F 69% pme/F 0.29 step 45172800, will finish Mon May  2 22:06:00 2022
step 45172900, will finish Mon May  2 22:05:58 2022
step 45173000, will finish Mon May  2 22:05:59 2022
step 45173100, will finish Mon May  2 22:05:56 2022
imb F 52% pme/F 0.30 step 45173200, will finish Mon May  2 22:05:56 2022
step 45173300, will finish Mon May  2 22:05:52 2022
step 45173400, will finish Mon May  2 22:05:52 2022
step 45173500, will finish Mon May  2 22:05:48 2022
imb F 54% pme/F 0.37 step 45173600, will finish Mon May  2 22:05:51 2022
step 45173700, will finish Mon May  2 22:05:48 2022
step 45173800, will finish Mon May  2 22:05:45 2022
step 45173900, will finish Mon May  2 22:05:41 2022
imb F 22% pme/F 0.12 step 45174000, will finish Mon May  2 22:05:43 2022
step 45174100, will finish Mon May  2 22:05:39 2022
step 45174200, will finish Mon May  2 22:05:36 2022
step 45174300, will finish Mon May  2 22:05:35 2022
imb F 50% pme/F 0.31 step 45174400, will finish Mon May  2 22:05:32 2022
step 45174500, will finish Mon May  2 22:05:37 2022
step 45174600, will finish Mon May  2 22:05:39 2022
step 45174700, will finish Mon May  2 22:05:36 2022
imb F 29% pme/F 0.84 step 45174800, will finish Mon May  2 22:05:43 2022
step 45174900, will finish Mon May  2 22:05:51 2022
step 45175000, will finish Mon May  2 22:05:47 2022
step 45175100, will finish Mon May  2 22:05:44 2022
imb F 26% pme/F 1.28 step 45175200, will finish Mon May  2 22:05:51 2022
step 45175300, will finish Mon May  2 22:06:06 2022
step 45175400, will finish Mon May  2 22:06:27 2022
step 45175500, will finish Mon May  2 22:06:39 2022
imb F 35% pme/F 0.30 step 45175600, will finish Mon May  2 22:06:36 2022
step 45175700, will finish Mon May  2 22:06:32 2022
step 45175800, will finish Mon May  2 22:06:33 2022
step 45175900, will finish Mon May  2 22:07:01 2022
imb F 20% pme/F 1.71 step 45176000, will finish Mon May  2 22:07:30 2022
step 45176100, will finish Mon May  2 22:07:49 2022
step 45176200, will finish Mon May  2 22:08:07 2022
step 45176300, will finish Mon May  2 22:08:17 2022
imb F 47% pme/F 0.32 step 45176400, will finish Mon May  2 22:08:13 2022
step 45176500, will finish Mon May  2 22:08:18 2022
step 45176600, will finish Mon May  2 22:08:18 2022
step 45176700, will finish Mon May  2 22:08:15 2022
imb F  5% pme/F 0.72 step 45176800, will finish Mon May  2 22:08:11 2022
step 45176900, will finish Mon May  2 22:08:07 2022
step 45177000, will finish Mon May  2 22:08:03 2022
step 45177100, will finish Mon May  2 22:07:59 2022
imb F  7% pme/F 1.77 step 45177200, will finish Mon May  2 22:07:56 2022
step 45177300, will finish Mon May  2 22:07:53 2022
step 45177400, will finish Mon May  2 22:07:49 2022
step 45177500, will finish Mon May  2 22:07:46 2022
imb F 50% pme/F 0.39 step 45177600, will finish Mon May  2 22:07:43 2022
step 45177700, will finish Mon May  2 22:07:42 2022
step 45177800, will finish Mon May  2 22:07:39 2022
step 45177900, will finish Mon May  2 22:07:35 2022
imb F 36% pme/F 0.26 step 45178000, will finish Mon May  2 22:07:32 2022
step 45178100, will finish Mon May  2 22:07:39 2022
step 45178200, will finish Mon May  2 22:07:52 2022
step 45178300, will finish Mon May  2 22:07:49 2022
imb F 37% pme/F 0.16 step 45178400, will finish Mon May  2 22:07:48 2022
step 45178500, will finish Mon May  2 22:07:44 2022
step 45178600, will finish Mon May  2 22:07:41 2022
step 45178700, will finish Mon May  2 22:07:37 2022
imb F 45% pme/F 0.30 step 45178800, will finish Mon May  2 22:07:34 2022
step 45178900, will finish Mon May  2 22:08:08 2022
step 45179000, will finish Mon May  2 22:08:05 2022
step 45179100, will finish Mon May  2 22:08:02 2022
imb F 29% pme/F 1.25 step 45179200, will finish Mon May  2 22:08:05 2022
step 45179300, will finish Mon May  2 22:08:01 2022
step 45179400, will finish Mon May  2 22:07:58 2022
step 45179500, will finish Mon May  2 22:07:55 2022
imb F 19% pme/F 0.15 step 45179600, will finish Mon May  2 22:07:57 2022
step 45179700, will finish Mon May  2 22:07:56 2022
step 45179800, will finish Mon May  2 22:07:52 2022
step 45179900, will finish Mon May  2 22:07:52 2022
imb F  7% pme/F 1.72 step 45180000, will finish Mon May  2 22:07:48 2022
step 45180100, will finish Mon May  2 22:07:44 2022
step 45180200, will finish Mon May  2 22:07:47 2022
step 45180300, will finish Mon May  2 22:07:44 2022
imb F 44% pme/F 0.31 step 45180400, will finish Mon May  2 22:07:40 2022
step 45180500, will finish Mon May  2 22:07:37 2022
step 45180600, will finish Mon May  2 22:07:33 2022
step 45180700, will finish Mon May  2 22:07:29 2022
imb F 50% pme/F 0.31 step 45180800, will finish Mon May  2 22:07:26 2022
step 45180900, will finish Mon May  2 22:07:49 2022
step 45181000, will finish Mon May  2 22:07:46 2022
step 45181100, will finish Mon May  2 22:07:42 2022
imb F  3% pme/F 1.32 step 45181200, will finish Mon May  2 22:07:38 2022
step 45181300, will finish Mon May  2 22:07:35 2022
step 45181400, will finish Mon May  2 22:07:31 2022
step 45181500, will finish Mon May  2 22:07:28 2022
imb F 39% pme/F 5.54 step 45181600, will finish Mon May  2 22:07:31 2022
step 45181700, will finish Mon May  2 22:07:27 2022
step 45181800, will finish Mon May  2 22:07:27 2022
step 45181900, will finish Mon May  2 22:07:24 2022
imb F  3% pme/F 1.46 step 45182000, will finish Mon May  2 22:07:20 2022
step 45182100, will finish Mon May  2 22:07:19 2022
step 45182200, will finish Mon May  2 22:07:15 2022
step 45182300, will finish Mon May  2 22:07:11 2022
imb F  5% pme/F 1.83 step 45182400, will finish Mon May  2 22:07:08 2022
step 45182500, will finish Mon May  2 22:07:04 2022
step 45182600, will finish Mon May  2 22:07:29 2022
step 45182700, will finish Mon May  2 22:07:36 2022
imb F 51% pme/F 0.27 step 45182800, will finish Mon May  2 22:07:33 2022
step 45182900, will finish Mon May  2 22:07:29 2022
step 45183000, will finish Mon May  2 22:07:25 2022
step 45183100, will finish Mon May  2 22:07:22 2022
imb F 40% pme/F 4.57 step 45183200, will finish Mon May  2 22:07:23 2022
step 45183300, will finish Mon May  2 22:07:20 2022
step 45183400, will finish Mon May  2 22:07:16 2022
step 45183500, will finish Mon May  2 22:07:12 2022
imb F 84% pme/F 0.25 step 45183600, will finish Mon May  2 22:07:09 2022
step 45183700, will finish Mon May  2 22:07:09 2022
step 45183800, will finish Mon May  2 22:07:05 2022
step 45183900, will finish Mon May  2 22:07:03 2022
imb F 29% pme/F 1.19 step 45184000, will finish Mon May  2 22:07:24 2022
step 45184100, will finish Mon May  2 22:07:21 2022
step 45184200, will finish Mon May  2 22:07:17 2022
step 45184300, will finish Mon May  2 22:07:13 2022
imb F 70% pme/F 0.28 step 45184400, will finish Mon May  2 22:07:10 2022
step 45184500, will finish Mon May  2 22:07:13 2022
step 45184600, will finish Mon May  2 22:07:17 2022
step 45184700, will finish Mon May  2 22:07:14 2022
imb F  9% pme/F 0.53 step 45184800, will finish Mon May  2 22:07:10 2022
step 45184900, will finish Mon May  2 22:07:07 2022
step 45185000, will finish Mon May  2 22:07:03 2022
step 45185100, will finish Mon May  2 22:07:00 2022
imb F 80% pme/F 0.35 step 45185200, will finish Mon May  2 22:06:56 2022
step 45185300, will finish Mon May  2 22:07:02 2022
step 45185400, will finish Mon May  2 22:07:12 2022
step 45185500, will finish Mon May  2 22:07:08 2022
imb F  5% pme/F 1.90 step 45185600, will finish Mon May  2 22:07:05 2022
step 45185700, will finish Mon May  2 22:07:06 2022
step 45185800, will finish Mon May  2 22:07:03 2022
step 45185900, will finish Mon May  2 22:06:59 2022
imb F 13% pme/F 1.50 step 45186000, will finish Mon May  2 22:06:59 2022
step 45186100, will finish Mon May  2 22:06:56 2022
step 45186200, will finish Mon May  2 22:06:59 2022
step 45186300, will finish Mon May  2 22:07:11 2022
imb F  2% pme/F 1.80 step 45186400, will finish Mon May  2 22:07:08 2022
step 45186500, will finish Mon May  2 22:07:07 2022
step 45186600, will finish Mon May  2 22:07:15 2022
step 45186700, will finish Mon May  2 22:07:12 2022
imb F 33% pme/F 2.60 step 45186800, will finish Mon May  2 22:07:24 2022
step 45186900, will finish Mon May  2 22:07:20 2022
step 45187000, will finish Mon May  2 22:07:19 2022
step 45187100, will finish Mon May  2 22:07:22 2022
imb F 41% pme/F 0.26 step 45187200, will finish Mon May  2 22:07:19 2022
step 45187300, will finish Mon May  2 22:07:24 2022
step 45187400, will finish Mon May  2 22:07:20 2022
step 45187500, will finish Mon May  2 22:07:17 2022
imb F 36% pme/F 6.32 step 45187600, will finish Mon May  2 22:07:30 2022
step 45187700, will finish Mon May  2 22:07:29 2022
step 45187800, will finish Mon May  2 22:07:26 2022
step 45187900, will finish Mon May  2 22:07:26 2022
imb F 88% pme/F 0.31 step 45188000, will finish Mon May  2 22:07:22 2022
step 45188100, will finish Mon May  2 22:07:19 2022
step 45188200, will finish Mon May  2 22:07:15 2022
step 45188300, will finish Mon May  2 22:07:17 2022
imb F 18% pme/F 0.40 step 45188400, will finish Mon May  2 22:07:15 2022
step 45188500, will finish Mon May  2 22:07:12 2022
step 45188600, will finish Mon May  2 22:07:08 2022
step 45188700, will finish Mon May  2 22:07:05 2022
imb F  5% pme/F 1.78 step 45188800, will finish Mon May  2 22:07:01 2022
step 45188900, will finish Mon May  2 22:06:58 2022
step 45189000, will finish Mon May  2 22:07:03 2022
step 45189100, will finish Mon May  2 22:07:16 2022
imb F 19% pme/F 0.14 step 45189200, will finish Mon May  2 22:07:38 2022
step 45189300, will finish Mon May  2 22:07:35 2022
step 45189400, will finish Mon May  2 22:07:32 2022
step 45189500, will finish Mon May  2 22:07:35 2022
imb F 34% pme/F 3.73 step 45189600, will finish Mon May  2 22:07:50 2022
step 45189700, will finish Mon May  2 22:07:46 2022
step 45189800, will finish Mon May  2 22:07:43 2022
step 45189900, will finish Mon May  2 22:07:39 2022
imb F  3% pme/F 1.73 step 45190000, will finish Mon May  2 22:07:36 2022
step 45190100, will finish Mon May  2 22:07:32 2022
step 45190200, will finish Mon May  2 22:07:28 2022
step 45190300, will finish Mon May  2 22:07:26 2022
imb F 44% pme/F 8.30 step 45190400, will finish Mon May  2 22:07:39 2022
step 45190500, will finish Mon May  2 22:07:35 2022
step 45190600, will finish Mon May  2 22:07:32 2022
step 45190700, will finish Mon May  2 22:07:28 2022
imb F 76% pme/F 0.35 step 45190800, will finish Mon May  2 22:07:25 2022
step 45190900, will finish Mon May  2 22:07:30 2022
step 45191000, will finish Mon May  2 22:07:27 2022
step 45191100, will finish Mon May  2 22:07:42 2022
imb F 21% pme/F 0.42 step 45191200, will finish Mon May  2 22:07:43 2022
step 45191300, will finish Mon May  2 22:07:39 2022
step 45191400, will finish Mon May  2 22:07:36 2022
step 45191500, will finish Mon May  2 22:07:32 2022
imb F 60% pme/F 0.30 step 45191600, will finish Mon May  2 22:07:29 2022
step 45191700, will finish Mon May  2 22:07:28 2022
step 45191800, will finish Mon May  2 22:07:25 2022
step 45191900, will finish Mon May  2 22:07:28 2022
imb F 50% pme/F 0.40 step 45192000, will finish Mon May  2 22:07:24 2022
step 45192100, will finish Mon May  2 22:07:21 2022
step 45192200, will finish Mon May  2 22:07:17 2022
step 45192300, will finish Mon May  2 22:07:14 2022
imb F  4% pme/F 1.72 step 45192400, will finish Mon May  2 22:07:10 2022
step 45192500, will finish Mon May  2 22:07:07 2022
step 45192600, will finish Mon May  2 22:07:03 2022
step 45192700, will finish Mon May  2 22:07:00 2022
imb F  3% pme/F 2.11 step 45192800, will finish Mon May  2 22:06:56 2022
step 45192900, will finish Mon May  2 22:06:53 2022
step 45193000, will finish Mon May  2 22:06:49 2022
step 45193100, will finish Mon May  2 22:06:54 2022
imb F 31% pme/F 0.25 step 45193200, will finish Mon May  2 22:06:51 2022
step 45193300, will finish Mon May  2 22:06:51 2022
step 45193400, will finish Mon May  2 22:06:48 2022
step 45193500, will finish Mon May  2 22:06:50 2022
imb F 95% pme/F 0.25 step 45193600, will finish Mon May  2 22:06:47 2022
step 45193700, will finish Mon May  2 22:06:46 2022
step 45193800, will finish Mon May  2 22:06:48 2022
step 45193900, will finish Mon May  2 22:06:45 2022
imb F  4% pme/F 1.80 step 45194000, will finish Mon May  2 22:06:41 2022
step 45194100, will finish Mon May  2 22:06:38 2022
step 45194200, will finish Mon May  2 22:06:35 2022
step 45194300, will finish Mon May  2 22:06:31 2022
imb F 28% pme/F 0.43 step 45194400, will finish Mon May  2 22:06:28 2022
step 45194500, will finish Mon May  2 22:06:24 2022
step 45194600, will finish Mon May  2 22:06:21 2022
step 45194700, will finish Mon May  2 22:06:18 2022
imb F 75% pme/F 0.24 step 45194800, will finish Mon May  2 22:06:14 2022
step 45194900, will finish Mon May  2 22:06:11 2022
step 45195000, will finish Mon May  2 22:06:07 2022
step 45195100, will finish Mon May  2 22:06:05 2022
imb F 72% pme/F 0.27 step 45195200, will finish Mon May  2 22:06:03 2022
step 45195300, will finish Mon May  2 22:06:00 2022
step 45195400, will finish Mon May  2 22:05:56 2022
step 45195500, will finish Mon May  2 22:05:53 2022
imb F 39% pme/F 0.70 step 45195600, will finish Mon May  2 22:05:54 2022
step 45195700, will finish Mon May  2 22:06:12 2022
step 45195800, will finish Mon May  2 22:06:08 2022
step 45195900, will finish Mon May  2 22:06:05 2022
imb F 31% pme/F 0.35 step 45196000, will finish Mon May  2 22:06:01 2022
step 45196100, will finish Mon May  2 22:05:58 2022
step 45196200, will finish Mon May  2 22:06:00 2022
step 45196300, will finish Mon May  2 22:05:57 2022
imb F 31% pme/F 0.30 step 45196400, will finish Mon May  2 22:05:53 2022
step 45196500, will finish Mon May  2 22:05:53 2022
step 45196600, will finish Mon May  2 22:05:49 2022
step 45196700, will finish Mon May  2 22:05:49 2022
imb F 43% pme/F 0.23 step 45196800, will finish Mon May  2 22:05:45 2022
step 45196900, will finish Mon May  2 22:05:42 2022
step 45197000, will finish Mon May  2 22:05:39 2022
step 45197100, will finish Mon May  2 22:05:35 2022
imb F 11% pme/F 1.47 step 45197200, will finish Mon May  2 22:05:32 2022
step 45197300, will finish Mon May  2 22:05:28 2022
step 45197400, will finish Mon May  2 22:05:25 2022
step 45197500, will finish Mon May  2 22:05:21 2022
imb F 32% pme/F 2.88 step 45197600, will finish Mon May  2 22:05:33 2022
step 45197700, will finish Mon May  2 22:05:37 2022
step 45197800, will finish Mon May  2 22:05:34 2022
step 45197900, will finish Mon May  2 22:05:31 2022
imb F  5% pme/F 1.70 step 45198000, will finish Mon May  2 22:05:27 2022
step 45198100, will finish Mon May  2 22:05:24 2022
step 45198200, will finish Mon May  2 22:05:29 2022
step 45198300, will finish Mon May  2 22:05:25 2022
imb F 77% pme/F 0.28 step 45198400, will finish Mon May  2 22:05:22 2022
step 45198500, will finish Mon May  2 22:05:18 2022
step 45198600, will finish Mon May  2 22:05:15 2022
step 45198700, will finish Mon May  2 22:05:11 2022
imb F 58% pme/F 0.35 step 45198800, will finish Mon May  2 22:05:08 2022
step 45198900, will finish Mon May  2 22:05:10 2022
step 45199000, will finish Mon May  2 22:05:07 2022
step 45199100, will finish Mon May  2 22:05:05 2022
imb F 24% pme/F 1.69 step 45199200, will finish Mon May  2 22:05:17 2022
step 45199300, will finish Mon May  2 22:05:14 2022
step 45199400, will finish Mon May  2 22:05:10 2022
step 45199500, will finish Mon May  2 22:05:07 2022
imb F  6% pme/F 1.72 step 45199600, will finish Mon May  2 22:05:04 2022
step 45199700, will finish Mon May  2 22:05:00 2022
step 45199800, will finish Mon May  2 22:04:57 2022
step 45199900, will finish Mon May  2 22:04:53 2022
imb F 88% pme/F 0.23 step 45200000, will finish Mon May  2 22:04:50 2022
step 45200100, will finish Mon May  2 22:04:47 2022
step 45200200, will finish Mon May  2 22:04:46 2022
step 45200300, will finish Mon May  2 22:04:43 2022
imb F 22% pme/F 0.29 step 45200400, will finish Mon May  2 22:04:45 2022
step 45200500, will finish Mon May  2 22:04:42 2022
step 45200600, will finish Mon May  2 22:04:39 2022
step 45200700, will finish Mon May  2 22:04:36 2022
imb F 16% pme/F 0.36 step 45200800, will finish Mon May  2 22:04:32 2022
step 45200900, will finish Mon May  2 22:04:29 2022
step 45201000, will finish Mon May  2 22:04:28 2022
step 45201100, will finish Mon May  2 22:04:31 2022
imb F 46% pme/F 0.42 step 45201200, will finish Mon May  2 22:04:27 2022
step 45201300, will finish Mon May  2 22:04:23 2022
step 45201400, will finish Mon May  2 22:04:20 2022
step 45201500, will finish Mon May  2 22:04:17 2022
imb F 35% pme/F 2.45 step 45201600, will finish Mon May  2 22:04:21 2022
step 45201700, will finish Mon May  2 22:04:18 2022
step 45201800, will finish Mon May  2 22:04:14 2022
step 45201900, will finish Mon May  2 22:04:11 2022
imb F 93% pme/F 0.27 step 45202000, will finish Mon May  2 22:04:08 2022
step 45202100, will finish Mon May  2 22:04:04 2022
step 45202200, will finish Mon May  2 22:04:01 2022
step 45202300, will finish Mon May  2 22:04:03 2022
imb F 82% pme/F 0.28 step 45202400, will finish Mon May  2 22:04:00 2022
step 45202500, will finish Mon May  2 22:04:02 2022
step 45202600, will finish Mon May  2 22:04:25 2022
step 45202700, will finish Mon May  2 22:04:22 2022
imb F  8% pme/F 1.54 step 45202800, will finish Mon May  2 22:04:18 2022
step 45202900, will finish Mon May  2 22:04:14 2022
step 45203000, will finish Mon May  2 22:04:11 2022
step 45203100, will finish Mon May  2 22:04:22 2022
imb F 91% pme/F 0.24 step 45203200, will finish Mon May  2 22:04:19 2022
step 45203300, will finish Mon May  2 22:04:15 2022
step 45203400, will finish Mon May  2 22:04:12 2022
step 45203500, will finish Mon May  2 22:04:08 2022
imb F 32% pme/F 2.98 step 45203600, will finish Mon May  2 22:04:07 2022
step 45203700, will finish Mon May  2 22:04:04 2022
step 45203800, will finish Mon May  2 22:04:01 2022
step 45203900, will finish Mon May  2 22:03:57 2022
imb F 104% pme/F 0.24 step 45204000, will finish Mon May  2 22:03:54 2022
step 45204100, will finish Mon May  2 22:03:51 2022
step 45204200, will finish Mon May  2 22:03:47 2022
step 45204300, will finish Mon May  2 22:03:44 2022
imb F  4% pme/F 1.46 step 45204400, will finish Mon May  2 22:03:40 2022
step 45204500, will finish Mon May  2 22:03:37 2022
step 45204600, will finish Mon May  2 22:03:39 2022
step 45204700, will finish Mon May  2 22:03:36 2022
imb F  8% pme/F 1.76 step 45204800, will finish Mon May  2 22:03:33 2022
step 45204900, will finish Mon May  2 22:03:29 2022
step 45205000, will finish Mon May  2 22:03:26 2022
step 45205100, will finish Mon May  2 22:03:22 2022
imb F  2% pme/F 1.74 step 45205200, will finish Mon May  2 22:03:19 2022
step 45205300, will finish Mon May  2 22:03:16 2022
step 45205400, will finish Mon May  2 22:03:12 2022
step 45205500, will finish Mon May  2 22:03:09 2022
imb F 87% pme/F 0.24 step 45205600, will finish Mon May  2 22:03:05 2022
step 45205700, will finish Mon May  2 22:03:02 2022
step 45205800, will finish Mon May  2 22:03:07 2022
step 45205900, will finish Mon May  2 22:03:04 2022
imb F 36% pme/F 0.37 step 45206000, will finish Mon May  2 22:03:00 2022
step 45206100, will finish Mon May  2 22:02:57 2022
step 45206200, will finish Mon May  2 22:02:54 2022
step 45206300, will finish Mon May  2 22:03:07 2022
imb F 23% pme/F 1.89 step 45206400, will finish Mon May  2 22:03:41 2022
step 45206500, will finish Mon May  2 22:03:37 2022
step 45206600, will finish Mon May  2 22:03:34 2022
step 45206700, will finish Mon May  2 22:03:33 2022
imb F 90% pme/F 0.23 step 45206800, will finish Mon May  2 22:03:30 2022
step 45206900, will finish Mon May  2 22:03:32 2022
step 45207000, will finish Mon May  2 22:03:29 2022
step 45207100, will finish Mon May  2 22:03:26 2022
imb F 55% pme/F 0.31 step 45207200, will finish Mon May  2 22:03:23 2022
step 45207300, will finish Mon May  2 22:03:19 2022
step 45207400, will finish Mon May  2 22:03:16 2022
step 45207500, will finish Mon May  2 22:03:12 2022
imb F 52% pme/F 0.31 step 45207600, will finish Mon May  2 22:03:09 2022
step 45207700, will finish Mon May  2 22:03:06 2022
step 45207800, will finish Mon May  2 22:03:02 2022
step 45207900, will finish Mon May  2 22:03:02 2022
imb F 75% pme/F 0.28 step 45208000, will finish Mon May  2 22:02:58 2022
step 45208100, will finish Mon May  2 22:03:01 2022
step 45208200, will finish Mon May  2 22:02:58 2022
step 45208300, will finish Mon May  2 22:02:54 2022
imb F 30% pme/F 1.29 step 45208400, will finish Mon May  2 22:03:04 2022
step 45208500, will finish Mon May  2 22:03:01 2022
step 45208600, will finish Mon May  2 22:02:58 2022
step 45208700, will finish Mon May  2 22:03:00 2022
imb F 68% pme/F 0.27 step 45208800, will finish Mon May  2 22:02:57 2022
step 45208900, will finish Mon May  2 22:02:53 2022
step 45209000, will finish Mon May  2 22:02:50 2022
step 45209100, will finish Mon May  2 22:02:47 2022
imb F 30% pme/F 0.31 step 45209200, will finish Mon May  2 22:02:43 2022
step 45209300, will finish Mon May  2 22:02:40 2022
step 45209400, will finish Mon May  2 22:02:37 2022
step 45209500, will finish Mon May  2 22:02:33 2022
imb F  4% pme/F 0.68 step 45209600, will finish Mon May  2 22:02:30 2022
step 45209700, will finish Mon May  2 22:02:26 2022
step 45209800, will finish Mon May  2 22:02:35 2022
step 45209900, will finish Mon May  2 22:02:45 2022
imb F  3% pme/F 1.70 step 45210000, will finish Mon May  2 22:02:42 2022
step 45210100, will finish Mon May  2 22:02:38 2022
step 45210200, will finish Mon May  2 22:02:35 2022
step 45210300, will finish Mon May  2 22:02:31 2022
imb F 16% pme/F 0.38 step 45210400, will finish Mon May  2 22:02:28 2022
step 45210500, will finish Mon May  2 22:02:25 2022
step 45210600, will finish Mon May  2 22:02:21 2022
step 45210700, will finish Mon May  2 22:02:18 2022
imb F 75% pme/F 0.27 step 45210800, will finish Mon May  2 22:02:15 2022
step 45210900, will finish Mon May  2 22:02:17 2022
step 45211000, will finish Mon May  2 22:02:14 2022
step 45211100, will finish Mon May  2 22:02:13 2022
imb F 32% pme/F 10.77 step 45211200, will finish Mon May  2 22:02:38 2022
step 45211300, will finish Mon May  2 22:02:40 2022
step 45211400, will finish Mon May  2 22:02:37 2022
step 45211500, will finish Mon May  2 22:02:45 2022
imb F  7% pme/F 1.82 step 45211600, will finish Mon May  2 22:02:41 2022
step 45211700, will finish Mon May  2 22:02:38 2022
step 45211800, will finish Mon May  2 22:02:34 2022
step 45211900, will finish Mon May  2 22:02:31 2022
imb F  6% pme/F 1.32 step 45212000, will finish Mon May  2 22:02:27 2022
step 45212100, will finish Mon May  2 22:02:24 2022
step 45212200, will finish Mon May  2 22:02:21 2022
step 45212300, will finish Mon May  2 22:02:20 2022
imb F  4% pme/F 1.54 step 45212400, will finish Mon May  2 22:02:16 2022
step 45212500, will finish Mon May  2 22:02:17 2022
step 45212600, will finish Mon May  2 22:02:16 2022
step 45212700, will finish Mon May  2 22:02:12 2022
imb F 13% pme/F 0.56 step 45212800, will finish Mon May  2 22:02:09 2022
step 45212900, will finish Mon May  2 22:02:05 2022
step 45213000, will finish Mon May  2 22:02:07 2022
step 45213100, will finish Mon May  2 22:02:04 2022
imb F  7% pme/F 1.85 step 45213200, will finish Mon May  2 22:02:01 2022
step 45213300, will finish Mon May  2 22:01:57 2022
step 45213400, will finish Mon May  2 22:01:54 2022
step 45213500, will finish Mon May  2 22:01:51 2022
imb F 31% pme/F 0.28 step 45213600, will finish Mon May  2 22:01:48 2022
step 45213700, will finish Mon May  2 22:01:50 2022
step 45213800, will finish Mon May  2 22:01:47 2022
step 45213900, will finish Mon May  2 22:01:44 2022
imb F 64% pme/F 0.37 step 45214000, will finish Mon May  2 22:01:41 2022
step 45214100, will finish Mon May  2 22:01:38 2022
step 45214200, will finish Mon May  2 22:02:02 2022
step 45214300, will finish Mon May  2 22:02:05 2022
imb F 89% pme/F 0.26 step 45214400, will finish Mon May  2 22:02:02 2022
step 45214500, will finish Mon May  2 22:02:07 2022
step 45214600, will finish Mon May  2 22:02:03 2022
step 45214700, will finish Mon May  2 22:02:00 2022
imb F 41% pme/F 0.36 step 45214800, will finish Mon May  2 22:01:57 2022
step 45214900, will finish Mon May  2 22:01:54 2022
step 45215000, will finish Mon May  2 22:01:50 2022
step 45215100, will finish Mon May  2 22:01:47 2022
imb F 27% pme/F 0.36 step 45215200, will finish Mon May  2 22:01:44 2022
step 45215300, will finish Mon May  2 22:01:41 2022
step 45215400, will finish Mon May  2 22:01:37 2022
step 45215500, will finish Mon May  2 22:01:34 2022
imb F 48% pme/F 0.28 step 45215600, will finish Mon May  2 22:01:31 2022
step 45215700, will finish Mon May  2 22:01:27 2022
step 45215800, will finish Mon May  2 22:01:24 2022
step 45215900, will finish Mon May  2 22:01:21 2022
imb F 57% pme/F 0.37 step 45216000, will finish Mon May  2 22:01:18 2022
step 45216100, will finish Mon May  2 22:01:20 2022
step 45216200, will finish Mon May  2 22:01:16 2022
step 45216300, will finish Mon May  2 22:01:13 2022
imb F 39% pme/F 0.43 step 45216400, will finish Mon May  2 22:01:10 2022
step 45216500, will finish Mon May  2 22:01:06 2022
step 45216600, will finish Mon May  2 22:01:03 2022
step 45216700, will finish Mon May  2 22:01:00 2022
imb F 52% pme/F 0.30 step 45216800, will finish Mon May  2 22:00:56 2022
step 45216900, will finish Mon May  2 22:00:53 2022
step 45217000, will finish Mon May  2 22:00:53 2022
step 45217100, will finish Mon May  2 22:01:21 2022
imb F 45% pme/F 3.93 step 45217200, will finish Mon May  2 22:01:28 2022
step 45217300, will finish Mon May  2 22:01:25 2022
step 45217400, will finish Mon May  2 22:01:22 2022
step 45217500, will finish Mon May  2 22:01:19 2022
imb F 47% pme/F 1.64 step 45217600, will finish Mon May  2 22:01:18 2022
step 45217700, will finish Mon May  2 22:01:15 2022
step 45217800, will finish Mon May  2 22:01:12 2022
step 45217900, will finish Mon May  2 22:01:09 2022
imb F  3% pme/F 1.46 step 45218000, will finish Mon May  2 22:01:05 2022
step 45218100, will finish Mon May  2 22:01:02 2022
step 45218200, will finish Mon May  2 22:00:59 2022
step 45218300, will finish Mon May  2 22:01:09 2022
imb F 12% pme/F 0.60 step 45218400, will finish Mon May  2 22:01:11 2022
step 45218500, will finish Mon May  2 22:01:08 2022
step 45218600, will finish Mon May  2 22:01:05 2022
step 45218700, will finish Mon May  2 22:01:02 2022
imb F 68% pme/F 0.28 step 45218800, will finish Mon May  2 22:00:58 2022
step 45218900, will finish Mon May  2 22:00:55 2022
step 45219000, will finish Mon May  2 22:00:52 2022
step 45219100, will finish Mon May  2 22:00:48 2022
imb F 97% pme/F 0.24 step 45219200, will finish Mon May  2 22:00:45 2022
step 45219300, will finish Mon May  2 22:00:42 2022
step 45219400, will finish Mon May  2 22:00:39 2022
step 45219500, will finish Mon May  2 22:00:41 2022
imb F  6% pme/F 1.92 step 45219600, will finish Mon May  2 22:00:38 2022
step 45219700, will finish Mon May  2 22:00:35 2022
step 45219800, will finish Mon May  2 22:00:34 2022
step 45219900, will finish Mon May  2 22:00:31 2022
imb F 33% pme/F 1.01 step 45220000, will finish Mon May  2 22:00:33 2022
step 45220100, will finish Mon May  2 22:00:30 2022
step 45220200, will finish Mon May  2 22:00:27 2022
step 45220300, will finish Mon May  2 22:00:24 2022
imb F 18% pme/F 0.19 step 45220400, will finish Mon May  2 22:00:32 2022
step 45220500, will finish Mon May  2 22:00:29 2022
step 45220600, will finish Mon May  2 22:00:25 2022
step 45220700, will finish Mon May  2 22:00:22 2022
imb F  7% pme/F 1.64 step 45220800, will finish Mon May  2 22:00:19 2022
step 45220900, will finish Mon May  2 22:00:15 2022
step 45221000, will finish Mon May  2 22:00:12 2022
step 45221100, will finish Mon May  2 22:00:08 2022
imb F  2% pme/F 0.68 step 45221200, will finish Mon May  2 22:00:05 2022
step 45221300, will finish Mon May  2 22:00:02 2022
step 45221400, will finish Mon May  2 21:59:58 2022
step 45221500, will finish Mon May  2 21:59:55 2022
imb F  4% pme/F 1.80 step 45221600, will finish Mon May  2 21:59:52 2022
step 45221700, will finish Mon May  2 21:59:48 2022
step 45221800, will finish Mon May  2 21:59:45 2022
step 45221900, will finish Mon May  2 21:59:41 2022
imb F 14% pme/F 1.13 step 45222000, will finish Mon May  2 21:59:38 2022
step 45222100, will finish Mon May  2 21:59:35 2022
step 45222200, will finish Mon May  2 21:59:31 2022
step 45222300, will finish Mon May  2 21:59:28 2022
imb F 100% pme/F 0.25 step 45222400, will finish Mon May  2 21:59:25 2022
step 45222500, will finish Mon May  2 21:59:21 2022
step 45222600, will finish Mon May  2 21:59:18 2022
step 45222700, will finish Mon May  2 21:59:14 2022
imb F 48% pme/F 0.37 step 45222800, will finish Mon May  2 21:59:11 2022
step 45222900, will finish Mon May  2 21:59:08 2022
step 45223000, will finish Mon May  2 21:59:04 2022
step 45223100, will finish Mon May  2 21:59:01 2022
imb F 11% pme/F 0.81 step 45223200, will finish Mon May  2 21:58:58 2022
step 45223300, will finish Mon May  2 21:58:55 2022
step 45223400, will finish Mon May  2 21:59:00 2022
step 45223500, will finish Mon May  2 21:58:56 2022
imb F  6% pme/F 1.81 step 45223600, will finish Mon May  2 21:58:53 2022
step 45223700, will finish Mon May  2 21:58:50 2022
step 45223800, will finish Mon May  2 21:58:46 2022
step 45223900, will finish Mon May  2 21:58:43 2022
imb F 42% pme/F 0.31 step 45224000, will finish Mon May  2 21:58:40 2022
step 45224100, will finish Mon May  2 21:58:37 2022
step 45224200, will finish Mon May  2 21:58:50 2022
step 45224300, will finish Mon May  2 21:58:47 2022
imb F 54% pme/F 0.29 step 45224400, will finish Mon May  2 21:58:44 2022
step 45224500, will finish Mon May  2 21:58:41 2022
step 45224600, will finish Mon May  2 21:58:38 2022
step 45224700, will finish Mon May  2 21:58:34 2022
imb F 88% pme/F 0.24 step 45224800, will finish Mon May  2 21:58:31 2022
step 45224900, will finish Mon May  2 21:58:28 2022
step 45225000, will finish Mon May  2 21:58:24 2022
step 45225100, will finish Mon May  2 21:58:24 2022
imb F  4% pme/F 1.76 step 45225200, will finish Mon May  2 21:58:21 2022
step 45225300, will finish Mon May  2 21:58:17 2022
step 45225400, will finish Mon May  2 21:58:23 2022
step 45225500, will finish Mon May  2 21:58:19 2022
imb F 31% pme/F 0.35 step 45225600, will finish Mon May  2 21:58:16 2022
step 45225700, will finish Mon May  2 21:58:13 2022
step 45225800, will finish Mon May  2 21:58:10 2022
step 45225900, will finish Mon May  2 21:58:06 2022
imb F 41% pme/F 0.32 step 45226000, will finish Mon May  2 21:58:03 2022
step 45226100, will finish Mon May  2 21:58:03 2022
step 45226200, will finish Mon May  2 21:58:00 2022
step 45226300, will finish Mon May  2 21:57:57 2022
imb F 90% pme/F 0.26 step 45226400, will finish Mon May  2 21:57:54 2022
step 45226500, will finish Mon May  2 21:57:50 2022
step 45226600, will finish Mon May  2 21:57:47 2022
step 45226700, will finish Mon May  2 21:57:44 2022
imb F 38% pme/F 0.30 step 45226800, will finish Mon May  2 21:57:41 2022
step 45226900, will finish Mon May  2 21:57:38 2022
step 45227000, will finish Mon May  2 21:57:34 2022
step 45227100, will finish Mon May  2 21:57:31 2022
imb F 29% pme/F 1.48 step 45227200, will finish Mon May  2 21:57:39 2022
step 45227300, will finish Mon May  2 21:57:36 2022
step 45227400, will finish Mon May  2 21:57:33 2022
step 45227500, will finish Mon May  2 21:57:29 2022
imb F 90% pme/F 0.23 step 45227600, will finish Mon May  2 21:57:26 2022
step 45227700, will finish Mon May  2 21:57:23 2022
step 45227800, will finish Mon May  2 21:57:19 2022
step 45227900, will finish Mon May  2 21:57:22 2022
imb F 55% pme/F 0.29 step 45228000, will finish Mon May  2 21:57:19 2022
step 45228100, will finish Mon May  2 21:57:16 2022
step 45228200, will finish Mon May  2 21:57:12 2022
step 45228300, will finish Mon May  2 21:57:12 2022
imb F 35% pme/F 2.82 step 45228400, will finish Mon May  2 21:57:12 2022
step 45228500, will finish Mon May  2 21:57:12 2022
step 45228600, will finish Mon May  2 21:57:09 2022
step 45228700, will finish Mon May  2 21:57:06 2022
imb F 30% pme/F 2.86 step 45228800, will finish Mon May  2 21:57:25 2022
step 45228900, will finish Mon May  2 21:57:22 2022
step 45229000, will finish Mon May  2 21:57:22 2022
step 45229100, will finish Mon May  2 21:57:18 2022
imb F 16% pme/F 0.51 step 45229200, will finish Mon May  2 21:57:15 2022
step 45229300, will finish Mon May  2 21:57:12 2022
step 45229400, will finish Mon May  2 21:57:09 2022
step 45229500, will finish Mon May  2 21:57:05 2022
imb F 54% pme/F 0.33 step 45229600, will finish Mon May  2 21:57:02 2022
step 45229700, will finish Mon May  2 21:56:59 2022
step 45229800, will finish Mon May  2 21:56:58 2022
step 45229900, will finish Mon May  2 21:56:55 2022
imb F 28% pme/F 1.48 step 45230000, will finish Mon May  2 21:57:06 2022
step 45230100, will finish Mon May  2 21:57:03 2022
step 45230200, will finish Mon May  2 21:57:03 2022
step 45230300, will finish Mon May  2 21:57:02 2022
imb F  7% pme/F 1.71 step 45230400, will finish Mon May  2 21:56:59 2022
step 45230500, will finish Mon May  2 21:57:04 2022
step 45230600, will finish Mon May  2 21:57:01 2022
step 45230700, will finish Mon May  2 21:56:57 2022
imb F 23% pme/F 2.02 step 45230800, will finish Mon May  2 21:57:11 2022
step 45230900, will finish Mon May  2 21:57:07 2022
step 45231000, will finish Mon May  2 21:57:04 2022
step 45231100, will finish Mon May  2 21:57:01 2022
imb F 83% pme/F 0.23 step 45231200, will finish Mon May  2 21:56:58 2022
step 45231300, will finish Mon May  2 21:56:54 2022
step 45231400, will finish Mon May  2 21:56:51 2022
step 45231500, will finish Mon May  2 21:56:48 2022
imb F  3% pme/F 1.71 step 45231600, will finish Mon May  2 21:56:44 2022
step 45231700, will finish Mon May  2 21:56:41 2022
step 45231800, will finish Mon May  2 21:56:38 2022
step 45231900, will finish Mon May  2 21:56:35 2022
imb F 30% pme/F 2.21 step 45232000, will finish Mon May  2 21:56:40 2022
step 45232100, will finish Mon May  2 21:56:37 2022
step 45232200, will finish Mon May  2 21:56:34 2022
step 45232300, will finish Mon May  2 21:56:41 2022
imb F  5% pme/F 1.90 step 45232400, will finish Mon May  2 21:56:38 2022
step 45232500, will finish Mon May  2 21:56:35 2022
step 45232600, will finish Mon May  2 21:56:32 2022
step 45232700, will finish Mon May  2 21:56:28 2022
imb F  4% pme/F 1.23 step 45232800, will finish Mon May  2 21:56:25 2022
step 45232900, will finish Mon May  2 21:56:22 2022
step 45233000, will finish Mon May  2 21:56:19 2022
step 45233100, will finish Mon May  2 21:56:16 2022
imb F  9% pme/F 1.69 step 45233200, will finish Mon May  2 21:56:12 2022
step 45233300, will finish Mon May  2 21:56:09 2022
step 45233400, will finish Mon May  2 21:56:06 2022
step 45233500, will finish Mon May  2 21:56:08 2022
imb F  7% pme/F 1.89 step 45233600, will finish Mon May  2 21:56:05 2022
step 45233700, will finish Mon May  2 21:56:08 2022
step 45233800, will finish Mon May  2 21:56:15 2022
step 45233900, will finish Mon May  2 21:56:12 2022
imb F 35% pme/F 4.76 step 45234000, will finish Mon May  2 21:56:11 2022
step 45234100, will finish Mon May  2 21:56:08 2022
step 45234200, will finish Mon May  2 21:56:05 2022
step 45234300, will finish Mon May  2 21:56:02 2022
imb F  7% pme/F 1.28 step 45234400, will finish Mon May  2 21:55:59 2022
step 45234500, will finish Mon May  2 21:55:56 2022
step 45234600, will finish Mon May  2 21:55:52 2022
step 45234700, will finish Mon May  2 21:55:49 2022
imb F  3% pme/F 1.72 step 45234800, will finish Mon May  2 21:55:46 2022
step 45234900, will finish Mon May  2 21:55:43 2022
step 45235000, will finish Mon May  2 21:55:39 2022
step 45235100, will finish Mon May  2 21:55:36 2022
imb F 31% pme/F 5.16 step 45235200, will finish Mon May  2 21:55:36 2022
step 45235300, will finish Mon May  2 21:55:33 2022
step 45235400, will finish Mon May  2 21:55:30 2022
step 45235500, will finish Mon May  2 21:55:26 2022
imb F 23% pme/F 0.37 step 45235600, will finish Mon May  2 21:55:23 2022
step 45235700, will finish Mon May  2 21:55:20 2022
step 45235800, will finish Mon May  2 21:55:17 2022
step 45235900, will finish Mon May  2 21:55:17 2022
imb F 46% pme/F 0.27 step 45236000, will finish Mon May  2 21:55:14 2022
step 45236100, will finish Mon May  2 21:55:10 2022
step 45236200, will finish Mon May  2 21:55:07 2022
step 45236300, will finish Mon May  2 21:55:04 2022
imb F 29% pme/F 0.35 step 45236400, will finish Mon May  2 21:55:00 2022
step 45236500, will finish Mon May  2 21:54:57 2022
step 45236600, will finish Mon May  2 21:55:00 2022
step 45236700, will finish Mon May  2 21:54:57 2022
imb F 57% pme/F 0.35 step 45236800, will finish Mon May  2 21:54:54 2022
step 45236900, will finish Mon May  2 21:54:51 2022
step 45237000, will finish Mon May  2 21:54:50 2022
step 45237100, will finish Mon May  2 21:54:53 2022
imb F 23% pme/F 0.35 step 45237200, will finish Mon May  2 21:54:50 2022
step 45237300, will finish Mon May  2 21:54:47 2022
step 45237400, will finish Mon May  2 21:54:44 2022
step 45237500, will finish Mon May  2 21:54:41 2022
imb F  6% pme/F 1.76 step 45237600, will finish Mon May  2 21:54:38 2022
step 45237700, will finish Mon May  2 21:54:59 2022
step 45237800, will finish Mon May  2 21:54:56 2022
step 45237900, will finish Mon May  2 21:54:53 2022
imb F 36% pme/F 3.65 step 45238000, will finish Mon May  2 21:55:06 2022
step 45238100, will finish Mon May  2 21:55:05 2022
step 45238200, will finish Mon May  2 21:55:02 2022
step 45238300, will finish Mon May  2 21:55:05 2022
imb F  2% pme/F 1.73 step 45238400, will finish Mon May  2 21:55:01 2022
step 45238500, will finish Mon May  2 21:54:58 2022
step 45238600, will finish Mon May  2 21:54:55 2022
step 45238700, will finish Mon May  2 21:54:52 2022
imb F 36% pme/F 8.78 step 45238800, will finish Mon May  2 21:54:57 2022
step 45238900, will finish Mon May  2 21:54:53 2022
step 45239000, will finish Mon May  2 21:54:50 2022
step 45239100, will finish Mon May  2 21:54:53 2022
imb F 79% pme/F 0.29 step 45239200, will finish Mon May  2 21:54:50 2022
step 45239300, will finish Mon May  2 21:55:01 2022
step 45239400, will finish Mon May  2 21:55:17 2022
step 45239500, will finish Mon May  2 21:55:34 2022
imb F 32% pme/F 2.00 step 45239600, will finish Mon May  2 21:55:46 2022
step 45239700, will finish Mon May  2 21:55:43 2022
step 45239800, will finish Mon May  2 21:55:40 2022
step 45239900, will finish Mon May  2 21:55:37 2022
imb F 35% pme/F 0.24 step 45240000, will finish Mon May  2 21:55:34 2022
step 45240100, will finish Mon May  2 21:55:31 2022
step 45240200, will finish Mon May  2 21:55:28 2022
step 45240300, will finish Mon May  2 21:55:25 2022
imb F 49% pme/F 0.28 step 45240400, will finish Mon May  2 21:55:22 2022
step 45240500, will finish Mon May  2 21:55:24 2022
step 45240600, will finish Mon May  2 21:55:21 2022
step 45240700, will finish Mon May  2 21:55:18 2022
imb F 49% pme/F 0.31 step 45240800, will finish Mon May  2 21:55:15 2022
step 45240900, will finish Mon May  2 21:55:12 2022
step 45241000, will finish Mon May  2 21:55:08 2022
step 45241100, will finish Mon May  2 21:55:05 2022
imb F 37% pme/F 0.35 step 45241200, will finish Mon May  2 21:55:02 2022
step 45241300, will finish Mon May  2 21:54:59 2022
step 45241400, will finish Mon May  2 21:54:56 2022
step 45241500, will finish Mon May  2 21:55:09 2022
imb F  6% pme/F 1.71 step 45241600, will finish Mon May  2 21:55:05 2022
step 45241700, will finish Mon May  2 21:55:06 2022
step 45241800, will finish Mon May  2 21:55:08 2022
step 45241900, will finish Mon May  2 21:55:05 2022
imb F 46% pme/F 3.11 step 45242000, will finish Mon May  2 21:55:07 2022
step 45242100, will finish Mon May  2 21:55:03 2022
step 45242200, will finish Mon May  2 21:55:05 2022
step 45242300, will finish Mon May  2 21:55:05 2022
imb F 83% pme/F 0.28 step 45242400, will finish Mon May  2 21:55:02 2022
step 45242500, will finish Mon May  2 21:55:12 2022
step 45242600, will finish Mon May  2 21:55:20 2022
step 45242700, will finish Mon May  2 21:55:17 2022
imb F 38% pme/F 0.81 step 45242800, will finish Mon May  2 21:55:19 2022
step 45242900, will finish Mon May  2 21:55:16 2022
step 45243000, will finish Mon May  2 21:55:13 2022
step 45243100, will finish Mon May  2 21:55:28 2022
imb F 26% pme/F 2.58 step 45243200, will finish Mon May  2 21:55:49 2022
step 45243300, will finish Mon May  2 21:55:46 2022
step 45243400, will finish Mon May  2 21:55:43 2022
step 45243500, will finish Mon May  2 21:55:40 2022
imb F  5% pme/F 1.85 step 45243600, will finish Mon May  2 21:55:37 2022
step 45243700, will finish Mon May  2 21:55:35 2022
step 45243800, will finish Mon May  2 21:55:44 2022
step 45243900, will finish Mon May  2 21:55:41 2022
imb F 69% pme/F 0.25 step 45244000, will finish Mon May  2 21:55:38 2022
step 45244100, will finish Mon May  2 21:55:34 2022
step 45244200, will finish Mon May  2 21:55:31 2022
step 45244300, will finish Mon May  2 21:55:28 2022
imb F 58% pme/F 0.32 step 45244400, will finish Mon May  2 21:55:25 2022
step 45244500, will finish Mon May  2 21:55:22 2022
step 45244600, will finish Mon May  2 21:55:19 2022
step 45244700, will finish Mon May  2 21:55:15 2022
imb F 63% pme/F 0.28 step 45244800, will finish Mon May  2 21:55:12 2022
step 45244900, will finish Mon May  2 21:55:09 2022
step 45245000, will finish Mon May  2 21:55:09 2022
step 45245100, will finish Mon May  2 21:55:06 2022
imb F 85% pme/F 0.23 step 45245200, will finish Mon May  2 21:55:03 2022
step 45245300, will finish Mon May  2 21:55:00 2022
step 45245400, will finish Mon May  2 21:55:05 2022
step 45245500, will finish Mon May  2 21:55:02 2022
imb F 89% pme/F 0.27 step 45245600, will finish Mon May  2 21:54:59 2022
step 45245700, will finish Mon May  2 21:54:56 2022
step 45245800, will finish Mon May  2 21:54:53 2022
step 45245900, will finish Mon May  2 21:54:50 2022
imb F 40% pme/F 0.31 step 45246000, will finish Mon May  2 21:54:47 2022
step 45246100, will finish Mon May  2 21:55:06 2022
step 45246200, will finish Mon May  2 21:55:15 2022
step 45246300, will finish Mon May  2 21:55:12 2022
imb F 112% pme/F 0.20 step 45246400, will finish Mon May  2 21:55:09 2022
step 45246500, will finish Mon May  2 21:55:06 2022
step 45246600, will finish Mon May  2 21:55:03 2022
step 45246700, will finish Mon May  2 21:55:00 2022
imb F 80% pme/F 0.25 step 45246800, will finish Mon May  2 21:54:57 2022
step 45246900, will finish Mon May  2 21:54:53 2022
step 45247000, will finish Mon May  2 21:54:50 2022
step 45247100, will finish Mon May  2 21:54:47 2022
imb F 91% pme/F 0.30 step 45247200, will finish Mon May  2 21:54:44 2022
step 45247300, will finish Mon May  2 21:54:41 2022
step 45247400, will finish Mon May  2 21:54:38 2022
step 45247500, will finish Mon May  2 21:54:35 2022
imb F 47% pme/F 0.36 step 45247600, will finish Mon May  2 21:54:32 2022
step 45247700, will finish Mon May  2 21:54:29 2022
step 45247800, will finish Mon May  2 21:54:26 2022
step 45247900, will finish Mon May  2 21:54:23 2022
imb F 17% pme/F 0.34 step 45248000, will finish Mon May  2 21:54:19 2022
step 45248100, will finish Mon May  2 21:54:16 2022
step 45248200, will finish Mon May  2 21:54:13 2022
step 45248300, will finish Mon May  2 21:54:10 2022
imb F 59% pme/F 0.27 step 45248400, will finish Mon May  2 21:54:07 2022
step 45248500, will finish Mon May  2 21:54:20 2022
step 45248600, will finish Mon May  2 21:54:17 2022
step 45248700, will finish Mon May  2 21:54:14 2022
imb F 93% pme/F 0.25 step 45248800, will finish Mon May  2 21:54:11 2022
step 45248900, will finish Mon May  2 21:54:08 2022
step 45249000, will finish Mon May  2 21:54:04 2022
step 45249100, will finish Mon May  2 21:54:01 2022
imb F 43% pme/F 0.36 step 45249200, will finish Mon May  2 21:53:58 2022
step 45249300, will finish Mon May  2 21:53:55 2022
step 45249400, will finish Mon May  2 21:53:52 2022
step 45249500, will finish Mon May  2 21:54:00 2022
imb F 60% pme/F 0.27 step 45249600, will finish Mon May  2 21:53:57 2022
step 45249700, will finish Mon May  2 21:53:53 2022
step 45249800, will finish Mon May  2 21:53:50 2022
step 45249900, will finish Mon May  2 21:53:47 2022
imb F 51% pme/F 0.31 step 45250000, will finish Mon May  2 21:53:44 2022
step 45250100, will finish Mon May  2 21:53:41 2022
step 45250200, will finish Mon May  2 21:53:46 2022
step 45250300, will finish Mon May  2 21:53:43 2022
imb F  6% pme/F 1.75 step 45250400, will finish Mon May  2 21:53:40 2022
step 45250500, will finish Mon May  2 21:53:37 2022
step 45250600, will finish Mon May  2 21:53:34 2022
step 45250700, will finish Mon May  2 21:53:30 2022
imb F  5% pme/F 1.86 step 45250800, will finish Mon May  2 21:53:27 2022
step 45250900, will finish Mon May  2 21:53:24 2022
step 45251000, will finish Mon May  2 21:53:21 2022
step 45251100, will finish Mon May  2 21:53:18 2022
imb F 33% pme/F 7.01 step 45251200, will finish Mon May  2 21:53:40 2022
step 45251300, will finish Mon May  2 21:54:02 2022
step 45251400, will finish Mon May  2 21:54:10 2022
step 45251500, will finish Mon May  2 21:54:07 2022
imb F 17% pme/F 0.52 step 45251600, will finish Mon May  2 21:54:04 2022
step 45251700, will finish Mon May  2 21:54:00 2022
step 45251800, will finish Mon May  2 21:53:57 2022
step 45251900, will finish Mon May  2 21:53:54 2022
imb F 47% pme/F 0.29 step 45252000, will finish Mon May  2 21:53:51 2022
step 45252100, will finish Mon May  2 21:53:48 2022
step 45252200, will finish Mon May  2 21:53:45 2022
step 45252300, will finish Mon May  2 21:53:53 2022
imb F 35% pme/F 0.25 step 45252400, will finish Mon May  2 21:53:52 2022
step 45252500, will finish Mon May  2 21:53:50 2022
step 45252600, will finish Mon May  2 21:53:46 2022
step 45252700, will finish Mon May  2 21:53:43 2022
imb F 40% pme/F 0.35 step 45252800, will finish Mon May  2 21:53:40 2022
step 45252900, will finish Mon May  2 21:53:37 2022
step 45253000, will finish Mon May  2 21:53:37 2022
step 45253100, will finish Mon May  2 21:53:44 2022
imb F 56% pme/F 0.35 step 45253200, will finish Mon May  2 21:53:41 2022
step 45253300, will finish Mon May  2 21:53:59 2022
step 45253400, will finish Mon May  2 21:53:57 2022
step 45253500, will finish Mon May  2 21:53:53 2022
imb F 31% pme/F 3.67 step 45253600, will finish Mon May  2 21:54:01 2022
step 45253700, will finish Mon May  2 21:54:24 2022
step 45253800, will finish Mon May  2 21:54:21 2022
step 45253900, will finish Mon May  2 21:54:18 2022
imb F 74% pme/F 0.27 step 45254000, will finish Mon May  2 21:54:15 2022
step 45254100, will finish Mon May  2 21:54:12 2022
step 45254200, will finish Mon May  2 21:54:09 2022
step 45254300, will finish Mon May  2 21:54:06 2022
imb F 18% pme/F 0.41 step 45254400, will finish Mon May  2 21:54:03 2022
step 45254500, will finish Mon May  2 21:54:00 2022
step 45254600, will finish Mon May  2 21:53:57 2022
step 45254700, will finish Mon May  2 21:53:54 2022
imb F 49% pme/F 0.42 step 45254800, will finish Mon May  2 21:53:51 2022
step 45254900, will finish Mon May  2 21:53:48 2022
step 45255000, will finish Mon May  2 21:53:45 2022
step 45255100, will finish Mon May  2 21:53:42 2022
imb F 64% pme/F 0.25 step 45255200, will finish Mon May  2 21:53:39 2022
step 45255300, will finish Mon May  2 21:53:39 2022
step 45255400, will finish Mon May  2 21:53:36 2022
step 45255500, will finish Mon May  2 21:53:35 2022
imb F 39% pme/F 0.26 step 45255600, will finish Mon May  2 21:53:33 2022
step 45255700, will finish Mon May  2 21:53:29 2022
step 45255800, will finish Mon May  2 21:53:26 2022
step 45255900, will finish Mon May  2 21:53:23 2022
imb F 38% pme/F 0.30 step 45256000, will finish Mon May  2 21:53:20 2022
step 45256100, will finish Mon May  2 21:53:17 2022
step 45256200, will finish Mon May  2 21:53:14 2022
step 45256300, will finish Mon May  2 21:53:11 2022
imb F 25% pme/F 2.01 step 45256400, will finish Mon May  2 21:53:15 2022
step 45256500, will finish Mon May  2 21:53:21 2022
step 45256600, will finish Mon May  2 21:53:18 2022
step 45256700, will finish Mon May  2 21:53:15 2022
imb F 79% pme/F 0.26 step 45256800, will finish Mon May  2 21:53:12 2022
step 45256900, will finish Mon May  2 21:53:09 2022
step 45257000, will finish Mon May  2 21:53:05 2022
step 45257100, will finish Mon May  2 21:53:02 2022
imb F 35% pme/F 3.70 step 45257200, will finish Mon May  2 21:53:02 2022
step 45257300, will finish Mon May  2 21:52:59 2022
step 45257400, will finish Mon May  2 21:52:56 2022
step 45257500, will finish Mon May  2 21:52:53 2022
imb F 12% pme/F 1.56 step 45257600, will finish Mon May  2 21:52:50 2022
step 45257700, will finish Mon May  2 21:52:46 2022
step 45257800, will finish Mon May  2 21:52:43 2022
step 45257900, will finish Mon May  2 21:52:40 2022
imb F  4% pme/F 1.79 step 45258000, will finish Mon May  2 21:52:37 2022
step 45258100, will finish Mon May  2 21:52:43 2022
step 45258200, will finish Mon May  2 21:52:42 2022
step 45258300, will finish Mon May  2 21:52:39 2022
imb F 17% pme/F 1.23 step 45258400, will finish Mon May  2 21:52:56 2022
step 45258500, will finish Mon May  2 21:52:56 2022
step 45258600, will finish Mon May  2 21:52:53 2022
step 45258700, will finish Mon May  2 21:52:50 2022
imb F 50% pme/F 0.25 step 45258800, will finish Mon May  2 21:52:47 2022
step 45258900, will finish Mon May  2 21:52:44 2022
step 45259000, will finish Mon May  2 21:52:49 2022
step 45259100, will finish Mon May  2 21:53:10 2022
imb F 31% pme/F 3.99 step 45259200, will finish Mon May  2 21:53:19 2022
step 45259300, will finish Mon May  2 21:53:16 2022
step 45259400, will finish Mon May  2 21:53:21 2022
step 45259500, will finish Mon May  2 21:53:33 2022
imb F  6% pme/F 1.73 step 45259600, will finish Mon May  2 21:53:30 2022
step 45259700, will finish Mon May  2 21:53:27 2022
step 45259800, will finish Mon May  2 21:53:35 2022
step 45259900, will finish Mon May  2 21:53:33 2022
imb F 51% pme/F 0.29 step 45260000, will finish Mon May  2 21:53:30 2022
step 45260100, will finish Mon May  2 21:53:35 2022
step 45260200, will finish Mon May  2 21:53:32 2022
step 45260300, will finish Mon May  2 21:53:29 2022
imb F 41% pme/F 0.40 step 45260400, will finish Mon May  2 21:53:26 2022
step 45260500, will finish Mon May  2 21:53:23 2022
step 45260600, will finish Mon May  2 21:53:26 2022
step 45260700, will finish Mon May  2 21:53:23 2022
imb F  3% pme/F 1.08 step 45260800, will finish Mon May  2 21:53:19 2022
step 45260900, will finish Mon May  2 21:53:21 2022
step 45261000, will finish Mon May  2 21:53:18 2022
step 45261100, will finish Mon May  2 21:53:15 2022
imb F 24% pme/F 0.88 step 45261200, will finish Mon May  2 21:53:21 2022
step 45261300, will finish Mon May  2 21:53:29 2022
step 45261400, will finish Mon May  2 21:53:26 2022
step 45261500, will finish Mon May  2 21:53:23 2022
imb F 42% pme/F 0.29 step 45261600, will finish Mon May  2 21:53:20 2022
step 45261700, will finish Mon May  2 21:53:24 2022
step 45261800, will finish Mon May  2 21:53:48 2022
step 45261900, will finish Mon May  2 21:53:55 2022
imb F 84% pme/F 0.26 step 45262000, will finish Mon May  2 21:53:52 2022
step 45262100, will finish Mon May  2 21:53:56 2022
step 45262200, will finish Mon May  2 21:53:59 2022
step 45262300, will finish Mon May  2 21:53:56 2022
imb F 21% pme/F 2.74 step 45262400, will finish Mon May  2 21:53:54 2022
step 45262500, will finish Mon May  2 21:53:58 2022
step 45262600, will finish Mon May  2 21:53:55 2022
step 45262700, will finish Mon May  2 21:53:52 2022
imb F 94% pme/F 0.23 step 45262800, will finish Mon May  2 21:53:49 2022
step 45262900, will finish Mon May  2 21:53:45 2022
step 45263000, will finish Mon May  2 21:53:42 2022
step 45263100, will finish Mon May  2 21:53:39 2022
imb F 22% pme/F 0.40 step 45263200, will finish Mon May  2 21:53:36 2022
step 45263300, will finish Mon May  2 21:53:33 2022
step 45263400, will finish Mon May  2 21:53:30 2022
step 45263500, will finish Mon May  2 21:53:26 2022
imb F 58% pme/F 0.37 step 45263600, will finish Mon May  2 21:53:23 2022
step 45263700, will finish Mon May  2 21:53:34 2022
step 45263800, will finish Mon May  2 21:53:31 2022
step 45263900, will finish Mon May  2 21:53:28 2022
imb F 65% pme/F 0.28 step 45264000, will finish Mon May  2 21:53:25 2022
step 45264100, will finish Mon May  2 21:53:24 2022
step 45264200, will finish Mon May  2 21:53:27 2022
step 45264300, will finish Mon May  2 21:53:24 2022
imb F  7% pme/F 0.49 step 45264400, will finish Mon May  2 21:53:21 2022
step 45264500, will finish Mon May  2 21:53:18 2022
step 45264600, will finish Mon May  2 21:53:15 2022
step 45264700, will finish Mon May  2 21:53:12 2022
imb F 24% pme/F 0.31 step 45264800, will finish Mon May  2 21:53:09 2022
step 45264900, will finish Mon May  2 21:53:06 2022
step 45265000, will finish Mon May  2 21:53:03 2022
step 45265100, will finish Mon May  2 21:53:03 2022
imb F  3% pme/F 1.74 step 45265200, will finish Mon May  2 21:53:00 2022
step 45265300, will finish Mon May  2 21:53:07 2022
step 45265400, will finish Mon May  2 21:53:04 2022
step 45265500, will finish Mon May  2 21:53:02 2022
imb F 86% pme/F 0.27 step 45265600, will finish Mon May  2 21:52:59 2022
step 45265700, will finish Mon May  2 21:52:56 2022
step 45265800, will finish Mon May  2 21:52:55 2022
step 45265900, will finish Mon May  2 21:52:52 2022
imb F 11% pme/F 0.91 step 45266000, will finish Mon May  2 21:52:51 2022
step 45266100, will finish Mon May  2 21:52:48 2022
step 45266200, will finish Mon May  2 21:52:46 2022
step 45266300, will finish Mon May  2 21:52:43 2022
imb F  6% pme/F 1.79 step 45266400, will finish Mon May  2 21:52:40 2022
step 45266500, will finish Mon May  2 21:52:52 2022
step 45266600, will finish Mon May  2 21:52:51 2022
step 45266700, will finish Mon May  2 21:52:48 2022
imb F  6% pme/F 2.14 step 45266800, will finish Mon May  2 21:52:46 2022
step 45266900, will finish Mon May  2 21:52:42 2022
step 45267000, will finish Mon May  2 21:52:49 2022
step 45267100, will finish Mon May  2 21:52:49 2022
imb F 11% pme/F 1.72 step 45267200, will finish Mon May  2 21:52:46 2022
step 45267300, will finish Mon May  2 21:52:49 2022
step 45267400, will finish Mon May  2 21:52:46 2022
step 45267500, will finish Mon May  2 21:52:43 2022
imb F  6% pme/F 1.92 step 45267600, will finish Mon May  2 21:52:40 2022
step 45267700, will finish Mon May  2 21:52:37 2022
step 45267800, will finish Mon May  2 21:52:34 2022
step 45267900, will finish Mon May  2 21:52:31 2022
imb F 12% pme/F 1.51 step 45268000, will finish Mon May  2 21:52:28 2022
step 45268100, will finish Mon May  2 21:52:25 2022
step 45268200, will finish Mon May  2 21:52:22 2022
step 45268300, will finish Mon May  2 21:52:18 2022
imb F  7% pme/F 2.12 step 45268400, will finish Mon May  2 21:52:16 2022
step 45268500, will finish Mon May  2 21:52:23 2022
step 45268600, will finish Mon May  2 21:52:20 2022
step 45268700, will finish Mon May  2 21:52:17 2022
imb F  3% pme/F 1.73 step 45268800, will finish Mon May  2 21:52:14 2022
step 45268900, will finish Mon May  2 21:52:12 2022
step 45269000, will finish Mon May  2 21:52:09 2022
step 45269100, will finish Mon May  2 21:52:06 2022
imb F 72% pme/F 0.29 step 45269200, will finish Mon May  2 21:52:02 2022
step 45269300, will finish Mon May  2 21:52:00 2022
step 45269400, will finish Mon May  2 21:51:56 2022
step 45269500, will finish Mon May  2 21:51:53 2022
imb F 35% pme/F 0.28 step 45269600, will finish Mon May  2 21:51:50 2022
step 45269700, will finish Mon May  2 21:51:47 2022
step 45269800, will finish Mon May  2 21:51:44 2022
step 45269900, will finish Mon May  2 21:51:41 2022
imb F  5% pme/F 1.74 step 45270000, will finish Mon May  2 21:51:38 2022
step 45270100, will finish Mon May  2 21:51:35 2022
step 45270200, will finish Mon May  2 21:51:32 2022
step 45270300, will finish Mon May  2 21:51:43 2022
imb F 60% pme/F 0.37 step 45270400, will finish Mon May  2 21:51:40 2022
step 45270500, will finish Mon May  2 21:51:37 2022
step 45270600, will finish Mon May  2 21:51:33 2022
step 45270700, will finish Mon May  2 21:51:31 2022
imb F 29% pme/F 0.37 step 45270800, will finish Mon May  2 21:51:28 2022
step 45270900, will finish Mon May  2 21:51:25 2022
step 45271000, will finish Mon May  2 21:51:21 2022
step 45271100, will finish Mon May  2 21:51:18 2022
imb F 69% pme/F 0.23 step 45271200, will finish Mon May  2 21:51:15 2022
step 45271300, will finish Mon May  2 21:51:18 2022
step 45271400, will finish Mon May  2 21:51:15 2022
step 45271500, will finish Mon May  2 21:51:13 2022
imb F 26% pme/F 0.60 step 45271600, will finish Mon May  2 21:51:13 2022
step 45271700, will finish Mon May  2 21:51:11 2022
step 45271800, will finish Mon May  2 21:51:08 2022
step 45271900, will finish Mon May  2 21:51:05 2022
imb F  8% pme/F 0.40 step 45272000, will finish Mon May  2 21:51:02 2022
step 45272100, will finish Mon May  2 21:50:58 2022
step 45272200, will finish Mon May  2 21:50:55 2022
step 45272300, will finish Mon May  2 21:50:52 2022
imb F 88% pme/F 0.25 step 45272400, will finish Mon May  2 21:50:49 2022
step 45272500, will finish Mon May  2 21:50:46 2022
step 45272600, will finish Mon May  2 21:50:43 2022
step 45272700, will finish Mon May  2 21:50:40 2022
imb F 15% pme/F 0.46 step 45272800, will finish Mon May  2 21:50:37 2022
step 45272900, will finish Mon May  2 21:50:34 2022
step 45273000, will finish Mon May  2 21:50:31 2022
step 45273100, will finish Mon May  2 21:50:28 2022
imb F 88% pme/F 0.26 step 45273200, will finish Mon May  2 21:50:25 2022
step 45273300, will finish Mon May  2 21:50:38 2022
step 45273400, will finish Mon May  2 21:50:35 2022
step 45273500, will finish Mon May  2 21:50:32 2022
imb F 86% pme/F 0.23 step 45273600, will finish Mon May  2 21:50:29 2022
step 45273700, will finish Mon May  2 21:50:29 2022
step 45273800, will finish Mon May  2 21:50:31 2022
step 45273900, will finish Mon May  2 21:50:28 2022
imb F 27% pme/F 0.81 step 45274000, will finish Mon May  2 21:50:38 2022
step 45274100, will finish Mon May  2 21:50:35 2022
step 45274200, will finish Mon May  2 21:50:32 2022
step 45274300, will finish Mon May  2 21:50:29 2022
imb F 99% pme/F 0.24 step 45274400, will finish Mon May  2 21:50:26 2022
step 45274500, will finish Mon May  2 21:50:23 2022
step 45274600, will finish Mon May  2 21:50:20 2022
step 45274700, will finish Mon May  2 21:50:17 2022
imb F 40% pme/F 0.35 step 45274800, will finish Mon May  2 21:50:14 2022
step 45274900, will finish Mon May  2 21:50:11 2022
step 45275000, will finish Mon May  2 21:50:08 2022
step 45275100, will finish Mon May  2 21:50:05 2022
imb F 72% pme/F 0.27 step 45275200, will finish Mon May  2 21:50:02 2022
step 45275300, will finish Mon May  2 21:49:59 2022
step 45275400, will finish Mon May  2 21:49:56 2022
step 45275500, will finish Mon May  2 21:49:55 2022
imb F 20% pme/F 0.34 step 45275600, will finish Mon May  2 21:49:52 2022
step 45275700, will finish Mon May  2 21:49:49 2022
step 45275800, will finish Mon May  2 21:49:46 2022
step 45275900, will finish Mon May  2 21:49:43 2022
imb F  7% pme/F 1.65 step 45276000, will finish Mon May  2 21:49:41 2022
step 45276100, will finish Mon May  2 21:49:38 2022
step 45276200, will finish Mon May  2 21:49:40 2022
step 45276300, will finish Mon May  2 21:49:37 2022
imb F 36% pme/F 1.61 step 45276400, will finish Mon May  2 21:49:37 2022
step 45276500, will finish Mon May  2 21:49:34 2022
step 45276600, will finish Mon May  2 21:49:31 2022
step 45276700, will finish Mon May  2 21:50:00 2022
imb F 50% pme/F 0.31 step 45276800, will finish Mon May  2 21:49:59 2022
step 45276900, will finish Mon May  2 21:49:56 2022
step 45277000, will finish Mon May  2 21:49:53 2022
step 45277100, will finish Mon May  2 21:49:50 2022
imb F 27% pme/F 0.54 step 45277200, will finish Mon May  2 21:49:57 2022
step 45277300, will finish Mon May  2 21:49:59 2022
step 45277400, will finish Mon May  2 21:49:56 2022
step 45277500, will finish Mon May  2 21:49:53 2022
imb F 20% pme/F 1.14 step 45277600, will finish Mon May  2 21:50:10 2022
step 45277700, will finish Mon May  2 21:50:07 2022
step 45277800, will finish Mon May  2 21:50:04 2022
step 45277900, will finish Mon May  2 21:50:01 2022
imb F 58% pme/F 0.31 step 45278000, will finish Mon May  2 21:49:58 2022
step 45278100, will finish Mon May  2 21:49:55 2022
step 45278200, will finish Mon May  2 21:49:52 2022
step 45278300, will finish Mon May  2 21:49:49 2022
imb F  6% pme/F 0.98 step 45278400, will finish Mon May  2 21:49:46 2022
step 45278500, will finish Mon May  2 21:49:43 2022
step 45278600, will finish Mon May  2 21:49:40 2022
step 45278700, will finish Mon May  2 21:49:47 2022
imb F 64% pme/F 0.36 step 45278800, will finish Mon May  2 21:49:45 2022
step 45278900, will finish Mon May  2 21:49:44 2022
step 45279000, will finish Mon May  2 21:49:42 2022
step 45279100, will finish Mon May  2 21:49:49 2022
imb F 80% pme/F 0.27 step 45279200, will finish Mon May  2 21:49:46 2022
step 45279300, will finish Mon May  2 21:49:43 2022
step 45279400, will finish Mon May  2 21:49:40 2022
step 45279500, will finish Mon May  2 21:49:37 2022
imb F  2% pme/F 1.30 step 45279600, will finish Mon May  2 21:49:34 2022
step 45279700, will finish Mon May  2 21:49:31 2022
step 45279800, will finish Mon May  2 21:49:31 2022
step 45279900, will finish Mon May  2 21:49:28 2022
imb F 56% pme/F 0.34 step 45280000, will finish Mon May  2 21:49:25 2022
step 45280100, will finish Mon May  2 21:49:22 2022
step 45280200, will finish Mon May  2 21:49:19 2022
step 45280300, will finish Mon May  2 21:49:24 2022
imb F  7% pme/F 1.53 step 45280400, will finish Mon May  2 21:49:21 2022
step 45280500, will finish Mon May  2 21:49:23 2022
step 45280600, will finish Mon May  2 21:49:21 2022
step 45280700, will finish Mon May  2 21:49:18 2022
imb F 39% pme/F 0.24 step 45280800, will finish Mon May  2 21:49:15 2022
step 45280900, will finish Mon May  2 21:49:12 2022
step 45281000, will finish Mon May  2 21:49:17 2022
step 45281100, will finish Mon May  2 21:49:14 2022
imb F  5% pme/F 1.36 step 45281200, will finish Mon May  2 21:49:11 2022
step 45281300, will finish Mon May  2 21:49:08 2022
step 45281400, will finish Mon May  2 21:49:05 2022
step 45281500, will finish Mon May  2 21:49:02 2022
imb F 59% pme/F 0.27 step 45281600, will finish Mon May  2 21:48:59 2022
step 45281700, will finish Mon May  2 21:48:56 2022
step 45281800, will finish Mon May  2 21:48:53 2022
step 45281900, will finish Mon May  2 21:48:50 2022
imb F 29% pme/F 0.41 step 45282000, will finish Mon May  2 21:48:47 2022
step 45282100, will finish Mon May  2 21:48:44 2022
step 45282200, will finish Mon May  2 21:48:44 2022
step 45282300, will finish Mon May  2 21:48:41 2022
imb F 37% pme/F 0.22 step 45282400, will finish Mon May  2 21:48:44 2022
step 45282500, will finish Mon May  2 21:48:48 2022
step 45282600, will finish Mon May  2 21:48:45 2022
step 45282700, will finish Mon May  2 21:48:42 2022
imb F 34% pme/F 0.30 step 45282800, will finish Mon May  2 21:48:39 2022
step 45282900, will finish Mon May  2 21:48:36 2022
step 45283000, will finish Mon May  2 21:48:33 2022
step 45283100, will finish Mon May  2 21:48:30 2022
imb F  5% pme/F 0.91 step 45283200, will finish Mon May  2 21:48:27 2022
step 45283300, will finish Mon May  2 21:48:24 2022
step 45283400, will finish Mon May  2 21:48:27 2022
step 45283500, will finish Mon May  2 21:48:24 2022
imb F 68% pme/F 0.29 step 45283600, will finish Mon May  2 21:48:21 2022
step 45283700, will finish Mon May  2 21:48:18 2022
step 45283800, will finish Mon May  2 21:48:15 2022
step 45283900, will finish Mon May  2 21:48:28 2022
imb F 46% pme/F 0.27 step 45284000, will finish Mon May  2 21:48:25 2022
step 45284100, will finish Mon May  2 21:48:26 2022
step 45284200, will finish Mon May  2 21:48:24 2022
step 45284300, will finish Mon May  2 21:48:21 2022
imb F  5% pme/F 0.71 step 45284400, will finish Mon May  2 21:48:18 2022
step 45284500, will finish Mon May  2 21:48:15 2022
step 45284600, will finish Mon May  2 21:48:12 2022
step 45284700, will finish Mon May  2 21:48:09 2022
imb F 76% pme/F 0.26 step 45284800, will finish Mon May  2 21:48:06 2022
step 45284900, will finish Mon May  2 21:48:04 2022
step 45285000, will finish Mon May  2 21:48:01 2022
step 45285100, will finish Mon May  2 21:47:57 2022
imb F 17% pme/F 1.66 step 45285200, will finish Mon May  2 21:47:55 2022
step 45285300, will finish Mon May  2 21:47:52 2022
step 45285400, will finish Mon May  2 21:47:48 2022
step 45285500, will finish Mon May  2 21:47:45 2022
imb F  9% pme/F 0.99 step 45285600, will finish Mon May  2 21:47:42 2022
step 45285700, will finish Mon May  2 21:47:39 2022
step 45285800, will finish Mon May  2 21:47:39 2022
step 45285900, will finish Mon May  2 21:47:36 2022
imb F 79% pme/F 0.28 step 45286000, will finish Mon May  2 21:47:34 2022
step 45286100, will finish Mon May  2 21:47:31 2022
step 45286200, will finish Mon May  2 21:47:28 2022
step 45286300, will finish Mon May  2 21:47:38 2022
imb F 66% pme/F 0.36 step 45286400, will finish Mon May  2 21:47:35 2022
step 45286500, will finish Mon May  2 21:47:32 2022
step 45286600, will finish Mon May  2 21:47:34 2022
step 45286700, will finish Mon May  2 21:47:31 2022
imb F 37% pme/F 0.45 step 45286800, will finish Mon May  2 21:47:28 2022
step 45286900, will finish Mon May  2 21:47:38 2022
step 45287000, will finish Mon May  2 21:47:35 2022
step 45287100, will finish Mon May  2 21:47:40 2022
imb F 75% pme/F 0.26 step 45287200, will finish Mon May  2 21:47:38 2022
step 45287300, will finish Mon May  2 21:47:35 2022
step 45287400, will finish Mon May  2 21:47:32 2022
step 45287500, will finish Mon May  2 21:47:29 2022
imb F 94% pme/F 0.23 step 45287600, will finish Mon May  2 21:47:27 2022
step 45287700, will finish Mon May  2 21:47:34 2022
step 45287800, will finish Mon May  2 21:47:31 2022
step 45287900, will finish Mon May  2 21:47:29 2022
imb F 18% pme/F 1.35 step 45288000, will finish Mon May  2 21:47:33 2022
step 45288100, will finish Mon May  2 21:47:31 2022
step 45288200, will finish Mon May  2 21:47:28 2022
step 45288300, will finish Mon May  2 21:47:25 2022
imb F 30% pme/F 1.37 step 45288400, will finish Mon May  2 21:47:33 2022
step 45288500, will finish Mon May  2 21:47:30 2022
step 45288600, will finish Mon May  2 21:47:27 2022
step 45288700, will finish Mon May  2 21:47:24 2022
imb F 89% pme/F 0.26 step 45288800, will finish Mon May  2 21:47:21 2022
step 45288900, will finish Mon May  2 21:47:18 2022
step 45289000, will finish Mon May  2 21:47:15 2022
step 45289100, will finish Mon May  2 21:47:12 2022
imb F 30% pme/F 2.38 step 45289200, will finish Mon May  2 21:47:16 2022
step 45289300, will finish Mon May  2 21:47:14 2022
step 45289400, will finish Mon May  2 21:47:15 2022
step 45289500, will finish Mon May  2 21:47:15 2022
imb F 70% pme/F 0.32 step 45289600, will finish Mon May  2 21:47:12 2022
step 45289700, will finish Mon May  2 21:47:25 2022
step 45289800, will finish Mon May  2 21:47:40 2022
step 45289900, will finish Mon May  2 21:47:37 2022
imb F 29% pme/F 3.82 step 45290000, will finish Mon May  2 21:47:36 2022
step 45290100, will finish Mon May  2 21:47:49 2022
step 45290200, will finish Mon May  2 21:47:46 2022
step 45290300, will finish Mon May  2 21:47:59 2022
imb F 35% pme/F 0.28 step 45290400, will finish Mon May  2 21:47:56 2022
step 45290500, will finish Mon May  2 21:47:53 2022
step 45290600, will finish Mon May  2 21:47:56 2022
step 45290700, will finish Mon May  2 21:47:53 2022
imb F  6% pme/F 0.47 step 45290800, will finish Mon May  2 21:47:50 2022
step 45290900, will finish Mon May  2 21:47:47 2022
step 45291000, will finish Mon May  2 21:47:47 2022
step 45291100, will finish Mon May  2 21:47:44 2022
imb F 23% pme/F 0.51 step 45291200, will finish Mon May  2 21:47:41 2022
step 45291300, will finish Mon May  2 21:47:37 2022
step 45291400, will finish Mon May  2 21:47:35 2022
step 45291500, will finish Mon May  2 21:47:32 2022
imb F 52% pme/F 0.30 step 45291600, will finish Mon May  2 21:47:29 2022
step 45291700, will finish Mon May  2 21:47:26 2022
step 45291800, will finish Mon May  2 21:47:23 2022
step 45291900, will finish Mon May  2 21:47:20 2022
imb F  9% pme/F 0.76 step 45292000, will finish Mon May  2 21:47:17 2022
step 45292100, will finish Mon May  2 21:47:14 2022
step 45292200, will finish Mon May  2 21:47:17 2022
step 45292300, will finish Mon May  2 21:47:14 2022
imb F 45% pme/F 0.37 step 45292400, will finish Mon May  2 21:47:11 2022
step 45292500, will finish Mon May  2 21:47:08 2022
step 45292600, will finish Mon May  2 21:47:05 2022
step 45292700, will finish Mon May  2 21:47:05 2022
imb F  2% pme/F 1.78 step 45292800, will finish Mon May  2 21:47:02 2022
step 45292900, will finish Mon May  2 21:47:00 2022
step 45293000, will finish Mon May  2 21:47:07 2022
step 45293100, will finish Mon May  2 21:47:15 2022
imb F  5% pme/F 1.68 step 45293200, will finish Mon May  2 21:47:12 2022
step 45293300, will finish Mon May  2 21:47:09 2022
step 45293400, will finish Mon May  2 21:47:06 2022
step 45293500, will finish Mon May  2 21:47:03 2022
imb F 35% pme/F 11.16 step 45293600, will finish Mon May  2 21:47:05 2022
step 45293700, will finish Mon May  2 21:47:02 2022
step 45293800, will finish Mon May  2 21:46:59 2022
step 45293900, will finish Mon May  2 21:47:01 2022
imb F 55% pme/F 0.31 step 45294000, will finish Mon May  2 21:46:59 2022
step 45294100, will finish Mon May  2 21:46:56 2022
step 45294200, will finish Mon May  2 21:46:53 2022
step 45294300, will finish Mon May  2 21:46:50 2022
imb F 26% pme/F 1.34 step 45294400, will finish Mon May  2 21:47:02 2022
step 45294500, will finish Mon May  2 21:47:01 2022
step 45294600, will finish Mon May  2 21:46:58 2022
step 45294700, will finish Mon May  2 21:47:01 2022
imb F 77% pme/F 0.30 step 45294800, will finish Mon May  2 21:46:58 2022
step 45294900, will finish Mon May  2 21:46:55 2022
step 45295000, will finish Mon May  2 21:46:52 2022
step 45295100, will finish Mon May  2 21:46:50 2022
imb F  8% pme/F 1.49 step 45295200, will finish Mon May  2 21:46:47 2022
step 45295300, will finish Mon May  2 21:46:44 2022
step 45295400, will finish Mon May  2 21:46:43 2022
step 45295500, will finish Mon May  2 21:46:40 2022
imb F 39% pme/F 0.23 step 45295600, will finish Mon May  2 21:46:37 2022
step 45295700, will finish Mon May  2 21:46:52 2022
step 45295800, will finish Mon May  2 21:46:49 2022
step 45295900, will finish Mon May  2 21:46:46 2022
imb F 21% pme/F 0.41 step 45296000, will finish Mon May  2 21:46:46 2022
step 45296100, will finish Mon May  2 21:46:43 2022
step 45296200, will finish Mon May  2 21:46:40 2022
step 45296300, will finish Mon May  2 21:46:37 2022
imb F 48% pme/F 2.42 step 45296400, will finish Mon May  2 21:46:37 2022
step 45296500, will finish Mon May  2 21:46:41 2022
step 45296600, will finish Mon May  2 21:46:38 2022
step 45296700, will finish Mon May  2 21:46:35 2022
imb F 30% pme/F 0.37 step 45296800, will finish Mon May  2 21:46:32 2022
step 45296900, will finish Mon May  2 21:46:29 2022
step 45297000, will finish Mon May  2 21:46:26 2022
step 45297100, will finish Mon May  2 21:46:23 2022
imb F 51% pme/F 0.29 step 45297200, will finish Mon May  2 21:46:20 2022
step 45297300, will finish Mon May  2 21:46:25 2022
step 45297400, will finish Mon May  2 21:46:22 2022
step 45297500, will finish Mon May  2 21:46:34 2022
imb F 21% pme/F 1.54 step 45297600, will finish Mon May  2 21:46:58 2022
step 45297700, will finish Mon May  2 21:47:04 2022
step 45297800, will finish Mon May  2 21:47:01 2022
step 45297900, will finish Mon May  2 21:47:04 2022
imb F 28% pme/F 0.27 step 45298000, will finish Mon May  2 21:47:01 2022
step 45298100, will finish Mon May  2 21:47:07 2022
step 45298200, will finish Mon May  2 21:47:16 2022
step 45298300, will finish Mon May  2 21:47:13 2022
imb F 35% pme/F 0.35 step 45298400, will finish Mon May  2 21:47:10 2022
step 45298500, will finish Mon May  2 21:47:07 2022
step 45298600, will finish Mon May  2 21:47:05 2022
step 45298700, will finish Mon May  2 21:47:09 2022
imb F 64% pme/F 0.27 step 45298800, will finish Mon May  2 21:47:07 2022
step 45298900, will finish Mon May  2 21:47:09 2022
step 45299000, will finish Mon May  2 21:47:06 2022
step 45299100, will finish Mon May  2 21:47:13 2022
imb F 56% pme/F 0.31 step 45299200, will finish Mon May  2 21:47:11 2022
step 45299300, will finish Mon May  2 21:47:08 2022
step 45299400, will finish Mon May  2 21:47:05 2022
step 45299500, will finish Mon May  2 21:47:02 2022
imb F 18% pme/F 0.39 step 45299600, will finish Mon May  2 21:46:59 2022
step 45299700, will finish Mon May  2 21:47:00 2022
step 45299800, will finish Mon May  2 21:46:58 2022
step 45299900, will finish Mon May  2 21:46:55 2022
imb F 56% pme/F 0.29 step 45300000, will finish Mon May  2 21:46:52 2022
step 45300100, will finish Mon May  2 21:46:49 2022
step 45300200, will finish Mon May  2 21:46:48 2022
step 45300300, will finish Mon May  2 21:46:45 2022
imb F 23% pme/F 0.14 step 45300400, will finish Mon May  2 21:46:45 2022
step 45300500, will finish Mon May  2 21:46:56 2022
step 45300600, will finish Mon May  2 21:47:06 2022
step 45300700, will finish Mon May  2 21:47:10 2022
imb F  5% pme/F 1.67 step 45300800, will finish Mon May  2 21:47:07 2022
step 45300900, will finish Mon May  2 21:47:04 2022
step 45301000, will finish Mon May  2 21:47:08 2022
step 45301100, will finish Mon May  2 21:47:14 2022
imb F 42% pme/F 0.60 step 45301200, will finish Mon May  2 21:47:13 2022
step 45301300, will finish Mon May  2 21:47:11 2022
step 45301400, will finish Mon May  2 21:47:11 2022
step 45301500, will finish Mon May  2 21:47:09 2022
imb F 22% pme/F 0.57 step 45301600, will finish Mon May  2 21:47:08 2022
step 45301700, will finish Mon May  2 21:47:05 2022
step 45301800, will finish Mon May  2 21:47:02 2022
step 45301900, will finish Mon May  2 21:46:59 2022
imb F 78% pme/F 0.26 step 45302000, will finish Mon May  2 21:46:56 2022
step 45302100, will finish Mon May  2 21:46:53 2022
step 45302200, will finish Mon May  2 21:46:50 2022
step 45302300, will finish Mon May  2 21:46:47 2022
imb F  2% pme/F 0.96 step 45302400, will finish Mon May  2 21:46:44 2022
step 45302500, will finish Mon May  2 21:46:41 2022
step 45302600, will finish Mon May  2 21:46:41 2022
step 45302700, will finish Mon May  2 21:46:38 2022
imb F  4% pme/F 1.49 step 45302800, will finish Mon May  2 21:46:35 2022
step 45302900, will finish Mon May  2 21:46:53 2022
step 45303000, will finish Mon May  2 21:46:50 2022
step 45303100, will finish Mon May  2 21:46:47 2022
imb F 77% pme/F 0.35 step 45303200, will finish Mon May  2 21:46:44 2022
step 45303300, will finish Mon May  2 21:46:42 2022
step 45303400, will finish Mon May  2 21:46:39 2022
step 45303500, will finish Mon May  2 21:46:36 2022
imb F 57% pme/F 0.33 step 45303600, will finish Mon May  2 21:46:33 2022
step 45303700, will finish Mon May  2 21:46:30 2022
step 45303800, will finish Mon May  2 21:46:30 2022
step 45303900, will finish Mon May  2 21:46:37 2022
imb F  6% pme/F 1.87 step 45304000, will finish Mon May  2 21:46:34 2022
step 45304100, will finish Mon May  2 21:46:31 2022
step 45304200, will finish Mon May  2 21:46:28 2022
step 45304300, will finish Mon May  2 21:46:25 2022
imb F 68% pme/F 0.33 step 45304400, will finish Mon May  2 21:46:23 2022
step 45304500, will finish Mon May  2 21:46:20 2022
step 45304600, will finish Mon May  2 21:46:19 2022
step 45304700, will finish Mon May  2 21:46:16 2022
imb F 49% pme/F 0.25 step 45304800, will finish Mon May  2 21:46:15 2022
step 45304900, will finish Mon May  2 21:46:25 2022
step 45305000, will finish Mon May  2 21:46:22 2022
step 45305100, will finish Mon May  2 21:46:19 2022
imb F 20% pme/F 0.36 step 45305200, will finish Mon May  2 21:46:16 2022
step 45305300, will finish Mon May  2 21:46:14 2022
step 45305400, will finish Mon May  2 21:46:11 2022
step 45305500, will finish Mon May  2 21:46:08 2022
imb F 23% pme/F 1.66 step 45305600, will finish Mon May  2 21:46:12 2022
step 45305700, will finish Mon May  2 21:46:10 2022
step 45305800, will finish Mon May  2 21:46:07 2022
step 45305900, will finish Mon May  2 21:46:07 2022
imb F 42% pme/F 7.47 step 45306000, will finish Mon May  2 21:46:11 2022
step 45306100, will finish Mon May  2 21:46:08 2022
step 45306200, will finish Mon May  2 21:46:10 2022
step 45306300, will finish Mon May  2 21:46:17 2022
imb F 33% pme/F 3.51 step 45306400, will finish Mon May  2 21:46:31 2022
step 45306500, will finish Mon May  2 21:46:51 2022
step 45306600, will finish Mon May  2 21:46:52 2022
step 45306700, will finish Mon May  2 21:46:49 2022
imb F 22% pme/F 2.10 step 45306800, will finish Mon May  2 21:46:59 2022
step 45306900, will finish Mon May  2 21:47:20 2022
step 45307000, will finish Mon May  2 21:47:41 2022
step 45307100, will finish Mon May  2 21:47:38 2022
imb F 31% pme/F 0.75 step 45307200, will finish Mon May  2 21:47:41 2022
step 45307300, will finish Mon May  2 21:47:50 2022
step 45307400, will finish Mon May  2 21:47:47 2022
step 45307500, will finish Mon May  2 21:47:51 2022
imb F 63% pme/F 0.31 step 45307600, will finish Mon May  2 21:47:49 2022
step 45307700, will finish Mon May  2 21:47:46 2022
step 45307800, will finish Mon May  2 21:47:50 2022
step 45307900, will finish Mon May  2 21:48:10 2022
imb F  8% pme/F 1.69 step 45308000, will finish Mon May  2 21:48:07 2022
step 45308100, will finish Mon May  2 21:48:04 2022
step 45308200, will finish Mon May  2 21:48:21 2022
step 45308300, will finish Mon May  2 21:48:18 2022
imb F 48% pme/F 0.39 step 45308400, will finish Mon May  2 21:48:16 2022
step 45308500, will finish Mon May  2 21:48:25 2022
step 45308600, will finish Mon May  2 21:48:31 2022
step 45308700, will finish Mon May  2 21:48:28 2022
imb F 41% pme/F 0.37 step 45308800, will finish Mon May  2 21:48:26 2022
step 45308900, will finish Mon May  2 21:48:22 2022
step 45309000, will finish Mon May  2 21:48:20 2022
step 45309100, will finish Mon May  2 21:48:17 2022
imb F 32% pme/F 0.30 step 45309200, will finish Mon May  2 21:48:14 2022
step 45309300, will finish Mon May  2 21:48:11 2022
step 45309400, will finish Mon May  2 21:48:18 2022
step 45309500, will finish Mon May  2 21:48:19 2022
imb F 94% pme/F 0.24 step 45309600, will finish Mon May  2 21:48:16 2022
step 45309700, will finish Mon May  2 21:48:14 2022
step 45309800, will finish Mon May  2 21:48:13 2022
step 45309900, will finish Mon May  2 21:48:10 2022
imb F 83% pme/F 0.25 step 45310000, will finish Mon May  2 21:48:08 2022
step 45310100, will finish Mon May  2 21:48:05 2022
step 45310200, will finish Mon May  2 21:48:07 2022
step 45310300, will finish Mon May  2 21:48:04 2022
imb F 72% pme/F 0.32 step 45310400, will finish Mon May  2 21:48:01 2022
step 45310500, will finish Mon May  2 21:48:04 2022
step 45310600, will finish Mon May  2 21:48:01 2022
step 45310700, will finish Mon May  2 21:48:01 2022
imb F 68% pme/F 0.28 step 45310800, will finish Mon May  2 21:47:58 2022
step 45310900, will finish Mon May  2 21:48:00 2022
step 45311000, will finish Mon May  2 21:48:12 2022
step 45311100, will finish Mon May  2 21:48:31 2022
imb F 23% pme/F 2.12 step 45311200, will finish Mon May  2 21:48:53 2022
step 45311300, will finish Mon May  2 21:48:57 2022
step 45311400, will finish Mon May  2 21:48:54 2022
step 45311500, will finish Mon May  2 21:49:01 2022
imb F  6% pme/F 1.76 step 45311600, will finish Mon May  2 21:49:01 2022
step 45311700, will finish Mon May  2 21:48:58 2022
step 45311800, will finish Mon May  2 21:48:55 2022
step 45311900, will finish Mon May  2 21:48:52 2022
imb F 36% pme/F 6.17 step 45312000, will finish Mon May  2 21:48:53 2022
step 45312100, will finish Mon May  2 21:48:54 2022
step 45312200, will finish Mon May  2 21:48:55 2022
step 45312300, will finish Mon May  2 21:48:54 2022
imb F 47% pme/F 0.24 step 45312400, will finish Mon May  2 21:48:51 2022
step 45312500, will finish Mon May  2 21:49:01 2022
step 45312600, will finish Mon May  2 21:48:58 2022
step 45312700, will finish Mon May  2 21:48:56 2022
imb F 37% pme/F 2.20 step 45312800, will finish Mon May  2 21:49:00 2022
step 45312900, will finish Mon May  2 21:48:57 2022
step 45313000, will finish Mon May  2 21:48:57 2022
step 45313100, will finish Mon May  2 21:48:54 2022
imb F 19% pme/F 1.59 step 45313200, will finish Mon May  2 21:48:55 2022
step 45313300, will finish Mon May  2 21:49:24 2022
step 45313400, will finish Mon May  2 21:49:25 2022
step 45313500, will finish Mon May  2 21:49:22 2022
imb F 18% pme/F 0.12 step 45313600, will finish Mon May  2 21:49:27 2022
step 45313700, will finish Mon May  2 21:49:24 2022
step 45313800, will finish Mon May  2 21:49:21 2022
step 45313900, will finish Mon May  2 21:49:18 2022
imb F 97% pme/F 0.25 step 45314000, will finish Mon May  2 21:49:15 2022
step 45314100, will finish Mon May  2 21:49:17 2022
step 45314200, will finish Mon May  2 21:49:15 2022
step 45314300, will finish Mon May  2 21:49:12 2022
imb F 53% pme/F 0.29 step 45314400, will finish Mon May  2 21:49:09 2022
step 45314500, will finish Mon May  2 21:49:06 2022
step 45314600, will finish Mon May  2 21:49:06 2022
step 45314700, will finish Mon May  2 21:49:03 2022
imb F 20% pme/F 0.76 step 45314800, will finish Mon May  2 21:49:00 2022
step 45314900, will finish Mon May  2 21:48:58 2022
step 45315000, will finish Mon May  2 21:48:58 2022
step 45315100, will finish Mon May  2 21:48:57 2022
imb F 94% pme/F 0.26 step 45315200, will finish Mon May  2 21:48:54 2022
step 45315300, will finish Mon May  2 21:48:56 2022
step 45315400, will finish Mon May  2 21:48:54 2022
step 45315500, will finish Mon May  2 21:48:51 2022
imb F 58% pme/F 0.25 step 45315600, will finish Mon May  2 21:48:48 2022
step 45315700, will finish Mon May  2 21:48:50 2022
step 45315800, will finish Mon May  2 21:48:48 2022
step 45315900, will finish Mon May  2 21:48:45 2022
imb F  3% pme/F 2.07 step 45316000, will finish Mon May  2 21:48:43 2022
step 45316100, will finish Mon May  2 21:48:42 2022
step 45316200, will finish Mon May  2 21:48:40 2022
step 45316300, will finish Mon May  2 21:48:37 2022
imb F 47% pme/F 0.29 step 45316400, will finish Mon May  2 21:48:34 2022
step 45316500, will finish Mon May  2 21:48:31 2022
step 45316600, will finish Mon May  2 21:48:36 2022
step 45316700, will finish Mon May  2 21:48:33 2022
imb F 55% pme/F 1.93 step 45316800, will finish Mon May  2 21:48:33 2022
step 45316900, will finish Mon May  2 21:48:30 2022
step 45317000, will finish Mon May  2 21:48:33 2022
step 45317100, will finish Mon May  2 21:48:37 2022
imb F 58% pme/F 0.39 step 45317200, will finish Mon May  2 21:48:34 2022
step 45317300, will finish Mon May  2 21:48:33 2022
step 45317400, will finish Mon May  2 21:48:36 2022
step 45317500, will finish Mon May  2 21:48:33 2022
imb F 20% pme/F 0.18 step 45317600, will finish Mon May  2 21:48:35 2022
step 45317700, will finish Mon May  2 21:48:32 2022
step 45317800, will finish Mon May  2 21:48:30 2022
step 45317900, will finish Mon May  2 21:48:27 2022
imb F  6% pme/F 1.96 step 45318000, will finish Mon May  2 21:48:24 2022
step 45318100, will finish Mon May  2 21:48:21 2022
step 45318200, will finish Mon May  2 21:48:18 2022
step 45318300, will finish Mon May  2 21:48:15 2022
imb F  6% pme/F 1.50 step 45318400, will finish Mon May  2 21:48:12 2022
step 45318500, will finish Mon May  2 21:48:09 2022
step 45318600, will finish Mon May  2 21:48:06 2022
step 45318700, will finish Mon May  2 21:48:03 2022
imb F 36% pme/F 0.38 step 45318800, will finish Mon May  2 21:48:01 2022
step 45318900, will finish Mon May  2 21:47:58 2022
step 45319000, will finish Mon May  2 21:47:55 2022
step 45319100, will finish Mon May  2 21:47:52 2022
imb F  6% pme/F 1.82 step 45319200, will finish Mon May  2 21:47:49 2022
step 45319300, will finish Mon May  2 21:47:47 2022
step 45319400, will finish Mon May  2 21:47:44 2022
step 45319500, will finish Mon May  2 21:47:41 2022
imb F 50% pme/F 0.49 step 45319600, will finish Mon May  2 21:47:38 2022
step 45319700, will finish Mon May  2 21:47:35 2022
step 45319800, will finish Mon May  2 21:47:37 2022
step 45319900, will finish Mon May  2 21:47:34 2022
imb F  6% pme/F 1.74 step 45320000, will finish Mon May  2 21:47:32 2022
step 45320100, will finish Mon May  2 21:47:29 2022
step 45320200, will finish Mon May  2 21:47:26 2022
step 45320300, will finish Mon May  2 21:47:30 2022
imb F  8% pme/F 1.45 step 45320400, will finish Mon May  2 21:47:27 2022
step 45320500, will finish Mon May  2 21:47:25 2022
step 45320600, will finish Mon May  2 21:47:22 2022
step 45320700, will finish Mon May  2 21:47:19 2022
imb F 35% pme/F 4.02 step 45320800, will finish Mon May  2 21:47:19 2022
step 45320900, will finish Mon May  2 21:47:16 2022
step 45321000, will finish Mon May  2 21:47:13 2022
step 45321100, will finish Mon May  2 21:47:15 2022
imb F 84% pme/F 0.27 step 45321200, will finish Mon May  2 21:47:12 2022
step 45321300, will finish Mon May  2 21:47:12 2022
step 45321400, will finish Mon May  2 21:47:09 2022
step 45321500, will finish Mon May  2 21:47:11 2022
imb F 10% pme/F 1.54 step 45321600, will finish Mon May  2 21:47:14 2022
step 45321700, will finish Mon May  2 21:47:11 2022
step 45321800, will finish Mon May  2 21:47:18 2022
step 45321900, will finish Mon May  2 21:47:15 2022
imb F 54% pme/F 0.28 step 45322000, will finish Mon May  2 21:47:12 2022
step 45322100, will finish Mon May  2 21:47:14 2022
step 45322200, will finish Mon May  2 21:47:11 2022
step 45322300, will finish Mon May  2 21:47:09 2022
imb F 52% pme/F 0.38 step 45322400, will finish Mon May  2 21:47:06 2022
step 45322500, will finish Mon May  2 21:47:11 2022
step 45322600, will finish Mon May  2 21:47:20 2022
step 45322700, will finish Mon May  2 21:47:18 2022
imb F 13% pme/F 0.42 step 45322800, will finish Mon May  2 21:47:15 2022
step 45322900, will finish Mon May  2 21:47:12 2022
step 45323000, will finish Mon May  2 21:47:09 2022
step 45323100, will finish Mon May  2 21:47:06 2022
imb F 51% pme/F 0.30 step 45323200, will finish Mon May  2 21:47:04 2022
step 45323300, will finish Mon May  2 21:47:06 2022
step 45323400, will finish Mon May  2 21:47:03 2022
step 45323500, will finish Mon May  2 21:47:00 2022
imb F  7% pme/F 1.62 step 45323600, will finish Mon May  2 21:46:57 2022
step 45323700, will finish Mon May  2 21:46:54 2022
step 45323800, will finish Mon May  2 21:46:54 2022
step 45323900, will finish Mon May  2 21:46:52 2022
imb F 69% pme/F 0.34 step 45324000, will finish Mon May  2 21:46:49 2022
step 45324100, will finish Mon May  2 21:46:47 2022
step 45324200, will finish Mon May  2 21:46:43 2022
step 45324300, will finish Mon May  2 21:46:41 2022
imb F 73% pme/F 1.29 step 45324400, will finish Mon May  2 21:46:40 2022
step 45324500, will finish Mon May  2 21:46:45 2022
step 45324600, will finish Mon May  2 21:46:42 2022
step 45324700, will finish Mon May  2 21:46:56 2022
imb F  3% pme/F 1.71 step 45324800, will finish Mon May  2 21:46:54 2022
step 45324900, will finish Mon May  2 21:46:51 2022
step 45325000, will finish Mon May  2 21:46:51 2022
step 45325100, will finish Mon May  2 21:46:48 2022
imb F 14% pme/F 0.22 step 45325200, will finish Mon May  2 21:46:50 2022
step 45325300, will finish Mon May  2 21:46:48 2022
step 45325400, will finish Mon May  2 21:46:45 2022
step 45325500, will finish Mon May  2 21:46:59 2022
imb F 56% pme/F 0.31 step 45325600, will finish Mon May  2 21:46:56 2022
step 45325700, will finish Mon May  2 21:46:53 2022
step 45325800, will finish Mon May  2 21:46:50 2022
step 45325900, will finish Mon May  2 21:46:48 2022
imb F 40% pme/F 0.21 step 45326000, will finish Mon May  2 21:46:47 2022
step 45326100, will finish Mon May  2 21:46:45 2022
step 45326200, will finish Mon May  2 21:46:42 2022
step 45326300, will finish Mon May  2 21:46:39 2022
imb F  5% pme/F 1.90 step 45326400, will finish Mon May  2 21:46:36 2022
step 45326500, will finish Mon May  2 21:46:36 2022
step 45326600, will finish Mon May  2 21:46:33 2022
step 45326700, will finish Mon May  2 21:46:31 2022
imb F  7% pme/F 1.89 step 45326800, will finish Mon May  2 21:46:28 2022
step 45326900, will finish Mon May  2 21:46:27 2022
step 45327000, will finish Mon May  2 21:46:27 2022
step 45327100, will finish Mon May  2 21:46:25 2022
imb F 31% pme/F 0.31 step 45327200, will finish Mon May  2 21:46:22 2022
step 45327300, will finish Mon May  2 21:46:19 2022
step 45327400, will finish Mon May  2 21:46:16 2022
step 45327500, will finish Mon May  2 21:46:14 2022
imb F 27% pme/F 0.32 step 45327600, will finish Mon May  2 21:46:11 2022
step 45327700, will finish Mon May  2 21:46:08 2022
step 45327800, will finish Mon May  2 21:46:05 2022
step 45327900, will finish Mon May  2 21:46:02 2022
imb F 47% pme/F 0.33 step 45328000, will finish Mon May  2 21:46:00 2022
step 45328100, will finish Mon May  2 21:45:57 2022
step 45328200, will finish Mon May  2 21:45:54 2022
step 45328300, will finish Mon May  2 21:45:51 2022
imb F 72% pme/F 0.34 step 45328400, will finish Mon May  2 21:45:54 2022
step 45328500, will finish Mon May  2 21:45:51 2022
step 45328600, will finish Mon May  2 21:46:08 2022
step 45328700, will finish Mon May  2 21:46:22 2022
imb F  3% pme/F 1.89 step 45328800, will finish Mon May  2 21:46:19 2022
step 45328900, will finish Mon May  2 21:46:21 2022
step 45329000, will finish Mon May  2 21:46:21 2022
step 45329100, will finish Mon May  2 21:46:18 2022
imb F 24% pme/F 1.13 step 45329200, will finish Mon May  2 21:46:33 2022
step 45329300, will finish Mon May  2 21:46:30 2022
step 45329400, will finish Mon May  2 21:46:27 2022
step 45329500, will finish Mon May  2 21:46:24 2022
imb F  5% pme/F 1.78 step 45329600, will finish Mon May  2 21:46:22 2022
step 45329700, will finish Mon May  2 21:46:19 2022
step 45329800, will finish Mon May  2 21:46:16 2022
step 45329900, will finish Mon May  2 21:46:16 2022
imb F 33% pme/F 0.27 step 45330000, will finish Mon May  2 21:46:20 2022
step 45330100, will finish Mon May  2 21:46:18 2022
step 45330200, will finish Mon May  2 21:46:15 2022
step 45330300, will finish Mon May  2 21:46:12 2022
imb F 32% pme/F 9.23 step 45330400, will finish Mon May  2 21:46:12 2022
step 45330500, will finish Mon May  2 21:46:26 2022
step 45330600, will finish Mon May  2 21:46:23 2022
step 45330700, will finish Mon May  2 21:46:20 2022
imb F  5% pme/F 1.30 step 45330800, will finish Mon May  2 21:46:17 2022
step 45330900, will finish Mon May  2 21:46:15 2022
step 45331000, will finish Mon May  2 21:46:12 2022
step 45331100, will finish Mon May  2 21:46:09 2022
imb F 93% pme/F 0.25 step 45331200, will finish Mon May  2 21:46:06 2022
step 45331300, will finish Mon May  2 21:46:04 2022
step 45331400, will finish Mon May  2 21:46:01 2022
step 45331500, will finish Mon May  2 21:45:58 2022
imb F 72% pme/F 0.26 step 45331600, will finish Mon May  2 21:45:55 2022
step 45331700, will finish Mon May  2 21:45:55 2022
step 45331800, will finish Mon May  2 21:45:53 2022
step 45331900, will finish Mon May  2 21:45:50 2022
imb F 81% pme/F 0.27 step 45332000, will finish Mon May  2 21:45:47 2022
step 45332100, will finish Mon May  2 21:45:45 2022
step 45332200, will finish Mon May  2 21:45:42 2022
step 45332300, will finish Mon May  2 21:45:39 2022
imb F  5% pme/F 0.70 step 45332400, will finish Mon May  2 21:45:36 2022
step 45332500, will finish Mon May  2 21:45:33 2022
step 45332600, will finish Mon May  2 21:45:30 2022
step 45332700, will finish Mon May  2 21:45:28 2022
imb F 13% pme/F 1.80 step 45332800, will finish Mon May  2 21:45:25 2022
step 45332900, will finish Mon May  2 21:45:47 2022
step 45333000, will finish Mon May  2 21:45:44 2022
step 45333100, will finish Mon May  2 21:45:41 2022
imb F 45% pme/F 19.41 step 45333200, will finish Mon May  2 21:45:50 2022
step 45333300, will finish Mon May  2 21:45:48 2022
step 45333400, will finish Mon May  2 21:45:45 2022
step 45333500, will finish Mon May  2 21:45:44 2022
imb F 31% pme/F 0.35 step 45333600, will finish Mon May  2 21:45:42 2022
step 45333700, will finish Mon May  2 21:45:44 2022
step 45333800, will finish Mon May  2 21:45:41 2022
step 45333900, will finish Mon May  2 21:45:39 2022
imb F 44% pme/F 0.48 step 45334000, will finish Mon May  2 21:45:36 2022
step 45334100, will finish Mon May  2 21:45:33 2022
step 45334200, will finish Mon May  2 21:45:30 2022
step 45334300, will finish Mon May  2 21:45:27 2022
imb F 78% pme/F 0.28 step 45334400, will finish Mon May  2 21:45:25 2022
step 45334500, will finish Mon May  2 21:45:22 2022
step 45334600, will finish Mon May  2 21:45:19 2022
step 45334700, will finish Mon May  2 21:45:17 2022
imb F 54% pme/F 0.40 step 45334800, will finish Mon May  2 21:45:14 2022
step 45334900, will finish Mon May  2 21:45:33 2022
step 45335000, will finish Mon May  2 21:45:30 2022
step 45335100, will finish Mon May  2 21:45:30 2022
imb F 63% pme/F 0.29 step 45335200, will finish Mon May  2 21:45:28 2022
step 45335300, will finish Mon May  2 21:45:25 2022
step 45335400, will finish Mon May  2 21:45:22 2022
step 45335500, will finish Mon May  2 21:45:20 2022
imb F 16% pme/F 0.40 step 45335600, will finish Mon May  2 21:45:17 2022
step 45335700, will finish Mon May  2 21:45:14 2022
step 45335800, will finish Mon May  2 21:45:28 2022
step 45335900, will finish Mon May  2 21:45:31 2022
imb F 28% pme/F 0.39 step 45336000, will finish Mon May  2 21:45:28 2022
step 45336100, will finish Mon May  2 21:45:28 2022
step 45336200, will finish Mon May  2 21:45:26 2022
step 45336300, will finish Mon May  2 21:45:23 2022
imb F 77% pme/F 0.24 step 45336400, will finish Mon May  2 21:45:20 2022
step 45336500, will finish Mon May  2 21:45:31 2022
step 45336600, will finish Mon May  2 21:46:10 2022
step 45336700, will finish Mon May  2 21:46:08 2022
imb F  5% pme/F 1.86 step 45336800, will finish Mon May  2 21:46:06 2022
step 45336900, will finish Mon May  2 21:46:03 2022
step 45337000, will finish Mon May  2 21:46:00 2022
step 45337100, will finish Mon May  2 21:45:57 2022
imb F  3% pme/F 1.67 step 45337200, will finish Mon May  2 21:45:54 2022
step 45337300, will finish Mon May  2 21:45:52 2022
step 45337400, will finish Mon May  2 21:45:49 2022
step 45337500, will finish Mon May  2 21:45:46 2022
imb F 36% pme/F 2.44 step 45337600, will finish Mon May  2 21:45:51 2022
step 45337700, will finish Mon May  2 21:45:48 2022
step 45337800, will finish Mon May  2 21:45:45 2022
step 45337900, will finish Mon May  2 21:45:43 2022
imb F 63% pme/F 0.30 step 45338000, will finish Mon May  2 21:45:40 2022
step 45338100, will finish Mon May  2 21:45:49 2022
step 45338200, will finish Mon May  2 21:45:46 2022
step 45338300, will finish Mon May  2 21:45:44 2022
imb F 59% pme/F 0.29 step 45338400, will finish Mon May  2 21:45:41 2022
step 45338500, will finish Mon May  2 21:45:38 2022
step 45338600, will finish Mon May  2 21:45:38 2022
step 45338700, will finish Mon May  2 21:45:35 2022
imb F 11% pme/F 0.15 step 45338800, will finish Mon May  2 21:45:45 2022
step 45338900, will finish Mon May  2 21:45:42 2022
step 45339000, will finish Mon May  2 21:45:39 2022
step 45339100, will finish Mon May  2 21:45:36 2022
imb F  6% pme/F 1.50 step 45339200, will finish Mon May  2 21:45:34 2022
step 45339300, will finish Mon May  2 21:45:41 2022
step 45339400, will finish Mon May  2 21:45:38 2022
step 45339500, will finish Mon May  2 21:45:35 2022
imb F 42% pme/F 35.35 step 45339600, will finish Mon May  2 21:45:50 2022
step 45339700, will finish Mon May  2 21:45:56 2022
step 45339800, will finish Mon May  2 21:45:53 2022
step 45339900, will finish Mon May  2 21:45:59 2022
imb F 30% pme/F 0.31 step 45340000, will finish Mon May  2 21:46:00 2022
step 45340100, will finish Mon May  2 21:45:57 2022
step 45340200, will finish Mon May  2 21:45:54 2022
step 45340300, will finish Mon May  2 21:45:52 2022
imb F 38% pme/F 1.01 step 45340400, will finish Mon May  2 21:45:54 2022
step 45340500, will finish Mon May  2 21:45:51 2022
step 45340600, will finish Mon May  2 21:45:48 2022
step 45340700, will finish Mon May  2 21:45:51 2022
imb F  6% pme/F 1.54 step 45340800, will finish Mon May  2 21:45:48 2022
step 45340900, will finish Mon May  2 21:45:45 2022
step 45341000, will finish Mon May  2 21:45:42 2022
step 45341100, will finish Mon May  2 21:45:39 2022
imb F 21% pme/F 1.11 step 45341200, will finish Mon May  2 21:45:46 2022
step 45341300, will finish Mon May  2 21:45:44 2022
step 45341400, will finish Mon May  2 21:45:41 2022
step 45341500, will finish Mon May  2 21:45:38 2022
imb F 71% pme/F 0.28 step 45341600, will finish Mon May  2 21:45:36 2022
step 45341700, will finish Mon May  2 21:45:38 2022
step 45341800, will finish Mon May  2 21:45:35 2022
step 45341900, will finish Mon May  2 21:45:35 2022
imb F  4% pme/F 1.69 step 45342000, will finish Mon May  2 21:45:32 2022
step 45342100, will finish Mon May  2 21:45:29 2022
step 45342200, will finish Mon May  2 21:45:26 2022
step 45342300, will finish Mon May  2 21:45:24 2022
imb F 17% pme/F 1.45 step 45342400, will finish Mon May  2 21:45:30 2022
step 45342500, will finish Mon May  2 21:45:47 2022
step 45342600, will finish Mon May  2 21:45:44 2022
step 45342700, will finish Mon May  2 21:45:41 2022
imb F  3% pme/F 1.32 step 45342800, will finish Mon May  2 21:45:38 2022
step 45342900, will finish Mon May  2 21:45:36 2022
step 45343000, will finish Mon May  2 21:45:33 2022
step 45343100, will finish Mon May  2 21:45:30 2022
imb F 20% pme/F 0.95 step 45343200, will finish Mon May  2 21:45:35 2022
step 45343300, will finish Mon May  2 21:45:56 2022
step 45343400, will finish Mon May  2 21:46:25 2022
step 45343500, will finish Mon May  2 21:46:40 2022
imb F 45% pme/F 30.76 step 45343600, will finish Mon May  2 21:46:59 2022
step 45343700, will finish Mon May  2 21:47:15 2022
step 45343800, will finish Mon May  2 21:47:34 2022
step 45343900, will finish Mon May  2 21:47:53 2022
imb F 60% pme/F 0.29 step 45344000, will finish Mon May  2 21:47:52 2022
step 45344100, will finish Mon May  2 21:47:49 2022
step 45344200, will finish Mon May  2 21:47:46 2022
step 45344300, will finish Mon May  2 21:47:44 2022
imb F 35% pme/F 4.12 step 45344400, will finish Mon May  2 21:47:48 2022
step 45344500, will finish Mon May  2 21:48:10 2022
step 45344600, will finish Mon May  2 21:48:11 2022
step 45344700, will finish Mon May  2 21:48:08 2022
imb F 10% pme/F 0.93 step 45344800, will finish Mon May  2 21:48:05 2022
step 45344900, will finish Mon May  2 21:48:03 2022
step 45345000, will finish Mon May  2 21:48:00 2022
step 45345100, will finish Mon May  2 21:48:02 2022
imb F 72% pme/F 0.28 step 45345200, will finish Mon May  2 21:47:59 2022
step 45345300, will finish Mon May  2 21:48:11 2022
step 45345400, will finish Mon May  2 21:48:08 2022
step 45345500, will finish Mon May  2 21:48:05 2022
imb F 35% pme/F 4.21 step 45345600, will finish Mon May  2 21:48:15 2022
step 45345700, will finish Mon May  2 21:48:35 2022
step 45345800, will finish Mon May  2 21:48:47 2022
step 45345900, will finish Mon May  2 21:48:44 2022
imb F 28% pme/F 0.33 step 45346000, will finish Mon May  2 21:48:42 2022
step 45346100, will finish Mon May  2 21:48:39 2022
step 45346200, will finish Mon May  2 21:48:36 2022
step 45346300, will finish Mon May  2 21:48:45 2022
imb F 65% pme/F 0.26 step 45346400, will finish Mon May  2 21:48:43 2022
step 45346500, will finish Mon May  2 21:48:45 2022
step 45346600, will finish Mon May  2 21:48:54 2022
step 45346700, will finish Mon May  2 21:48:51 2022
imb F 66% pme/F 0.26 step 45346800, will finish Mon May  2 21:48:49 2022
step 45346900, will finish Mon May  2 21:48:46 2022
step 45347000, will finish Mon May  2 21:48:49 2022
step 45347100, will finish Mon May  2 21:48:46 2022
imb F 21% pme/F 0.58 step 45347200, will finish Mon May  2 21:48:55 2022
step 45347300, will finish Mon May  2 21:48:57 2022
step 45347400, will finish Mon May  2 21:48:55 2022
step 45347500, will finish Mon May  2 21:48:52 2022
imb F  5% pme/F 1.72 step 45347600, will finish Mon May  2 21:48:49 2022
step 45347700, will finish Mon May  2 21:48:46 2022
step 45347800, will finish Mon May  2 21:48:43 2022
step 45347900, will finish Mon May  2 21:48:41 2022
imb F  4% pme/F 1.02 step 45348000, will finish Mon May  2 21:48:38 2022
step 45348100, will finish Mon May  2 21:48:35 2022
step 45348200, will finish Mon May  2 21:48:32 2022
step 45348300, will finish Mon May  2 21:48:29 2022
imb F  6% pme/F 1.66 step 45348400, will finish Mon May  2 21:48:27 2022
step 45348500, will finish Mon May  2 21:48:24 2022
step 45348600, will finish Mon May  2 21:48:21 2022
step 45348700, will finish Mon May  2 21:48:18 2022
imb F  4% pme/F 1.85 step 45348800, will finish Mon May  2 21:48:16 2022
step 45348900, will finish Mon May  2 21:48:13 2022
step 45349000, will finish Mon May  2 21:48:10 2022
step 45349100, will finish Mon May  2 21:48:07 2022
imb F  2% pme/F 1.33 step 45349200, will finish Mon May  2 21:48:05 2022
step 45349300, will finish Mon May  2 21:48:02 2022
step 45349400, will finish Mon May  2 21:47:59 2022
step 45349500, will finish Mon May  2 21:48:13 2022
imb F  4% pme/F 1.74 step 45349600, will finish Mon May  2 21:48:10 2022
step 45349700, will finish Mon May  2 21:48:08 2022
step 45349800, will finish Mon May  2 21:48:05 2022
step 45349900, will finish Mon May  2 21:48:03 2022
imb F  6% pme/F 1.06 step 45350000, will finish Mon May  2 21:48:00 2022
step 45350100, will finish Mon May  2 21:47:57 2022
step 45350200, will finish Mon May  2 21:47:54 2022
step 45350300, will finish Mon May  2 21:47:52 2022
imb F 10% pme/F 1.66 step 45350400, will finish Mon May  2 21:47:50 2022
step 45350500, will finish Mon May  2 21:47:51 2022
step 45350600, will finish Mon May  2 21:47:48 2022
step 45350700, will finish Mon May  2 21:47:51 2022
imb F  1% pme/F 1.75 step 45350800, will finish Mon May  2 21:47:48 2022
step 45350900, will finish Mon May  2 21:47:45 2022
step 45351000, will finish Mon May  2 21:47:42 2022
step 45351100, will finish Mon May  2 21:47:40 2022
imb F 38% pme/F 14.53 step 45351200, will finish Mon May  2 21:47:47 2022
step 45351300, will finish Mon May  2 21:47:44 2022
step 45351400, will finish Mon May  2 21:47:41 2022
step 45351500, will finish Mon May  2 21:47:38 2022
imb F  3% pme/F 1.79 step 45351600, will finish Mon May  2 21:47:35 2022
step 45351700, will finish Mon May  2 21:47:35 2022
step 45351800, will finish Mon May  2 21:47:33 2022
step 45351900, will finish Mon May  2 21:47:35 2022
imb F 81% pme/F 0.30 step 45352000, will finish Mon May  2 21:47:32 2022
step 45352100, will finish Mon May  2 21:47:29 2022
step 45352200, will finish Mon May  2 21:47:26 2022
step 45352300, will finish Mon May  2 21:47:24 2022
imb F 70% pme/F 0.24 step 45352400, will finish Mon May  2 21:47:21 2022
step 45352500, will finish Mon May  2 21:47:19 2022
step 45352600, will finish Mon May  2 21:47:18 2022
step 45352700, will finish Mon May  2 21:47:16 2022
imb F 76% pme/F 0.26 step 45352800, will finish Mon May  2 21:47:13 2022
step 45352900, will finish Mon May  2 21:47:10 2022
step 45353000, will finish Mon May  2 21:47:08 2022
step 45353100, will finish Mon May  2 21:47:07 2022
imb F 91% pme/F 0.25 step 45353200, will finish Mon May  2 21:47:05 2022
step 45353300, will finish Mon May  2 21:47:13 2022
step 45353400, will finish Mon May  2 21:47:45 2022
step 45353500, will finish Mon May  2 21:47:42 2022
imb F  3% pme/F 1.72 step 45353600, will finish Mon May  2 21:47:39 2022
step 45353700, will finish Mon May  2 21:47:39 2022
step 45353800, will finish Mon May  2 21:47:36 2022
step 45353900, will finish Mon May  2 21:47:33 2022
imb F 83% pme/F 0.35 step 45354000, will finish Mon May  2 21:47:30 2022
step 45354100, will finish Mon May  2 21:47:28 2022
step 45354200, will finish Mon May  2 21:47:42 2022
step 45354300, will finish Mon May  2 21:47:39 2022
imb F  8% pme/F 1.74 step 45354400, will finish Mon May  2 21:47:36 2022
step 45354500, will finish Mon May  2 21:47:33 2022
step 45354600, will finish Mon May  2 21:47:31 2022
step 45354700, will finish Mon May  2 21:47:32 2022
imb F  7% pme/F 1.62 step 45354800, will finish Mon May  2 21:47:32 2022
step 45354900, will finish Mon May  2 21:47:30 2022
step 45355000, will finish Mon May  2 21:47:29 2022
step 45355100, will finish Mon May  2 21:47:26 2022
imb F  6% pme/F 1.73 step 45355200, will finish Mon May  2 21:47:23 2022
step 45355300, will finish Mon May  2 21:47:25 2022
step 45355400, will finish Mon May  2 21:47:23 2022
step 45355500, will finish Mon May  2 21:47:20 2022
imb F  6% pme/F 1.29 step 45355600, will finish Mon May  2 21:47:17 2022
step 45355700, will finish Mon May  2 21:47:14 2022
step 45355800, will finish Mon May  2 21:47:14 2022
step 45355900, will finish Mon May  2 21:47:15 2022
imb F  7% pme/F 1.74 step 45356000, will finish Mon May  2 21:47:13 2022
step 45356100, will finish Mon May  2 21:47:10 2022
step 45356200, will finish Mon May  2 21:47:07 2022
step 45356300, will finish Mon May  2 21:47:05 2022
imb F 84% pme/F 0.28 step 45356400, will finish Mon May  2 21:47:02 2022
step 45356500, will finish Mon May  2 21:46:59 2022
step 45356600, will finish Mon May  2 21:47:01 2022
step 45356700, will finish Mon May  2 21:46:58 2022
imb F  3% pme/F 1.83 step 45356800, will finish Mon May  2 21:46:56 2022
step 45356900, will finish Mon May  2 21:46:55 2022
step 45357000, will finish Mon May  2 21:46:53 2022
step 45357100, will finish Mon May  2 21:46:53 2022
imb F 94% pme/F 0.27 step 45357200, will finish Mon May  2 21:46:50 2022
step 45357300, will finish Mon May  2 21:46:52 2022
step 45357400, will finish Mon May  2 21:47:03 2022
step 45357500, will finish Mon May  2 21:47:01 2022
imb F 49% pme/F 0.28 step 45357600, will finish Mon May  2 21:46:58 2022
step 45357700, will finish Mon May  2 21:46:55 2022
step 45357800, will finish Mon May  2 21:46:52 2022
step 45357900, will finish Mon May  2 21:46:50 2022
imb F  6% pme/F 1.72 step 45358000, will finish Mon May  2 21:46:47 2022
step 45358100, will finish Mon May  2 21:46:48 2022
step 45358200, will finish Mon May  2 21:47:00 2022
step 45358300, will finish Mon May  2 21:46:58 2022
imb F 75% pme/F 0.28 step 45358400, will finish Mon May  2 21:46:55 2022
step 45358500, will finish Mon May  2 21:46:53 2022
step 45358600, will finish Mon May  2 21:46:52 2022
step 45358700, will finish Mon May  2 21:46:52 2022
imb F  6% pme/F 1.88 step 45358800, will finish Mon May  2 21:46:49 2022
step 45358900, will finish Mon May  2 21:46:46 2022
step 45359000, will finish Mon May  2 21:46:44 2022
step 45359100, will finish Mon May  2 21:46:41 2022
imb F 21% pme/F 1.50 step 45359200, will finish Mon May  2 21:46:58 2022
step 45359300, will finish Mon May  2 21:47:11 2022
step 45359400, will finish Mon May  2 21:47:08 2022
step 45359500, will finish Mon May  2 21:47:06 2022
imb F 71% pme/F 0.27 step 45359600, will finish Mon May  2 21:47:03 2022
step 45359700, will finish Mon May  2 21:47:00 2022
step 45359800, will finish Mon May  2 21:46:58 2022
step 45359900, will finish Mon May  2 21:46:55 2022
imb F  5% pme/F 1.33 step 45360000, will finish Mon May  2 21:46:52 2022
step 45360100, will finish Mon May  2 21:46:49 2022
step 45360200, will finish Mon May  2 21:46:52 2022
step 45360300, will finish Mon May  2 21:47:05 2022
imb F 86% pme/F 0.28 step 45360400, will finish Mon May  2 21:47:03 2022
step 45360500, will finish Mon May  2 21:47:00 2022
step 45360600, will finish Mon May  2 21:46:57 2022
step 45360700, will finish Mon May  2 21:46:56 2022
imb F 22% pme/F 0.40 step 45360800, will finish Mon May  2 21:46:54 2022
step 45360900, will finish Mon May  2 21:46:52 2022
step 45361000, will finish Mon May  2 21:46:49 2022
step 45361100, will finish Mon May  2 21:46:47 2022
imb F 27% pme/F 1.92 step 45361200, will finish Mon May  2 21:46:56 2022
step 45361300, will finish Mon May  2 21:46:53 2022
step 45361400, will finish Mon May  2 21:46:50 2022
step 45361500, will finish Mon May  2 21:46:57 2022
imb F 58% pme/F 0.28 step 45361600, will finish Mon May  2 21:46:54 2022
step 45361700, will finish Mon May  2 21:46:52 2022
step 45361800, will finish Mon May  2 21:47:03 2022
step 45361900, will finish Mon May  2 21:47:00 2022
imb F 50% pme/F 0.32 step 45362000, will finish Mon May  2 21:46:58 2022
step 45362100, will finish Mon May  2 21:47:01 2022
step 45362200, will finish Mon May  2 21:46:59 2022
step 45362300, will finish Mon May  2 21:46:56 2022
imb F 35% pme/F 0.26 step 45362400, will finish Mon May  2 21:46:54 2022
step 45362500, will finish Mon May  2 21:46:55 2022
step 45362600, will finish Mon May  2 21:46:54 2022
step 45362700, will finish Mon May  2 21:46:51 2022
imb F 36% pme/F 4.03 step 45362800, will finish Mon May  2 21:46:53 2022
step 45362900, will finish Mon May  2 21:46:51 2022
step 45363000, will finish Mon May  2 21:46:55 2022
step 45363100, will finish Mon May  2 21:46:52 2022
imb F  3% pme/F 1.83 step 45363200, will finish Mon May  2 21:46:50 2022
step 45363300, will finish Mon May  2 21:46:47 2022
step 45363400, will finish Mon May  2 21:46:44 2022
step 45363500, will finish Mon May  2 21:46:44 2022
imb F  4% pme/F 1.63 step 45363600, will finish Mon May  2 21:46:41 2022
step 45363700, will finish Mon May  2 21:46:38 2022
step 45363800, will finish Mon May  2 21:46:36 2022
step 45363900, will finish Mon May  2 21:46:33 2022
imb F 34% pme/F 4.97 step 45364000, will finish Mon May  2 21:46:38 2022
step 45364100, will finish Mon May  2 21:46:46 2022
step 45364200, will finish Mon May  2 21:46:43 2022
step 45364300, will finish Mon May  2 21:46:41 2022
imb F 16% pme/F 0.69 step 45364400, will finish Mon May  2 21:46:59 2022
step 45364500, will finish Mon May  2 21:46:57 2022
step 45364600, will finish Mon May  2 21:46:54 2022
step 45364700, will finish Mon May  2 21:47:02 2022
imb F 70% pme/F 0.31 step 45364800, will finish Mon May  2 21:46:59 2022
step 45364900, will finish Mon May  2 21:46:57 2022
step 45365000, will finish Mon May  2 21:47:10 2022
step 45365100, will finish Mon May  2 21:47:21 2022
imb F 67% pme/F 0.26 step 45365200, will finish Mon May  2 21:47:19 2022
step 45365300, will finish Mon May  2 21:47:26 2022
step 45365400, will finish Mon May  2 21:47:33 2022
step 45365500, will finish Mon May  2 21:47:30 2022
imb F 31% pme/F 2.92 step 45365600, will finish Mon May  2 21:47:37 2022
step 45365700, will finish Mon May  2 21:47:43 2022
step 45365800, will finish Mon May  2 21:47:41 2022
step 45365900, will finish Mon May  2 21:47:40 2022
imb F 21% pme/F 1.35 step 45366000, will finish Mon May  2 21:48:00 2022
step 45366100, will finish Mon May  2 21:48:09 2022
step 45366200, will finish Mon May  2 21:48:07 2022
step 45366300, will finish Mon May  2 21:48:04 2022
imb F 37% pme/F 0.24 step 45366400, will finish Mon May  2 21:48:01 2022
step 45366500, will finish Mon May  2 21:47:59 2022
step 45366600, will finish Mon May  2 21:48:22 2022
step 45366700, will finish Mon May  2 21:48:24 2022
imb F 43% pme/F 0.36 step 45366800, will finish Mon May  2 21:48:21 2022
step 45366900, will finish Mon May  2 21:48:28 2022
step 45367000, will finish Mon May  2 21:48:25 2022
step 45367100, will finish Mon May  2 21:48:22 2022
imb F 12% pme/F 0.46 step 45367200, will finish Mon May  2 21:48:19 2022
step 45367300, will finish Mon May  2 21:48:17 2022
step 45367400, will finish Mon May  2 21:48:14 2022
step 45367500, will finish Mon May  2 21:48:12 2022
imb F  8% pme/F 1.94 step 45367600, will finish Mon May  2 21:48:09 2022
step 45367700, will finish Mon May  2 21:48:07 2022
step 45367800, will finish Mon May  2 21:48:04 2022
step 45367900, will finish Mon May  2 21:48:01 2022
imb F 68% pme/F 0.27 step 45368000, will finish Mon May  2 21:47:59 2022
step 45368100, will finish Mon May  2 21:47:56 2022
step 45368200, will finish Mon May  2 21:47:53 2022
step 45368300, will finish Mon May  2 21:47:51 2022
imb F 79% pme/F 0.29 step 45368400, will finish Mon May  2 21:47:49 2022
step 45368500, will finish Mon May  2 21:48:00 2022
step 45368600, will finish Mon May  2 21:47:58 2022
step 45368700, will finish Mon May  2 21:47:55 2022
imb F  5% pme/F 1.52 step 45368800, will finish Mon May  2 21:47:52 2022
step 45368900, will finish Mon May  2 21:47:50 2022
step 45369000, will finish Mon May  2 21:48:01 2022
step 45369100, will finish Mon May  2 21:47:58 2022
imb F 28% pme/F 1.53 step 45369200, will finish Mon May  2 21:48:01 2022
step 45369300, will finish Mon May  2 21:47:58 2022
step 45369400, will finish Mon May  2 21:48:03 2022
step 45369500, will finish Mon May  2 21:48:01 2022
imb F 78% pme/F 0.36 step 45369600, will finish Mon May  2 21:47:58 2022
step 45369700, will finish Mon May  2 21:47:55 2022
step 45369800, will finish Mon May  2 21:47:53 2022
step 45369900, will finish Mon May  2 21:47:50 2022
imb F 58% pme/F 0.30 step 45370000, will finish Mon May  2 21:47:47 2022
step 45370100, will finish Mon May  2 21:47:50 2022
step 45370200, will finish Mon May  2 21:47:56 2022
step 45370300, will finish Mon May  2 21:47:56 2022
imb F 23% pme/F 1.02 step 45370400, will finish Mon May  2 21:48:03 2022
step 45370500, will finish Mon May  2 21:48:00 2022
step 45370600, will finish Mon May  2 21:47:58 2022
step 45370700, will finish Mon May  2 21:47:55 2022
imb F 78% pme/F 0.28 step 45370800, will finish Mon May  2 21:47:52 2022
step 45370900, will finish Mon May  2 21:47:50 2022
step 45371000, will finish Mon May  2 21:47:48 2022
step 45371100, will finish Mon May  2 21:47:45 2022
imb F 25% pme/F 0.41 step 45371200, will finish Mon May  2 21:47:45 2022
step 45371300, will finish Mon May  2 21:47:42 2022
step 45371400, will finish Mon May  2 21:47:40 2022
step 45371500, will finish Mon May  2 21:47:37 2022
imb F  2% pme/F 1.71 step 45371600, will finish Mon May  2 21:47:34 2022
step 45371700, will finish Mon May  2 21:47:31 2022
step 45371800, will finish Mon May  2 21:47:29 2022
step 45371900, will finish Mon May  2 21:47:29 2022
imb F 35% pme/F 5.43 step 45372000, will finish Mon May  2 21:47:44 2022
step 45372100, will finish Mon May  2 21:48:02 2022
step 45372200, will finish Mon May  2 21:48:18 2022
step 45372300, will finish Mon May  2 21:48:15 2022
imb F  2% pme/F 1.89 step 45372400, will finish Mon May  2 21:48:13 2022
step 45372500, will finish Mon May  2 21:48:10 2022
step 45372600, will finish Mon May  2 21:48:07 2022
step 45372700, will finish Mon May  2 21:48:05 2022
imb F 104% pme/F 0.26 step 45372800, will finish Mon May  2 21:48:02 2022
step 45372900, will finish Mon May  2 21:48:07 2022
step 45373000, will finish Mon May  2 21:48:04 2022
step 45373100, will finish Mon May  2 21:48:01 2022
imb F 40% pme/F 1.10 step 45373200, will finish Mon May  2 21:48:01 2022
step 45373300, will finish Mon May  2 21:47:59 2022
step 45373400, will finish Mon May  2 21:48:11 2022
step 45373500, will finish Mon May  2 21:48:23 2022
imb F  5% pme/F 1.88 step 45373600, will finish Mon May  2 21:48:21 2022
step 45373700, will finish Mon May  2 21:48:18 2022
step 45373800, will finish Mon May  2 21:48:16 2022
step 45373900, will finish Mon May  2 21:48:13 2022
imb F 62% pme/F 0.28 step 45374000, will finish Mon May  2 21:48:11 2022
step 45374100, will finish Mon May  2 21:48:08 2022
step 45374200, will finish Mon May  2 21:48:13 2022
step 45374300, will finish Mon May  2 21:48:10 2022
imb F  5% pme/F 0.94 step 45374400, will finish Mon May  2 21:48:07 2022
step 45374500, will finish Mon May  2 21:48:04 2022
step 45374600, will finish Mon May  2 21:48:02 2022
step 45374700, will finish Mon May  2 21:47:59 2022
imb F 46% pme/F 0.36 step 45374800, will finish Mon May  2 21:47:57 2022
step 45374900, will finish Mon May  2 21:47:56 2022
step 45375000, will finish Mon May  2 21:47:53 2022
step 45375100, will finish Mon May  2 21:47:50 2022
imb F 14% pme/F 7.19 step 45375200, will finish Mon May  2 21:47:49 2022
step 45375300, will finish Mon May  2 21:47:47 2022
step 45375400, will finish Mon May  2 21:47:44 2022
step 45375500, will finish Mon May  2 21:47:44 2022
imb F 40% pme/F 0.49 step 45375600, will finish Mon May  2 21:47:42 2022
step 45375700, will finish Mon May  2 21:47:43 2022
step 45375800, will finish Mon May  2 21:47:41 2022
step 45375900, will finish Mon May  2 21:47:38 2022
imb F 36% pme/F 0.35 step 45376000, will finish Mon May  2 21:47:35 2022
step 45376100, will finish Mon May  2 21:47:33 2022
step 45376200, will finish Mon May  2 21:47:30 2022
step 45376300, will finish Mon May  2 21:47:27 2022
imb F 71% pme/F 0.28 step 45376400, will finish Mon May  2 21:47:25 2022
step 45376500, will finish Mon May  2 21:47:33 2022
step 45376600, will finish Mon May  2 21:47:31 2022
step 45376700, will finish Mon May  2 21:47:28 2022
imb F  5% pme/F 1.51 step 45376800, will finish Mon May  2 21:47:25 2022
step 45376900, will finish Mon May  2 21:47:23 2022
step 45377000, will finish Mon May  2 21:47:25 2022
step 45377100, will finish Mon May  2 21:47:22 2022
imb F  3% pme/F 0.98 step 45377200, will finish Mon May  2 21:47:19 2022
step 45377300, will finish Mon May  2 21:47:23 2022
step 45377400, will finish Mon May  2 21:47:22 2022
step 45377500, will finish Mon May  2 21:47:19 2022
imb F  3% pme/F 2.65 step 45377600, will finish Mon May  2 21:47:17 2022
step 45377700, will finish Mon May  2 21:47:24 2022
step 45377800, will finish Mon May  2 21:47:21 2022
step 45377900, will finish Mon May  2 21:47:18 2022
imb F 30% pme/F 0.75 step 45378000, will finish Mon May  2 21:47:16 2022
step 45378100, will finish Mon May  2 21:47:23 2022
step 45378200, will finish Mon May  2 21:47:20 2022
step 45378300, will finish Mon May  2 21:47:18 2022
imb F 41% pme/F 0.32 step 45378400, will finish Mon May  2 21:47:15 2022
step 45378500, will finish Mon May  2 21:47:12 2022
step 45378600, will finish Mon May  2 21:47:10 2022
step 45378700, will finish Mon May  2 21:47:07 2022
imb F 26% pme/F 1.22 step 45378800, will finish Mon May  2 21:47:09 2022
step 45378900, will finish Mon May  2 21:47:07 2022
step 45379000, will finish Mon May  2 21:47:04 2022
step 45379100, will finish Mon May  2 21:47:01 2022
imb F 59% pme/F 0.30 step 45379200, will finish Mon May  2 21:46:59 2022
step 45379300, will finish Mon May  2 21:46:56 2022
step 45379400, will finish Mon May  2 21:46:53 2022
step 45379500, will finish Mon May  2 21:46:51 2022
imb F 30% pme/F 0.33 step 45379600, will finish Mon May  2 21:46:55 2022
step 45379700, will finish Mon May  2 21:46:53 2022
step 45379800, will finish Mon May  2 21:47:00 2022
step 45379900, will finish Mon May  2 21:47:01 2022
imb F 81% pme/F 0.26 step 45380000, will finish Mon May  2 21:46:58 2022
step 45380100, will finish Mon May  2 21:46:55 2022
step 45380200, will finish Mon May  2 21:46:53 2022
step 45380300, will finish Mon May  2 21:47:12 2022
imb F  7% pme/F 2.09 step 45380400, will finish Mon May  2 21:47:09 2022
step 45380500, will finish Mon May  2 21:47:07 2022
step 45380600, will finish Mon May  2 21:47:04 2022
step 45380700, will finish Mon May  2 21:47:01 2022
imb F 23% pme/F 0.26 step 45380800, will finish Mon May  2 21:47:01 2022
step 45380900, will finish Mon May  2 21:46:59 2022
step 45381000, will finish Mon May  2 21:46:56 2022
step 45381100, will finish Mon May  2 21:46:54 2022
imb F 24% pme/F 1.44 step 45381200, will finish Mon May  2 21:46:58 2022
step 45381300, will finish Mon May  2 21:46:56 2022
step 45381400, will finish Mon May  2 21:46:53 2022
step 45381500, will finish Mon May  2 21:46:50 2022
imb F 41% pme/F 0.23 step 45381600, will finish Mon May  2 21:46:48 2022
step 45381700, will finish Mon May  2 21:46:45 2022
step 45381800, will finish Mon May  2 21:46:42 2022
step 45381900, will finish Mon May  2 21:46:40 2022
imb F 33% pme/F 2.90 step 45382000, will finish Mon May  2 21:46:46 2022
step 45382100, will finish Mon May  2 21:46:43 2022
step 45382200, will finish Mon May  2 21:46:43 2022
step 45382300, will finish Mon May  2 21:47:08 2022
imb F 37% pme/F 0.13 step 45382400, will finish Mon May  2 21:47:07 2022
step 45382500, will finish Mon May  2 21:47:09 2022
step 45382600, will finish Mon May  2 21:47:06 2022
step 45382700, will finish Mon May  2 21:47:03 2022
imb F 63% pme/F 0.29 step 45382800, will finish Mon May  2 21:47:01 2022
step 45382900, will finish Mon May  2 21:46:58 2022
step 45383000, will finish Mon May  2 21:46:55 2022
step 45383100, will finish Mon May  2 21:46:53 2022
imb F 38% pme/F 0.31 step 45383200, will finish Mon May  2 21:46:50 2022
step 45383300, will finish Mon May  2 21:46:48 2022
step 45383400, will finish Mon May  2 21:46:45 2022
step 45383500, will finish Mon May  2 21:46:42 2022
imb F 58% pme/F 0.28 step 45383600, will finish Mon May  2 21:46:40 2022
step 45383700, will finish Mon May  2 21:46:37 2022
step 45383800, will finish Mon May  2 21:46:35 2022
step 45383900, will finish Mon May  2 21:46:41 2022
imb F 74% pme/F 0.34 step 45384000, will finish Mon May  2 21:46:39 2022
step 45384100, will finish Mon May  2 21:46:36 2022
step 45384200, will finish Mon May  2 21:46:41 2022
step 45384300, will finish Mon May  2 21:46:38 2022
imb F 28% pme/F 2.11 step 45384400, will finish Mon May  2 21:46:44 2022
step 45384500, will finish Mon May  2 21:46:42 2022
step 45384600, will finish Mon May  2 21:46:40 2022
step 45384700, will finish Mon May  2 21:46:42 2022
imb F  6% pme/F 1.33 step 45384800, will finish Mon May  2 21:46:39 2022
step 45384900, will finish Mon May  2 21:46:45 2022
step 45385000, will finish Mon May  2 21:46:44 2022
step 45385100, will finish Mon May  2 21:46:41 2022
imb F 11% pme/F 1.97 step 45385200, will finish Mon May  2 21:46:39 2022
step 45385300, will finish Mon May  2 21:46:36 2022
step 45385400, will finish Mon May  2 21:46:33 2022
step 45385500, will finish Mon May  2 21:46:43 2022
imb F 56% pme/F 0.28 step 45385600, will finish Mon May  2 21:46:45 2022
step 45385700, will finish Mon May  2 21:46:45 2022
step 45385800, will finish Mon May  2 21:46:45 2022
step 45385900, will finish Mon May  2 21:46:42 2022
imb F 46% pme/F 10.98 step 45386000, will finish Mon May  2 21:46:46 2022
step 45386100, will finish Mon May  2 21:46:53 2022
step 45386200, will finish Mon May  2 21:46:57 2022
step 45386300, will finish Mon May  2 21:47:03 2022
imb F 44% pme/F 1.56 step 45386400, will finish Mon May  2 21:47:02 2022
step 45386500, will finish Mon May  2 21:46:59 2022
step 45386600, will finish Mon May  2 21:46:57 2022
step 45386700, will finish Mon May  2 21:47:13 2022
imb F 39% pme/F 5.87 step 45386800, will finish Mon May  2 21:47:19 2022
step 45386900, will finish Mon May  2 21:47:17 2022
step 45387000, will finish Mon May  2 21:47:16 2022
step 45387100, will finish Mon May  2 21:47:15 2022
imb F 56% pme/F 0.25 step 45387200, will finish Mon May  2 21:47:12 2022
step 45387300, will finish Mon May  2 21:47:14 2022
step 45387400, will finish Mon May  2 21:47:21 2022
step 45387500, will finish Mon May  2 21:47:18 2022
imb F 20% pme/F 1.20 step 45387600, will finish Mon May  2 21:47:24 2022
step 45387700, will finish Mon May  2 21:47:23 2022
step 45387800, will finish Mon May  2 21:47:20 2022
step 45387900, will finish Mon May  2 21:47:22 2022
imb F  5% pme/F 1.74 step 45388000, will finish Mon May  2 21:47:19 2022
step 45388100, will finish Mon May  2 21:47:29 2022
step 45388200, will finish Mon May  2 21:47:26 2022
step 45388300, will finish Mon May  2 21:47:24 2022
imb F 38% pme/F 4.72 step 45388400, will finish Mon May  2 21:47:37 2022
step 45388500, will finish Mon May  2 21:47:34 2022
step 45388600, will finish Mon May  2 21:47:31 2022
step 45388700, will finish Mon May  2 21:47:28 2022
imb F  6% pme/F 1.73 step 45388800, will finish Mon May  2 21:47:26 2022
step 45388900, will finish Mon May  2 21:47:23 2022
step 45389000, will finish Mon May  2 21:47:20 2022
step 45389100, will finish Mon May  2 21:47:18 2022
imb F 31% pme/F 9.96 step 45389200, will finish Mon May  2 21:47:19 2022
step 45389300, will finish Mon May  2 21:47:16 2022
step 45389400, will finish Mon May  2 21:47:14 2022
step 45389500, will finish Mon May  2 21:47:16 2022
imb F 61% pme/F 0.24 step 45389600, will finish Mon May  2 21:47:14 2022
step 45389700, will finish Mon May  2 21:47:28 2022
step 45389800, will finish Mon May  2 21:47:25 2022
step 45389900, will finish Mon May  2 21:47:23 2022
imb F  5% pme/F 1.32 step 45390000, will finish Mon May  2 21:47:20 2022
step 45390100, will finish Mon May  2 21:47:17 2022
step 45390200, will finish Mon May  2 21:47:25 2022
step 45390300, will finish Mon May  2 21:47:25 2022
imb F  6% pme/F 1.78 step 45390400, will finish Mon May  2 21:47:22 2022
step 45390500, will finish Mon May  2 21:47:23 2022
step 45390600, will finish Mon May  2 21:47:30 2022
step 45390700, will finish Mon May  2 21:47:29 2022
imb F 44% pme/F 0.39 step 45390800, will finish Mon May  2 21:47:27 2022
step 45390900, will finish Mon May  2 21:47:29 2022
step 45391000, will finish Mon May  2 21:47:27 2022
step 45391100, will finish Mon May  2 21:47:24 2022
imb F 48% pme/F 0.36 step 45391200, will finish Mon May  2 21:47:26 2022
step 45391300, will finish Mon May  2 21:47:24 2022
step 45391400, will finish Mon May  2 21:47:21 2022
step 45391500, will finish Mon May  2 21:47:18 2022
imb F 67% pme/F 0.29 step 45391600, will finish Mon May  2 21:47:16 2022
step 45391700, will finish Mon May  2 21:47:13 2022
step 45391800, will finish Mon May  2 21:47:10 2022
step 45391900, will finish Mon May  2 21:47:14 2022
imb F 27% pme/F 1.00 step 45392000, will finish Mon May  2 21:47:20 2022
step 45392100, will finish Mon May  2 21:47:23 2022
step 45392200, will finish Mon May  2 21:47:29 2022
step 45392300, will finish Mon May  2 21:47:27 2022
imb F  8% pme/F 1.70 step 45392400, will finish Mon May  2 21:47:24 2022
step 45392500, will finish Mon May  2 21:47:26 2022
step 45392600, will finish Mon May  2 21:47:23 2022
step 45392700, will finish Mon May  2 21:47:20 2022
imb F 11% pme/F 0.93 step 45392800, will finish Mon May  2 21:47:41 2022
step 45392900, will finish Mon May  2 21:47:39 2022
step 45393000, will finish Mon May  2 21:47:38 2022
step 45393100, will finish Mon May  2 21:47:36 2022
imb F 44% pme/F 0.47 step 45393200, will finish Mon May  2 21:47:33 2022
step 45393300, will finish Mon May  2 21:47:47 2022
step 45393400, will finish Mon May  2 21:47:44 2022
step 45393500, will finish Mon May  2 21:47:42 2022
imb F 47% pme/F 0.40 step 45393600, will finish Mon May  2 21:47:40 2022
step 45393700, will finish Mon May  2 21:47:37 2022
step 45393800, will finish Mon May  2 21:47:35 2022
step 45393900, will finish Mon May  2 21:47:49 2022
imb F 81% pme/F 0.25 step 45394000, will finish Mon May  2 21:47:46 2022
step 45394100, will finish Mon May  2 21:47:45 2022
step 45394200, will finish Mon May  2 21:47:47 2022
step 45394300, will finish Mon May  2 21:47:46 2022
imb F 45% pme/F 0.36 step 45394400, will finish Mon May  2 21:47:43 2022
step 45394500, will finish Mon May  2 21:47:43 2022
step 45394600, will finish Mon May  2 21:47:45 2022
step 45394700, will finish Mon May  2 21:47:43 2022
imb F 22% pme/F 0.18 step 45394800, will finish Mon May  2 21:47:43 2022
step 45394900, will finish Mon May  2 21:47:41 2022
step 45395000, will finish Mon May  2 21:47:38 2022
step 45395100, will finish Mon May  2 21:47:36 2022
imb F 80% pme/F 0.34 step 45395200, will finish Mon May  2 21:47:33 2022
step 45395300, will finish Mon May  2 21:47:35 2022
step 45395400, will finish Mon May  2 21:47:40 2022
step 45395500, will finish Mon May  2 21:47:44 2022
imb F 61% pme/F 0.32 step 45395600, will finish Mon May  2 21:47:42 2022
step 45395700, will finish Mon May  2 21:47:39 2022
step 45395800, will finish Mon May  2 21:47:41 2022
step 45395900, will finish Mon May  2 21:47:39 2022
imb F 15% pme/F 0.21 step 45396000, will finish Mon May  2 21:47:48 2022
step 45396100, will finish Mon May  2 21:47:45 2022
step 45396200, will finish Mon May  2 21:47:43 2022
step 45396300, will finish Mon May  2 21:47:40 2022
imb F 64% pme/F 0.36 step 45396400, will finish Mon May  2 21:47:38 2022
step 45396500, will finish Mon May  2 21:47:35 2022
step 45396600, will finish Mon May  2 21:47:33 2022
step 45396700, will finish Mon May  2 21:47:39 2022
imb F 47% pme/F 0.28 step 45396800, will finish Mon May  2 21:47:36 2022
step 45396900, will finish Mon May  2 21:47:34 2022
step 45397000, will finish Mon May  2 21:47:51 2022
step 45397100, will finish Mon May  2 21:47:55 2022
imb F 10% pme/F 0.23 step 45397200, will finish Mon May  2 21:48:17 2022
step 45397300, will finish Mon May  2 21:48:14 2022
step 45397400, will finish Mon May  2 21:48:12 2022
step 45397500, will finish Mon May  2 21:48:11 2022
imb F 61% pme/F 0.28 step 45397600, will finish Mon May  2 21:48:09 2022
step 45397700, will finish Mon May  2 21:48:06 2022
step 45397800, will finish Mon May  2 21:48:03 2022
step 45397900, will finish Mon May  2 21:48:01 2022
imb F 21% pme/F 0.25 step 45398000, will finish Mon May  2 21:48:08 2022
step 45398100, will finish Mon May  2 21:48:05 2022
step 45398200, will finish Mon May  2 21:48:02 2022
step 45398300, will finish Mon May  2 21:48:00 2022
imb F 63% pme/F 0.28 step 45398400, will finish Mon May  2 21:47:57 2022
step 45398500, will finish Mon May  2 21:48:08 2022
step 45398600, will finish Mon May  2 21:48:21 2022
step 45398700, will finish Mon May  2 21:48:19 2022
imb F 11% pme/F 0.22 step 45398800, will finish Mon May  2 21:48:35 2022
step 45398900, will finish Mon May  2 21:48:32 2022
step 45399000, will finish Mon May  2 21:48:37 2022
step 45399100, will finish Mon May  2 21:48:34 2022
imb F 35% pme/F 0.34 step 45399200, will finish Mon May  2 21:48:31 2022
step 45399300, will finish Mon May  2 21:48:29 2022
step 45399400, will finish Mon May  2 21:48:27 2022
step 45399500, will finish Mon May  2 21:48:43 2022
imb F 54% pme/F 0.26 step 45399600, will finish Mon May  2 21:48:40 2022
step 45399700, will finish Mon May  2 21:48:45 2022
step 45399800, will finish Mon May  2 21:48:43 2022
step 45399900, will finish Mon May  2 21:48:40 2022
imb F 10% pme/F 0.29 step 45400000, will finish Mon May  2 21:48:42 2022
step 45400100, will finish Mon May  2 21:48:39 2022
step 45400200, will finish Mon May  2 21:48:37 2022
step 45400300, will finish Mon May  2 21:48:34 2022
imb F  9% pme/F 0.16 step 45400400, will finish Mon May  2 21:48:45 2022
step 45400500, will finish Mon May  2 21:48:42 2022
step 45400600, will finish Mon May  2 21:48:40 2022
step 45400700, will finish Mon May  2 21:48:38 2022
imb F 32% pme/F 0.31 step 45400800, will finish Mon May  2 21:48:35 2022
step 45400900, will finish Mon May  2 21:48:33 2022
step 45401000, will finish Mon May  2 21:48:30 2022
step 45401100, will finish Mon May  2 21:48:35 2022
imb F 78% pme/F 0.30 step 45401200, will finish Mon May  2 21:48:33 2022
step 45401300, will finish Mon May  2 21:48:33 2022
step 45401400, will finish Mon May  2 21:48:31 2022
step 45401500, will finish Mon May  2 21:48:28 2022
imb F 20% pme/F 0.15 step 45401600, will finish Mon May  2 21:48:29 2022
step 45401700, will finish Mon May  2 21:48:26 2022
step 45401800, will finish Mon May  2 21:48:26 2022
step 45401900, will finish Mon May  2 21:48:24 2022
imb F 69% pme/F 0.39 step 45402000, will finish Mon May  2 21:48:21 2022
step 45402100, will finish Mon May  2 21:48:19 2022
step 45402200, will finish Mon May  2 21:48:16 2022
step 45402300, will finish Mon May  2 21:48:18 2022
imb F 59% pme/F 0.41 step 45402400, will finish Mon May  2 21:48:15 2022
step 45402500, will finish Mon May  2 21:48:15 2022
step 45402600, will finish Mon May  2 21:48:46 2022
step 45402700, will finish Mon May  2 21:48:47 2022
imb F 15% pme/F 0.47 step 45402800, will finish Mon May  2 21:48:45 2022
step 45402900, will finish Mon May  2 21:48:42 2022
step 45403000, will finish Mon May  2 21:48:42 2022
step 45403100, will finish Mon May  2 21:48:39 2022
imb F 15% pme/F 0.17 step 45403200, will finish Mon May  2 21:48:39 2022
step 45403300, will finish Mon May  2 21:48:37 2022
step 45403400, will finish Mon May  2 21:48:34 2022
step 45403500, will finish Mon May  2 21:48:31 2022
imb F 37% pme/F 0.33 step 45403600, will finish Mon May  2 21:48:29 2022
step 45403700, will finish Mon May  2 21:48:31 2022
step 45403800, will finish Mon May  2 21:48:28 2022
step 45403900, will finish Mon May  2 21:48:26 2022
imb F 37% pme/F 0.41 step 45404000, will finish Mon May  2 21:48:24 2022
step 45404100, will finish Mon May  2 21:48:30 2022
step 45404200, will finish Mon May  2 21:48:28 2022
step 45404300, will finish Mon May  2 21:48:26 2022
imb F 73% pme/F 0.26 step 45404400, will finish Mon May  2 21:48:23 2022
step 45404500, will finish Mon May  2 21:48:21 2022
step 45404600, will finish Mon May  2 21:48:18 2022
step 45404700, will finish Mon May  2 21:48:20 2022
imb F 77% pme/F 0.26 step 45404800, will finish Mon May  2 21:48:18 2022
step 45404900, will finish Mon May  2 21:48:15 2022
step 45405000, will finish Mon May  2 21:48:13 2022
step 45405100, will finish Mon May  2 21:48:10 2022
imb F 17% pme/F 0.24 step 45405200, will finish Mon May  2 21:48:14 2022
step 45405300, will finish Mon May  2 21:48:11 2022
step 45405400, will finish Mon May  2 21:48:09 2022
step 45405500, will finish Mon May  2 21:48:11 2022
imb F 64% pme/F 0.38 step 45405600, will finish Mon May  2 21:48:09 2022
step 45405700, will finish Mon May  2 21:48:08 2022
step 45405800, will finish Mon May  2 21:48:05 2022
step 45405900, will finish Mon May  2 21:48:03 2022
imb F 67% pme/F 0.30 step 45406000, will finish Mon May  2 21:48:03 2022
step 45406100, will finish Mon May  2 21:48:00 2022
step 45406200, will finish Mon May  2 21:48:00 2022
step 45406300, will finish Mon May  2 21:48:01 2022
imb F 83% pme/F 0.28 step 45406400, will finish Mon May  2 21:47:59 2022
step 45406500, will finish Mon May  2 21:47:59 2022
step 45406600, will finish Mon May  2 21:47:57 2022
step 45406700, will finish Mon May  2 21:47:57 2022
imb F 14% pme/F 0.11 step 45406800, will finish Mon May  2 21:48:15 2022
step 45406900, will finish Mon May  2 21:48:13 2022
step 45407000, will finish Mon May  2 21:48:10 2022
step 45407100, will finish Mon May  2 21:48:07 2022
imb F 60% pme/F 0.29 step 45407200, will finish Mon May  2 21:48:05 2022
step 45407300, will finish Mon May  2 21:48:02 2022
step 45407400, will finish Mon May  2 21:48:00 2022
step 45407500, will finish Mon May  2 21:47:57 2022
imb F 28% pme/F 0.35 step 45407600, will finish Mon May  2 21:47:55 2022
step 45407700, will finish Mon May  2 21:47:52 2022
step 45407800, will finish Mon May  2 21:47:49 2022
step 45407900, will finish Mon May  2 21:47:47 2022
imb F 48% pme/F 0.31 step 45408000, will finish Mon May  2 21:47:44 2022
step 45408100, will finish Mon May  2 21:47:42 2022
step 45408200, will finish Mon May  2 21:47:39 2022
step 45408300, will finish Mon May  2 21:47:36 2022
imb F 16% pme/F 0.31 step 45408400, will finish Mon May  2 21:47:40 2022
step 45408500, will finish Mon May  2 21:47:38 2022
step 45408600, will finish Mon May  2 21:47:38 2022
step 45408700, will finish Mon May  2 21:47:44 2022
imb F 87% pme/F 0.29 step 45408800, will finish Mon May  2 21:47:41 2022
step 45408900, will finish Mon May  2 21:47:38 2022
step 45409000, will finish Mon May  2 21:47:36 2022
step 45409100, will finish Mon May  2 21:47:33 2022
imb F 23% pme/F 0.31 step 45409200, will finish Mon May  2 21:47:42 2022
step 45409300, will finish Mon May  2 21:48:17 2022
step 45409400, will finish Mon May  2 21:48:14 2022
step 45409500, will finish Mon May  2 21:48:12 2022
imb F 10% pme/F 0.53 step 45409600, will finish Mon May  2 21:48:09 2022
step 45409700, will finish Mon May  2 21:48:07 2022
step 45409800, will finish Mon May  2 21:48:09 2022
step 45409900, will finish Mon May  2 21:48:24 2022
imb F 66% pme/F 0.35 step 45410000, will finish Mon May  2 21:48:22 2022
step 45410100, will finish Mon May  2 21:48:20 2022
step 45410200, will finish Mon May  2 21:48:17 2022
step 45410300, will finish Mon May  2 21:48:14 2022
imb F 60% pme/F 0.30 step 45410400, will finish Mon May  2 21:48:12 2022
step 45410500, will finish Mon May  2 21:48:09 2022
step 45410600, will finish Mon May  2 21:48:07 2022
step 45410700, will finish Mon May  2 21:48:04 2022
imb F 20% pme/F 0.28 step 45410800, will finish Mon May  2 21:48:11 2022
step 45410900, will finish Mon May  2 21:48:09 2022
step 45411000, will finish Mon May  2 21:48:38 2022
step 45411100, will finish Mon May  2 21:48:35 2022
imb F 69% pme/F 0.29 step 45411200, will finish Mon May  2 21:48:33 2022
step 45411300, will finish Mon May  2 21:48:30 2022
step 45411400, will finish Mon May  2 21:48:27 2022
step 45411500, will finish Mon May  2 21:48:25 2022
imb F 85% pme/F 0.25 step 45411600, will finish Mon May  2 21:48:23 2022
step 45411700, will finish Mon May  2 21:48:23 2022
step 45411800, will finish Mon May  2 21:48:21 2022
step 45411900, will finish Mon May  2 21:48:18 2022
imb F  4% pme/F 0.34 step 45412000, will finish Mon May  2 21:48:15 2022
step 45412100, will finish Mon May  2 21:48:13 2022
step 45412200, will finish Mon May  2 21:48:14 2022
step 45412300, will finish Mon May  2 21:48:12 2022
imb F 69% pme/F 0.38 step 45412400, will finish Mon May  2 21:48:09 2022
step 45412500, will finish Mon May  2 21:48:13 2022
step 45412600, will finish Mon May  2 21:48:10 2022
step 45412700, will finish Mon May  2 21:48:12 2022
imb F 71% pme/F 0.27 step 45412800, will finish Mon May  2 21:48:13 2022
step 45412900, will finish Mon May  2 21:48:10 2022
step 45413000, will finish Mon May  2 21:48:07 2022
step 45413100, will finish Mon May  2 21:48:05 2022
imb F  8% pme/F 0.16 step 45413200, will finish Mon May  2 21:48:11 2022
step 45413300, will finish Mon May  2 21:48:26 2022
step 45413400, will finish Mon May  2 21:48:24 2022
step 45413500, will finish Mon May  2 21:48:24 2022
imb F 61% pme/F 0.25 step 45413600, will finish Mon May  2 21:48:21 2022
step 45413700, will finish Mon May  2 21:48:19 2022
step 45413800, will finish Mon May  2 21:48:16 2022
step 45413900, will finish Mon May  2 21:48:14 2022
imb F 82% pme/F 0.24 step 45414000, will finish Mon May  2 21:48:11 2022
step 45414100, will finish Mon May  2 21:48:09 2022
step 45414200, will finish Mon May  2 21:48:13 2022
step 45414300, will finish Mon May  2 21:48:11 2022
imb F 24% pme/F 0.40 step 45414400, will finish Mon May  2 21:48:08 2022
step 45414500, will finish Mon May  2 21:48:16 2022
step 45414600, will finish Mon May  2 21:48:14 2022
step 45414700, will finish Mon May  2 21:48:11 2022
imb F 45% pme/F 0.36 step 45414800, will finish Mon May  2 21:48:09 2022
step 45414900, will finish Mon May  2 21:48:06 2022
step 45415000, will finish Mon May  2 21:48:03 2022
step 45415100, will finish Mon May  2 21:48:26 2022
imb F 10% pme/F 0.19 step 45415200, will finish Mon May  2 21:48:51 2022
step 45415300, will finish Mon May  2 21:48:49 2022
step 45415400, will finish Mon May  2 21:48:46 2022
step 45415500, will finish Mon May  2 21:48:45 2022
imb F 67% pme/F 0.37 step 45415600, will finish Mon May  2 21:48:43 2022
step 45415700, will finish Mon May  2 21:48:40 2022
step 45415800, will finish Mon May  2 21:48:38 2022
step 45415900, will finish Mon May  2 21:48:35 2022
imb F 20% pme/F 0.50 step 45416000, will finish Mon May  2 21:48:32 2022
step 45416100, will finish Mon May  2 21:48:30 2022
step 45416200, will finish Mon May  2 21:48:32 2022
step 45416300, will finish Mon May  2 21:48:43 2022
imb F 63% pme/F 0.31 step 45416400, will finish Mon May  2 21:48:40 2022
step 45416500, will finish Mon May  2 21:48:47 2022
step 45416600, will finish Mon May  2 21:49:00 2022
step 45416700, will finish Mon May  2 21:48:57 2022
imb F 13% pme/F 0.35 step 45416800, will finish Mon May  2 21:49:05 2022
step 45416900, will finish Mon May  2 21:49:29 2022
step 45417000, will finish Mon May  2 21:49:31 2022
step 45417100, will finish Mon May  2 21:49:31 2022
imb F  4% pme/F 1.84 step 45417200, will finish Mon May  2 21:49:28 2022
step 45417300, will finish Mon May  2 21:49:31 2022
step 45417400, will finish Mon May  2 21:49:30 2022
step 45417500, will finish Mon May  2 21:49:36 2022
imb F 91% pme/F 0.24 step 45417600, will finish Mon May  2 21:49:33 2022
step 45417700, will finish Mon May  2 21:49:33 2022
step 45417800, will finish Mon May  2 21:49:35 2022
step 45417900, will finish Mon May  2 21:49:33 2022
imb F 80% pme/F 0.24 step 45418000, will finish Mon May  2 21:49:31 2022
step 45418100, will finish Mon May  2 21:49:28 2022
step 45418200, will finish Mon May  2 21:49:26 2022
step 45418300, will finish Mon May  2 21:49:23 2022
imb F 69% pme/F 0.27 step 45418400, will finish Mon May  2 21:49:20 2022
step 45418500, will finish Mon May  2 21:49:21 2022
step 45418600, will finish Mon May  2 21:49:19 2022
step 45418700, will finish Mon May  2 21:49:16 2022
imb F 12% pme/F 0.35 step 45418800, will finish Mon May  2 21:49:13 2022
step 45418900, will finish Mon May  2 21:49:11 2022
step 45419000, will finish Mon May  2 21:49:14 2022
step 45419100, will finish Mon May  2 21:49:15 2022
imb F  8% pme/F 1.06 step 45419200, will finish Mon May  2 21:49:13 2022
step 45419300, will finish Mon May  2 21:49:10 2022
step 45419400, will finish Mon May  2 21:49:09 2022
step 45419500, will finish Mon May  2 21:49:07 2022
imb F 63% pme/F 0.30 step 45419600, will finish Mon May  2 21:49:04 2022
step 45419700, will finish Mon May  2 21:49:22 2022
step 45419800, will finish Mon May  2 21:49:35 2022
step 45419900, will finish Mon May  2 21:49:32 2022
imb F 35% pme/F 3.33 step 45420000, will finish Mon May  2 21:49:42 2022
step 45420100, will finish Mon May  2 21:49:43 2022
step 45420200, will finish Mon May  2 21:49:40 2022
step 45420300, will finish Mon May  2 21:49:37 2022
imb F 87% pme/F 0.26 step 45420400, will finish Mon May  2 21:49:35 2022
step 45420500, will finish Mon May  2 21:49:33 2022
step 45420600, will finish Mon May  2 21:49:31 2022
step 45420700, will finish Mon May  2 21:49:28 2022
imb F 44% pme/F 0.36 step 45420800, will finish Mon May  2 21:49:25 2022
step 45420900, will finish Mon May  2 21:49:23 2022
step 45421000, will finish Mon May  2 21:49:20 2022
step 45421100, will finish Mon May  2 21:49:18 2022
imb F 24% pme/F 0.31 step 45421200, will finish Mon May  2 21:49:15 2022
step 45421300, will finish Mon May  2 21:49:12 2022
step 45421400, will finish Mon May  2 21:49:18 2022
step 45421500, will finish Mon May  2 21:49:17 2022
imb F 71% pme/F 0.28 step 45421600, will finish Mon May  2 21:49:15 2022
step 45421700, will finish Mon May  2 21:49:12 2022
step 45421800, will finish Mon May  2 21:49:10 2022
step 45421900, will finish Mon May  2 21:49:07 2022
imb F 28% pme/F 0.41 step 45422000, will finish Mon May  2 21:49:04 2022
step 45422100, will finish Mon May  2 21:49:02 2022
step 45422200, will finish Mon May  2 21:48:59 2022
step 45422300, will finish Mon May  2 21:48:58 2022
imb F 24% pme/F 0.73 step 45422400, will finish Mon May  2 21:49:08 2022
step 45422500, will finish Mon May  2 21:49:05 2022
step 45422600, will finish Mon May  2 21:49:07 2022
step 45422700, will finish Mon May  2 21:49:20 2022
imb F  4% pme/F 1.74 step 45422800, will finish Mon May  2 21:49:18 2022
step 45422900, will finish Mon May  2 21:49:15 2022
step 45423000, will finish Mon May  2 21:49:12 2022
step 45423100, will finish Mon May  2 21:49:10 2022
imb F  4% pme/F 1.13 step 45423200, will finish Mon May  2 21:49:07 2022
step 45423300, will finish Mon May  2 21:49:05 2022
step 45423400, will finish Mon May  2 21:49:07 2022
step 45423500, will finish Mon May  2 21:49:04 2022
imb F  5% pme/F 1.54 step 45423600, will finish Mon May  2 21:49:01 2022
step 45423700, will finish Mon May  2 21:49:03 2022
step 45423800, will finish Mon May  2 21:49:04 2022
step 45423900, will finish Mon May  2 21:49:03 2022
imb F  4% pme/F 1.45 step 45424000, will finish Mon May  2 21:49:00 2022
step 45424100, will finish Mon May  2 21:48:58 2022
step 45424200, will finish Mon May  2 21:48:55 2022
step 45424300, will finish Mon May  2 21:48:53 2022
imb F 19% pme/F 0.21 step 45424400, will finish Mon May  2 21:49:03 2022
step 45424500, will finish Mon May  2 21:49:07 2022
step 45424600, will finish Mon May  2 21:49:05 2022
step 45424700, will finish Mon May  2 21:49:02 2022
imb F 50% pme/F 0.67 step 45424800, will finish Mon May  2 21:49:04 2022
step 45424900, will finish Mon May  2 21:49:11 2022
step 45425000, will finish Mon May  2 21:49:09 2022
step 45425100, will finish Mon May  2 21:49:12 2022
imb F 51% pme/F 0.24 step 45425200, will finish Mon May  2 21:49:13 2022
step 45425300, will finish Mon May  2 21:49:14 2022
step 45425400, will finish Mon May  2 21:49:11 2022
step 45425500, will finish Mon May  2 21:49:09 2022
imb F  5% pme/F 1.71 step 45425600, will finish Mon May  2 21:49:09 2022
step 45425700, will finish Mon May  2 21:49:06 2022
step 45425800, will finish Mon May  2 21:49:07 2022
step 45425900, will finish Mon May  2 21:49:24 2022
imb F  4% pme/F 0.75 step 45426000, will finish Mon May  2 21:49:21 2022
step 45426100, will finish Mon May  2 21:49:18 2022
step 45426200, will finish Mon May  2 21:49:16 2022
step 45426300, will finish Mon May  2 21:49:13 2022
imb F  3% pme/F 1.84 step 45426400, will finish Mon May  2 21:49:11 2022
step 45426500, will finish Mon May  2 21:49:25 2022
step 45426600, will finish Mon May  2 21:49:50 2022
step 45426700, will finish Mon May  2 21:49:47 2022
imb F 23% pme/F 0.54 step 45426800, will finish Mon May  2 21:49:54 2022
step 45426900, will finish Mon May  2 21:50:11 2022
step 45427000, will finish Mon May  2 21:50:09 2022
step 45427100, will finish Mon May  2 21:50:06 2022
imb F 14% pme/F 0.62 step 45427200, will finish Mon May  2 21:50:14 2022
step 45427300, will finish Mon May  2 21:50:13 2022
step 45427400, will finish Mon May  2 21:50:18 2022
step 45427500, will finish Mon May  2 21:50:25 2022
imb F 85% pme/F 0.26 step 45427600, will finish Mon May  2 21:50:24 2022
step 45427700, will finish Mon May  2 21:50:25 2022
step 45427800, will finish Mon May  2 21:50:22 2022
step 45427900, will finish Mon May  2 21:50:33 2022
imb F 47% pme/F 0.32 step 45428000, will finish Mon May  2 21:50:31 2022
step 45428100, will finish Mon May  2 21:50:28 2022
step 45428200, will finish Mon May  2 21:50:27 2022
step 45428300, will finish Mon May  2 21:50:25 2022
imb F 58% pme/F 6.90 step 45428400, will finish Mon May  2 21:50:27 2022
step 45428500, will finish Mon May  2 21:50:24 2022
step 45428600, will finish Mon May  2 21:50:22 2022
step 45428700, will finish Mon May  2 21:50:19 2022
imb F  6% pme/F 1.74 step 45428800, will finish Mon May  2 21:50:16 2022
step 45428900, will finish Mon May  2 21:50:14 2022
step 45429000, will finish Mon May  2 21:50:34 2022
step 45429100, will finish Mon May  2 21:50:45 2022
imb F 30% pme/F 2.94 step 45429200, will finish Mon May  2 21:50:51 2022
step 45429300, will finish Mon May  2 21:50:48 2022
step 45429400, will finish Mon May  2 21:50:49 2022
step 45429500, will finish Mon May  2 21:50:46 2022
imb F 24% pme/F 0.65 step 45429600, will finish Mon May  2 21:50:49 2022
step 45429700, will finish Mon May  2 21:50:56 2022
step 45429800, will finish Mon May  2 21:50:53 2022
step 45429900, will finish Mon May  2 21:50:50 2022
imb F  6% pme/F 0.40 step 45430000, will finish Mon May  2 21:50:48 2022
step 45430100, will finish Mon May  2 21:50:45 2022
step 45430200, will finish Mon May  2 21:50:43 2022
step 45430300, will finish Mon May  2 21:50:43 2022
imb F 33% pme/F 3.23 step 45430400, will finish Mon May  2 21:50:47 2022
step 45430500, will finish Mon May  2 21:50:45 2022
step 45430600, will finish Mon May  2 21:50:42 2022
step 45430700, will finish Mon May  2 21:50:40 2022
imb F 25% pme/F 0.32 step 45430800, will finish Mon May  2 21:50:41 2022
step 45430900, will finish Mon May  2 21:50:44 2022
step 45431000, will finish Mon May  2 21:50:54 2022
step 45431100, will finish Mon May  2 21:50:52 2022
imb F 46% pme/F 3.54 step 45431200, will finish Mon May  2 21:50:53 2022
step 45431300, will finish Mon May  2 21:51:02 2022
step 45431400, will finish Mon May  2 21:51:05 2022
step 45431500, will finish Mon May  2 21:51:17 2022
imb F  7% pme/F 1.49 step 45431600, will finish Mon May  2 21:51:15 2022
step 45431700, will finish Mon May  2 21:51:13 2022
step 45431800, will finish Mon May  2 21:51:15 2022
step 45431900, will finish Mon May  2 21:51:13 2022
imb F 27% pme/F 0.39 step 45432000, will finish Mon May  2 21:51:11 2022
step 45432100, will finish Mon May  2 21:51:10 2022
step 45432200, will finish Mon May  2 21:51:07 2022
step 45432300, will finish Mon May  2 21:51:05 2022
imb F 25% pme/F 3.51 step 45432400, will finish Mon May  2 21:51:21 2022
step 45432500, will finish Mon May  2 21:51:29 2022
step 45432600, will finish Mon May  2 21:51:41 2022
step 45432700, will finish Mon May  2 21:51:46 2022
imb F  9% pme/F 1.35 step 45432800, will finish Mon May  2 21:51:43 2022
step 45432900, will finish Mon May  2 21:51:40 2022
step 45433000, will finish Mon May  2 21:51:43 2022
step 45433100, will finish Mon May  2 21:51:40 2022
imb F 47% pme/F 1.89 step 45433200, will finish Mon May  2 21:51:39 2022
step 45433300, will finish Mon May  2 21:51:37 2022
step 45433400, will finish Mon May  2 21:51:38 2022
step 45433500, will finish Mon May  2 21:51:37 2022
imb F 32% pme/F 0.52 step 45433600, will finish Mon May  2 21:51:34 2022
step 45433700, will finish Mon May  2 21:51:31 2022
step 45433800, will finish Mon May  2 21:51:29 2022
step 45433900, will finish Mon May  2 21:51:32 2022
imb F  9% pme/F 1.60 step 45434000, will finish Mon May  2 21:51:30 2022
step 45434100, will finish Mon May  2 21:51:27 2022
step 45434200, will finish Mon May  2 21:51:30 2022
step 45434300, will finish Mon May  2 21:51:28 2022
imb F 44% pme/F 2.73 step 45434400, will finish Mon May  2 21:51:30 2022
step 45434500, will finish Mon May  2 21:51:36 2022
step 45434600, will finish Mon May  2 21:51:41 2022
step 45434700, will finish Mon May  2 21:51:39 2022
imb F 11% pme/F 1.57 step 45434800, will finish Mon May  2 21:51:36 2022
step 45434900, will finish Mon May  2 21:51:33 2022
step 45435000, will finish Mon May  2 21:51:31 2022
step 45435100, will finish Mon May  2 21:51:28 2022
imb F 96% pme/F 0.26 step 45435200, will finish Mon May  2 21:51:26 2022
step 45435300, will finish Mon May  2 21:51:23 2022
step 45435400, will finish Mon May  2 21:51:20 2022
step 45435500, will finish Mon May  2 21:51:18 2022
imb F 13% pme/F 0.74 step 45435600, will finish Mon May  2 21:51:15 2022
step 45435700, will finish Mon May  2 21:51:13 2022
step 45435800, will finish Mon May  2 21:51:10 2022
step 45435900, will finish Mon May  2 21:51:19 2022
imb F 27% pme/F 2.24 step 45436000, will finish Mon May  2 21:51:33 2022
step 45436100, will finish Mon May  2 21:51:30 2022
step 45436200, will finish Mon May  2 21:51:27 2022
step 45436300, will finish Mon May  2 21:51:25 2022
imb F 27% pme/F 0.31 step 45436400, will finish Mon May  2 21:51:22 2022
step 45436500, will finish Mon May  2 21:51:19 2022
step 45436600, will finish Mon May  2 21:51:25 2022
step 45436700, will finish Mon May  2 21:51:23 2022
imb F 50% pme/F 0.32 step 45436800, will finish Mon May  2 21:51:20 2022
step 45436900, will finish Mon May  2 21:51:18 2022
step 45437000, will finish Mon May  2 21:51:16 2022
step 45437100, will finish Mon May  2 21:51:17 2022
imb F 28% pme/F 4.44 step 45437200, will finish Mon May  2 21:51:27 2022
step 45437300, will finish Mon May  2 21:51:25 2022
step 45437400, will finish Mon May  2 21:51:24 2022
step 45437500, will finish Mon May  2 21:51:29 2022
imb F  6% pme/F 1.71 step 45437600, will finish Mon May  2 21:51:26 2022
step 45437700, will finish Mon May  2 21:51:29 2022
step 45437800, will finish Mon May  2 21:51:29 2022
step 45437900, will finish Mon May  2 21:51:27 2022
imb F 24% pme/F 0.39 step 45438000, will finish Mon May  2 21:51:24 2022
step 45438100, will finish Mon May  2 21:51:22 2022
step 45438200, will finish Mon May  2 21:51:19 2022
step 45438300, will finish Mon May  2 21:51:17 2022
imb F 83% pme/F 0.29 step 45438400, will finish Mon May  2 21:51:14 2022
step 45438500, will finish Mon May  2 21:51:12 2022
step 45438600, will finish Mon May  2 21:51:10 2022
step 45438700, will finish Mon May  2 21:51:10 2022
imb F 40% pme/F 0.28 step 45438800, will finish Mon May  2 21:51:08 2022
step 45438900, will finish Mon May  2 21:51:05 2022
step 45439000, will finish Mon May  2 21:51:03 2022
step 45439100, will finish Mon May  2 21:51:14 2022
imb F 19% pme/F 0.89 step 45439200, will finish Mon May  2 21:51:38 2022
step 45439300, will finish Mon May  2 21:51:44 2022
step 45439400, will finish Mon May  2 21:51:54 2022
step 45439500, will finish Mon May  2 21:51:52 2022
imb F 94% pme/F 0.26 step 45439600, will finish Mon May  2 21:51:49 2022
step 45439700, will finish Mon May  2 21:51:58 2022
step 45439800, will finish Mon May  2 21:51:55 2022
step 45439900, will finish Mon May  2 21:51:59 2022
imb F  4% pme/F 1.24 step 45440000, will finish Mon May  2 21:51:57 2022
step 45440100, will finish Mon May  2 21:51:54 2022
step 45440200, will finish Mon May  2 21:51:56 2022
step 45440300, will finish Mon May  2 21:51:54 2022
imb F 14% pme/F 0.31 step 45440400, will finish Mon May  2 21:51:51 2022
step 45440500, will finish Mon May  2 21:51:49 2022
step 45440600, will finish Mon May  2 21:51:53 2022
step 45440700, will finish Mon May  2 21:51:57 2022
imb F 51% pme/F 0.28 step 45440800, will finish Mon May  2 21:51:54 2022
step 45440900, will finish Mon May  2 21:51:52 2022
step 45441000, will finish Mon May  2 21:51:49 2022
step 45441100, will finish Mon May  2 21:51:47 2022
imb F 35% pme/F 3.44 step 45441200, will finish Mon May  2 21:51:46 2022
step 45441300, will finish Mon May  2 21:51:44 2022
step 45441400, will finish Mon May  2 21:51:44 2022
step 45441500, will finish Mon May  2 21:51:56 2022
imb F 58% pme/F 0.31 step 45441600, will finish Mon May  2 21:51:54 2022
step 45441700, will finish Mon May  2 21:51:51 2022
step 45441800, will finish Mon May  2 21:51:49 2022
step 45441900, will finish Mon May  2 21:51:46 2022
imb F 29% pme/F 0.40 step 45442000, will finish Mon May  2 21:51:51 2022
step 45442100, will finish Mon May  2 21:51:48 2022
step 45442200, will finish Mon May  2 21:51:55 2022
step 45442300, will finish Mon May  2 21:51:52 2022
imb F  8% pme/F 0.92 step 45442400, will finish Mon May  2 21:51:50 2022
step 45442500, will finish Mon May  2 21:51:47 2022
step 45442600, will finish Mon May  2 21:51:45 2022
step 45442700, will finish Mon May  2 21:51:52 2022
imb F 26% pme/F 2.60 step 45442800, will finish Mon May  2 21:52:00 2022
step 45442900, will finish Mon May  2 21:51:58 2022
step 45443000, will finish Mon May  2 21:51:55 2022
step 45443100, will finish Mon May  2 21:51:53 2022
imb F  5% pme/F 1.84 step 45443200, will finish Mon May  2 21:51:50 2022
step 45443300, will finish Mon May  2 21:51:50 2022
step 45443400, will finish Mon May  2 21:51:48 2022
step 45443500, will finish Mon May  2 21:51:45 2022
imb F 28% pme/F 0.32 step 45443600, will finish Mon May  2 21:51:43 2022
step 45443700, will finish Mon May  2 21:51:40 2022
step 45443800, will finish Mon May  2 21:51:44 2022
step 45443900, will finish Mon May  2 21:51:45 2022
imb F 42% pme/F 0.23 step 45444000, will finish Mon May  2 21:51:43 2022
step 45444100, will finish Mon May  2 21:51:40 2022
step 45444200, will finish Mon May  2 21:51:52 2022
step 45444300, will finish Mon May  2 21:51:58 2022
imb F 20% pme/F 0.52 step 45444400, will finish Mon May  2 21:52:08 2022
step 45444500, will finish Mon May  2 21:52:05 2022
step 45444600, will finish Mon May  2 21:52:07 2022
step 45444700, will finish Mon May  2 21:52:05 2022
imb F  5% pme/F 2.01 step 45444800, will finish Mon May  2 21:52:02 2022
step 45444900, will finish Mon May  2 21:52:00 2022
step 45445000, will finish Mon May  2 21:51:58 2022
step 45445100, will finish Mon May  2 21:51:59 2022
imb F  9% pme/F 1.07 step 45445200, will finish Mon May  2 21:51:57 2022
step 45445300, will finish Mon May  2 21:51:54 2022
step 45445400, will finish Mon May  2 21:52:01 2022
step 45445500, will finish Mon May  2 21:51:58 2022
imb F 34% pme/F 3.67 step 45445600, will finish Mon May  2 21:51:58 2022
step 45445700, will finish Mon May  2 21:51:56 2022
step 45445800, will finish Mon May  2 21:51:54 2022
step 45445900, will finish Mon May  2 21:51:51 2022
imb F 51% pme/F 2.62 step 45446000, will finish Mon May  2 21:51:51 2022
step 45446100, will finish Mon May  2 21:51:49 2022
step 45446200, will finish Mon May  2 21:51:49 2022
step 45446300, will finish Mon May  2 21:51:52 2022
imb F  2% pme/F 1.70 step 45446400, will finish Mon May  2 21:51:49 2022
step 45446500, will finish Mon May  2 21:51:50 2022
step 45446600, will finish Mon May  2 21:51:56 2022
step 45446700, will finish Mon May  2 21:51:53 2022
imb F 26% pme/F 0.17 step 45446800, will finish Mon May  2 21:51:53 2022
step 45446900, will finish Mon May  2 21:51:51 2022
step 45447000, will finish Mon May  2 21:51:48 2022
step 45447100, will finish Mon May  2 21:51:46 2022
imb F 18% pme/F 0.54 step 45447200, will finish Mon May  2 21:51:49 2022
step 45447300, will finish Mon May  2 21:52:06 2022
step 45447400, will finish Mon May  2 21:52:12 2022
step 45447500, will finish Mon May  2 21:52:09 2022
imb F 38% pme/F 0.42 step 45447600, will finish Mon May  2 21:52:07 2022
step 45447700, will finish Mon May  2 21:52:17 2022
step 45447800, will finish Mon May  2 21:52:15 2022
step 45447900, will finish Mon May  2 21:52:12 2022
imb F 10% pme/F 1.84 step 45448000, will finish Mon May  2 21:52:10 2022
step 45448100, will finish Mon May  2 21:52:07 2022
step 45448200, will finish Mon May  2 21:52:07 2022
step 45448300, will finish Mon May  2 21:52:05 2022
imb F 12% pme/F 0.34 step 45448400, will finish Mon May  2 21:52:03 2022
step 45448500, will finish Mon May  2 21:52:08 2022
step 45448600, will finish Mon May  2 21:52:06 2022
step 45448700, will finish Mon May  2 21:52:03 2022
imb F 39% pme/F 3.49 step 45448800, will finish Mon May  2 21:52:08 2022
step 45448900, will finish Mon May  2 21:52:06 2022
step 45449000, will finish Mon May  2 21:52:04 2022
step 45449100, will finish Mon May  2 21:52:01 2022
imb F 74% pme/F 0.25 step 45449200, will finish Mon May  2 21:51:59 2022
step 45449300, will finish Mon May  2 21:51:57 2022
step 45449400, will finish Mon May  2 21:51:55 2022
step 45449500, will finish Mon May  2 21:51:53 2022
imb F 29% pme/F 2.44 step 45449600, will finish Mon May  2 21:52:03 2022
step 45449700, will finish Mon May  2 21:52:03 2022
step 45449800, will finish Mon May  2 21:52:00 2022
step 45449900, will finish Mon May  2 21:51:58 2022
imb F 100% pme/F 0.26 step 45450000, will finish Mon May  2 21:51:56 2022
step 45450100, will finish Mon May  2 21:51:53 2022
step 45450200, will finish Mon May  2 21:51:51 2022
step 45450300, will finish Mon May  2 21:51:48 2022
imb F  4% pme/F 1.23 step 45450400, will finish Mon May  2 21:51:46 2022
step 45450500, will finish Mon May  2 21:51:43 2022
step 45450600, will finish Mon May  2 21:51:41 2022
step 45450700, will finish Mon May  2 21:51:38 2022
imb F  2% pme/F 1.54 step 45450800, will finish Mon May  2 21:51:36 2022
step 45450900, will finish Mon May  2 21:51:33 2022
step 45451000, will finish Mon May  2 21:51:31 2022
step 45451100, will finish Mon May  2 21:51:45 2022
imb F 27% pme/F 0.27 step 45451200, will finish Mon May  2 21:51:43 2022
step 45451300, will finish Mon May  2 21:51:40 2022
step 45451400, will finish Mon May  2 21:51:42 2022
step 45451500, will finish Mon May  2 21:52:00 2022
imb F 27% pme/F 2.34 step 45451600, will finish Mon May  2 21:52:06 2022
step 45451700, will finish Mon May  2 21:52:04 2022
step 45451800, will finish Mon May  2 21:52:01 2022
step 45451900, will finish Mon May  2 21:51:59 2022
imb F  7% pme/F 1.92 step 45452000, will finish Mon May  2 21:51:56 2022
step 45452100, will finish Mon May  2 21:51:54 2022
step 45452200, will finish Mon May  2 21:51:51 2022
step 45452300, will finish Mon May  2 21:51:49 2022
imb F 43% pme/F 3.24 step 45452400, will finish Mon May  2 21:51:50 2022
step 45452500, will finish Mon May  2 21:51:47 2022
step 45452600, will finish Mon May  2 21:51:45 2022
step 45452700, will finish Mon May  2 21:51:46 2022
imb F  3% pme/F 1.81 step 45452800, will finish Mon May  2 21:51:44 2022
step 45452900, will finish Mon May  2 21:51:43 2022
step 45453000, will finish Mon May  2 21:51:49 2022
step 45453100, will finish Mon May  2 21:51:47 2022
imb F 80% pme/F 0.25 step 45453200, will finish Mon May  2 21:51:44 2022
step 45453300, will finish Mon May  2 21:51:42 2022
step 45453400, will finish Mon May  2 21:51:40 2022
step 45453500, will finish Mon May  2 21:51:37 2022
imb F 66% pme/F 0.28 step 45453600, will finish Mon May  2 21:51:35 2022
step 45453700, will finish Mon May  2 21:51:32 2022
step 45453800, will finish Mon May  2 21:51:33 2022
step 45453900, will finish Mon May  2 21:51:37 2022
imb F 37% pme/F 3.46 step 45454000, will finish Mon May  2 21:51:41 2022
step 45454100, will finish Mon May  2 21:51:39 2022
step 45454200, will finish Mon May  2 21:51:37 2022
step 45454300, will finish Mon May  2 21:51:34 2022
imb F 19% pme/F 0.84 step 45454400, will finish Mon May  2 21:51:44 2022
step 45454500, will finish Mon May  2 21:51:42 2022
step 45454600, will finish Mon May  2 21:51:39 2022
step 45454700, will finish Mon May  2 21:51:36 2022
imb F 34% pme/F 0.31 step 45454800, will finish Mon May  2 21:51:34 2022
step 45454900, will finish Mon May  2 21:51:31 2022
step 45455000, will finish Mon May  2 21:51:29 2022
step 45455100, will finish Mon May  2 21:51:27 2022
imb F 51% pme/F 0.28 step 45455200, will finish Mon May  2 21:51:24 2022
step 45455300, will finish Mon May  2 21:51:22 2022
step 45455400, will finish Mon May  2 21:51:33 2022
step 45455500, will finish Mon May  2 21:51:42 2022
imb F 104% pme/F 0.24 step 45455600, will finish Mon May  2 21:51:40 2022
step 45455700, will finish Mon May  2 21:51:37 2022
step 45455800, will finish Mon May  2 21:51:51 2022
step 45455900, will finish Mon May  2 21:51:49 2022
imb F 57% pme/F 3.81 step 45456000, will finish Mon May  2 21:51:50 2022
step 45456100, will finish Mon May  2 21:51:48 2022
step 45456200, will finish Mon May  2 21:51:46 2022
step 45456300, will finish Mon May  2 21:52:01 2022
imb F 32% pme/F 0.81 step 45456400, will finish Mon May  2 21:52:04 2022
step 45456500, will finish Mon May  2 21:52:05 2022
step 45456600, will finish Mon May  2 21:52:03 2022
step 45456700, will finish Mon May  2 21:52:11 2022
imb F 47% pme/F 1.61 step 45456800, will finish Mon May  2 21:52:13 2022
step 45456900, will finish Mon May  2 21:52:10 2022
step 45457000, will finish Mon May  2 21:52:08 2022
step 45457100, will finish Mon May  2 21:52:06 2022
imb F 34% pme/F 0.45 step 45457200, will finish Mon May  2 21:52:03 2022
step 45457300, will finish Mon May  2 21:52:01 2022
step 45457400, will finish Mon May  2 21:51:58 2022
step 45457500, will finish Mon May  2 21:51:56 2022
imb F 56% pme/F 0.27 step 45457600, will finish Mon May  2 21:51:53 2022
step 45457700, will finish Mon May  2 21:52:00 2022
step 45457800, will finish Mon May  2 21:52:05 2022
step 45457900, will finish Mon May  2 21:52:03 2022
imb F 21% pme/F 0.39 step 45458000, will finish Mon May  2 21:52:00 2022
step 45458100, will finish Mon May  2 21:51:58 2022
step 45458200, will finish Mon May  2 21:51:55 2022
step 45458300, will finish Mon May  2 21:51:53 2022
imb F 44% pme/F 0.33 step 45458400, will finish Mon May  2 21:51:51 2022
step 45458500, will finish Mon May  2 21:51:48 2022
step 45458600, will finish Mon May  2 21:51:46 2022
step 45458700, will finish Mon May  2 21:51:48 2022
imb F 11% pme/F 1.60 step 45458800, will finish Mon May  2 21:51:47 2022
step 45458900, will finish Mon May  2 21:51:45 2022
step 45459000, will finish Mon May  2 21:51:42 2022
step 45459100, will finish Mon May  2 21:51:40 2022
imb F 35% pme/F 0.48 step 45459200, will finish Mon May  2 21:51:37 2022
step 45459300, will finish Mon May  2 21:51:35 2022
step 45459400, will finish Mon May  2 21:51:33 2022
step 45459500, will finish Mon May  2 21:51:30 2022
imb F  6% pme/F 1.72 step 45459600, will finish Mon May  2 21:51:28 2022
step 45459700, will finish Mon May  2 21:51:33 2022
step 45459800, will finish Mon May  2 21:51:51 2022
step 45459900, will finish Mon May  2 21:52:11 2022
imb F 40% pme/F 2.17 step 45460000, will finish Mon May  2 21:52:14 2022
step 45460100, will finish Mon May  2 21:52:12 2022
step 45460200, will finish Mon May  2 21:52:09 2022
step 45460300, will finish Mon May  2 21:52:07 2022
imb F 34% pme/F 0.67 step 45460400, will finish Mon May  2 21:52:06 2022
step 45460500, will finish Mon May  2 21:52:04 2022
step 45460600, will finish Mon May  2 21:52:02 2022
step 45460700, will finish Mon May  2 21:51:59 2022
imb F  2% pme/F 1.55 step 45460800, will finish Mon May  2 21:51:57 2022
step 45460900, will finish Mon May  2 21:51:54 2022
step 45461000, will finish Mon May  2 21:51:52 2022
step 45461100, will finish Mon May  2 21:51:50 2022
imb F 45% pme/F 0.35 step 45461200, will finish Mon May  2 21:51:47 2022
step 45461300, will finish Mon May  2 21:51:45 2022
step 45461400, will finish Mon May  2 21:51:49 2022
step 45461500, will finish Mon May  2 21:51:47 2022
imb F 36% pme/F 0.58 step 45461600, will finish Mon May  2 21:51:53 2022
step 45461700, will finish Mon May  2 21:51:50 2022
step 45461800, will finish Mon May  2 21:51:48 2022
step 45461900, will finish Mon May  2 21:51:49 2022
imb F 71% pme/F 0.29 step 45462000, will finish Mon May  2 21:51:47 2022
step 45462100, will finish Mon May  2 21:51:47 2022
step 45462200, will finish Mon May  2 21:51:45 2022
step 45462300, will finish Mon May  2 21:51:42 2022
imb F 70% pme/F 0.28 step 45462400, will finish Mon May  2 21:51:40 2022
step 45462500, will finish Mon May  2 21:51:38 2022
step 45462600, will finish Mon May  2 21:51:44 2022
step 45462700, will finish Mon May  2 21:51:41 2022
imb F 89% pme/F 0.27 step 45462800, will finish Mon May  2 21:51:39 2022
step 45462900, will finish Mon May  2 21:51:37 2022
step 45463000, will finish Mon May  2 21:51:34 2022
step 45463100, will finish Mon May  2 21:51:32 2022
imb F 38% pme/F 1.57 step 45463200, will finish Mon May  2 21:51:32 2022
step 45463300, will finish Mon May  2 21:51:50 2022
step 45463400, will finish Mon May  2 21:51:48 2022
step 45463500, will finish Mon May  2 21:51:45 2022
imb F 39% pme/F 0.36 step 45463600, will finish Mon May  2 21:51:43 2022
step 45463700, will finish Mon May  2 21:51:41 2022
step 45463800, will finish Mon May  2 21:51:38 2022
step 45463900, will finish Mon May  2 21:51:36 2022
imb F 56% pme/F 1.47 step 45464000, will finish Mon May  2 21:51:35 2022
step 45464100, will finish Mon May  2 21:51:49 2022
step 45464200, will finish Mon May  2 21:51:47 2022
step 45464300, will finish Mon May  2 21:51:45 2022
imb F 49% pme/F 11.53 step 45464400, will finish Mon May  2 21:51:56 2022
step 45464500, will finish Mon May  2 21:52:22 2022
step 45464600, will finish Mon May  2 21:52:36 2022
step 45464700, will finish Mon May  2 21:52:34 2022
imb F  4% pme/F 1.67 step 45464800, will finish Mon May  2 21:52:31 2022
step 45464900, will finish Mon May  2 21:52:29 2022
step 45465000, will finish Mon May  2 21:52:26 2022
step 45465100, will finish Mon May  2 21:52:24 2022
imb F 63% pme/F 0.25 step 45465200, will finish Mon May  2 21:52:22 2022
step 45465300, will finish Mon May  2 21:52:26 2022
step 45465400, will finish Mon May  2 21:52:27 2022
step 45465500, will finish Mon May  2 21:52:25 2022
imb F  1% pme/F 1.29 step 45465600, will finish Mon May  2 21:52:22 2022
step 45465700, will finish Mon May  2 21:52:20 2022
step 45465800, will finish Mon May  2 21:52:17 2022
step 45465900, will finish Mon May  2 21:52:15 2022
imb F 33% pme/F 0.36 step 45466000, will finish Mon May  2 21:52:14 2022
step 45466100, will finish Mon May  2 21:52:13 2022
step 45466200, will finish Mon May  2 21:52:10 2022
step 45466300, will finish Mon May  2 21:52:10 2022
imb F 89% pme/F 0.25 step 45466400, will finish Mon May  2 21:52:08 2022
step 45466500, will finish Mon May  2 21:52:15 2022
step 45466600, will finish Mon May  2 21:52:17 2022
step 45466700, will finish Mon May  2 21:52:15 2022
imb F 26% pme/F 0.40 step 45466800, will finish Mon May  2 21:52:13 2022
step 45466900, will finish Mon May  2 21:52:10 2022
step 45467000, will finish Mon May  2 21:52:08 2022
step 45467100, will finish Mon May  2 21:52:05 2022
imb F 76% pme/F 0.26 step 45467200, will finish Mon May  2 21:52:03 2022
step 45467300, will finish Mon May  2 21:52:03 2022
step 45467400, will finish Mon May  2 21:52:00 2022
step 45467500, will finish Mon May  2 21:52:02 2022
imb F 15% pme/F 0.53 step 45467600, will finish Mon May  2 21:52:00 2022
step 45467700, will finish Mon May  2 21:52:01 2022
step 45467800, will finish Mon May  2 21:52:01 2022
step 45467900, will finish Mon May  2 21:51:59 2022
imb F 39% pme/F 12.77 step 45468000, will finish Mon May  2 21:52:04 2022
step 45468100, will finish Mon May  2 21:52:12 2022
step 45468200, will finish Mon May  2 21:52:10 2022
step 45468300, will finish Mon May  2 21:52:08 2022
imb F 16% pme/F 1.09 step 45468400, will finish Mon May  2 21:52:13 2022
step 45468500, will finish Mon May  2 21:52:11 2022
step 45468600, will finish Mon May  2 21:52:14 2022
step 45468700, will finish Mon May  2 21:52:23 2022
imb F 101% pme/F 0.31 step 45468800, will finish Mon May  2 21:52:20 2022
step 45468900, will finish Mon May  2 21:52:18 2022
step 45469000, will finish Mon May  2 21:52:16 2022
step 45469100, will finish Mon May  2 21:52:14 2022
imb F 76% pme/F 0.29 step 45469200, will finish Mon May  2 21:52:13 2022
step 45469300, will finish Mon May  2 21:52:11 2022
step 45469400, will finish Mon May  2 21:52:09 2022
step 45469500, will finish Mon May  2 21:52:06 2022
imb F 30% pme/F 0.13 step 45469600, will finish Mon May  2 21:52:08 2022
step 45469700, will finish Mon May  2 21:52:14 2022
step 45469800, will finish Mon May  2 21:52:11 2022
step 45469900, will finish Mon May  2 21:52:13 2022
imb F 49% pme/F 0.27 step 45470000, will finish Mon May  2 21:52:17 2022
step 45470100, will finish Mon May  2 21:52:14 2022
step 45470200, will finish Mon May  2 21:52:18 2022
step 45470300, will finish Mon May  2 21:52:15 2022
imb F 86% pme/F 0.28 step 45470400, will finish Mon May  2 21:52:13 2022
step 45470500, will finish Mon May  2 21:52:24 2022
step 45470600, will finish Mon May  2 21:52:46 2022
step 45470700, will finish Mon May  2 21:52:43 2022
imb F 79% pme/F 0.26 step 45470800, will finish Mon May  2 21:52:41 2022
step 45470900, will finish Mon May  2 21:52:51 2022
step 45471000, will finish Mon May  2 21:52:49 2022
step 45471100, will finish Mon May  2 21:52:46 2022
imb F 18% pme/F 0.31 step 45471200, will finish Mon May  2 21:52:54 2022
step 45471300, will finish Mon May  2 21:52:52 2022
step 45471400, will finish Mon May  2 21:52:52 2022
step 45471500, will finish Mon May  2 21:52:49 2022
imb F 65% pme/F 0.30 step 45471600, will finish Mon May  2 21:52:47 2022
step 45471700, will finish Mon May  2 21:52:45 2022
step 45471800, will finish Mon May  2 21:52:42 2022
step 45471900, will finish Mon May  2 21:52:49 2022
imb F 32% pme/F 1.91 step 45472000, will finish Mon May  2 21:52:55 2022
step 45472100, will finish Mon May  2 21:52:53 2022
step 45472200, will finish Mon May  2 21:52:51 2022
step 45472300, will finish Mon May  2 21:52:48 2022
imb F  5% pme/F 1.83 step 45472400, will finish Mon May  2 21:52:46 2022
step 45472500, will finish Mon May  2 21:52:55 2022
step 45472600, will finish Mon May  2 21:53:05 2022
step 45472700, will finish Mon May  2 21:53:09 2022
imb F  9% pme/F 1.89 step 45472800, will finish Mon May  2 21:53:07 2022
step 45472900, will finish Mon May  2 21:53:04 2022
step 45473000, will finish Mon May  2 21:53:02 2022
step 45473100, will finish Mon May  2 21:52:59 2022
imb F 15% pme/F 0.08 step 45473200, will finish Mon May  2 21:53:09 2022
step 45473300, will finish Mon May  2 21:53:06 2022
step 45473400, will finish Mon May  2 21:53:04 2022
step 45473500, will finish Mon May  2 21:53:02 2022
imb F 79% pme/F 0.28 step 45473600, will finish Mon May  2 21:52:59 2022
step 45473700, will finish Mon May  2 21:52:59 2022
step 45473800, will finish Mon May  2 21:52:57 2022
step 45473900, will finish Mon May  2 21:52:54 2022
imb F  4% pme/F 0.89 step 45474000, will finish Mon May  2 21:52:52 2022
step 45474100, will finish Mon May  2 21:52:49 2022
step 45474200, will finish Mon May  2 21:52:47 2022
step 45474300, will finish Mon May  2 21:52:44 2022
imb F  3% pme/F 1.88 step 45474400, will finish Mon May  2 21:52:42 2022
step 45474500, will finish Mon May  2 21:52:43 2022
step 45474600, will finish Mon May  2 21:52:41 2022
step 45474700, will finish Mon May  2 21:52:39 2022
imb F  7% pme/F 1.76 step 45474800, will finish Mon May  2 21:52:36 2022
step 45474900, will finish Mon May  2 21:52:34 2022
step 45475000, will finish Mon May  2 21:52:38 2022
step 45475100, will finish Mon May  2 21:52:54 2022
imb F 31% pme/F 1.03 step 45475200, will finish Mon May  2 21:52:57 2022
step 45475300, will finish Mon May  2 21:52:55 2022
step 45475400, will finish Mon May  2 21:52:55 2022
step 45475500, will finish Mon May  2 21:52:52 2022
imb F 34% pme/F 8.19 step 45475600, will finish Mon May  2 21:52:52 2022
step 45475700, will finish Mon May  2 21:52:50 2022
step 45475800, will finish Mon May  2 21:52:47 2022
step 45475900, will finish Mon May  2 21:52:53 2022
imb F 67% pme/F 0.23 step 45476000, will finish Mon May  2 21:52:51 2022
step 45476100, will finish Mon May  2 21:52:54 2022
step 45476200, will finish Mon May  2 21:53:03 2022
step 45476300, will finish Mon May  2 21:53:00 2022
imb F  7% pme/F 1.20 step 45476400, will finish Mon May  2 21:52:58 2022
step 45476500, will finish Mon May  2 21:52:55 2022
step 45476600, will finish Mon May  2 21:52:54 2022
step 45476700, will finish Mon May  2 21:53:03 2022
imb F 28% pme/F 0.30 step 45476800, will finish Mon May  2 21:53:01 2022
step 45476900, will finish Mon May  2 21:52:58 2022
step 45477000, will finish Mon May  2 21:52:56 2022
step 45477100, will finish Mon May  2 21:52:54 2022
imb F 57% pme/F 0.29 step 45477200, will finish Mon May  2 21:52:51 2022
step 45477300, will finish Mon May  2 21:52:49 2022
step 45477400, will finish Mon May  2 21:52:47 2022
step 45477500, will finish Mon May  2 21:52:44 2022
imb F 22% pme/F 0.48 step 45477600, will finish Mon May  2 21:52:42 2022
step 45477700, will finish Mon May  2 21:52:39 2022
step 45477800, will finish Mon May  2 21:52:37 2022
step 45477900, will finish Mon May  2 21:52:35 2022
imb F  5% pme/F 1.73 step 45478000, will finish Mon May  2 21:52:32 2022
step 45478100, will finish Mon May  2 21:52:42 2022
step 45478200, will finish Mon May  2 21:52:40 2022
step 45478300, will finish Mon May  2 21:52:37 2022
imb F 11% pme/F 1.33 step 45478400, will finish Mon May  2 21:52:35 2022
step 45478500, will finish Mon May  2 21:52:32 2022
step 45478600, will finish Mon May  2 21:52:38 2022
step 45478700, will finish Mon May  2 21:52:44 2022
imb F  3% pme/F 1.81 step 45478800, will finish Mon May  2 21:52:42 2022
step 45478900, will finish Mon May  2 21:52:39 2022
step 45479000, will finish Mon May  2 21:52:37 2022
step 45479100, will finish Mon May  2 21:52:34 2022
imb F  5% pme/F 1.06 step 45479200, will finish Mon May  2 21:52:32 2022
step 45479300, will finish Mon May  2 21:52:30 2022
step 45479400, will finish Mon May  2 21:52:27 2022
step 45479500, will finish Mon May  2 21:52:25 2022
imb F 77% pme/F 0.24 step 45479600, will finish Mon May  2 21:52:22 2022
step 45479700, will finish Mon May  2 21:52:20 2022
step 45479800, will finish Mon May  2 21:52:18 2022
step 45479900, will finish Mon May  2 21:52:25 2022
imb F 33% pme/F 0.14 step 45480000, will finish Mon May  2 21:52:31 2022
step 45480100, will finish Mon May  2 21:52:29 2022
step 45480200, will finish Mon May  2 21:52:27 2022
step 45480300, will finish Mon May  2 21:52:24 2022
imb F 78% pme/F 1.05 step 45480400, will finish Mon May  2 21:52:24 2022
step 45480500, will finish Mon May  2 21:52:42 2022
step 45480600, will finish Mon May  2 21:53:00 2022
step 45480700, will finish Mon May  2 21:53:04 2022
imb F  8% pme/F 1.76 step 45480800, will finish Mon May  2 21:53:02 2022
step 45480900, will finish Mon May  2 21:53:05 2022
step 45481000, will finish Mon May  2 21:53:07 2022
step 45481100, will finish Mon May  2 21:53:05 2022
imb F 29% pme/F 0.46 step 45481200, will finish Mon May  2 21:53:02 2022
step 45481300, will finish Mon May  2 21:53:00 2022
step 45481400, will finish Mon May  2 21:52:58 2022
step 45481500, will finish Mon May  2 21:52:55 2022
imb F 93% pme/F 0.22 step 45481600, will finish Mon May  2 21:52:53 2022
step 45481700, will finish Mon May  2 21:52:50 2022
step 45481800, will finish Mon May  2 21:52:48 2022
step 45481900, will finish Mon May  2 21:52:46 2022
imb F 79% pme/F 0.23 step 45482000, will finish Mon May  2 21:52:43 2022
step 45482100, will finish Mon May  2 21:52:47 2022
step 45482200, will finish Mon May  2 21:53:05 2022
step 45482300, will finish Mon May  2 21:53:09 2022
imb F 63% pme/F 0.23 step 45482400, will finish Mon May  2 21:53:07 2022
step 45482500, will finish Mon May  2 21:53:14 2022
step 45482600, will finish Mon May  2 21:53:16 2022
step 45482700, will finish Mon May  2 21:53:14 2022
imb F  4% pme/F 1.36 step 45482800, will finish Mon May  2 21:53:11 2022
step 45482900, will finish Mon May  2 21:53:09 2022
step 45483000, will finish Mon May  2 21:53:07 2022
step 45483100, will finish Mon May  2 21:53:12 2022
imb F 62% pme/F 0.37 step 45483200, will finish Mon May  2 21:53:10 2022
step 45483300, will finish Mon May  2 21:53:14 2022
step 45483400, will finish Mon May  2 21:53:13 2022
step 45483500, will finish Mon May  2 21:53:11 2022
imb F 23% pme/F 0.29 step 45483600, will finish Mon May  2 21:53:09 2022
step 45483700, will finish Mon May  2 21:53:06 2022
step 45483800, will finish Mon May  2 21:53:10 2022
step 45483900, will finish Mon May  2 21:53:08 2022
imb F 37% pme/F 0.28 step 45484000, will finish Mon May  2 21:53:06 2022
step 45484100, will finish Mon May  2 21:53:22 2022
step 45484200, will finish Mon May  2 21:53:48 2022
step 45484300, will finish Mon May  2 21:54:06 2022
imb F  5% pme/F 1.48 step 45484400, will finish Mon May  2 21:54:08 2022
step 45484500, will finish Mon May  2 21:54:05 2022
step 45484600, will finish Mon May  2 21:54:16 2022
step 45484700, will finish Mon May  2 21:54:17 2022
imb F 85% pme/F 0.25 step 45484800, will finish Mon May  2 21:54:15 2022
step 45484900, will finish Mon May  2 21:54:12 2022
step 45485000, will finish Mon May  2 21:54:10 2022
step 45485100, will finish Mon May  2 21:54:19 2022
imb F 21% pme/F 0.73 step 45485200, will finish Mon May  2 21:54:38 2022
step 45485300, will finish Mon May  2 21:54:36 2022
step 45485400, will finish Mon May  2 21:54:34 2022
step 45485500, will finish Mon May  2 21:54:36 2022
imb F 52% pme/F 0.30 step 45485600, will finish Mon May  2 21:54:33 2022
step 45485700, will finish Mon May  2 21:54:31 2022
step 45485800, will finish Mon May  2 21:54:28 2022
step 45485900, will finish Mon May  2 21:54:28 2022
imb F 60% pme/F 0.29 step 45486000, will finish Mon May  2 21:54:26 2022
step 45486100, will finish Mon May  2 21:54:23 2022
step 45486200, will finish Mon May  2 21:54:25 2022
step 45486300, will finish Mon May  2 21:54:23 2022
imb F 25% pme/F 0.25 step 45486400, will finish Mon May  2 21:54:25 2022
step 45486500, will finish Mon May  2 21:54:22 2022
step 45486600, will finish Mon May  2 21:54:20 2022
step 45486700, will finish Mon May  2 21:54:18 2022
imb F  4% pme/F 1.68 step 45486800, will finish Mon May  2 21:54:15 2022
step 45486900, will finish Mon May  2 21:54:13 2022
step 45487000, will finish Mon May  2 21:54:10 2022
step 45487100, will finish Mon May  2 21:54:08 2022
imb F 48% pme/F 0.28 step 45487200, will finish Mon May  2 21:54:06 2022
step 45487300, will finish Mon May  2 21:54:07 2022
step 45487400, will finish Mon May  2 21:54:05 2022
step 45487500, will finish Mon May  2 21:54:03 2022
imb F 13% pme/F 0.66 step 45487600, will finish Mon May  2 21:54:00 2022
step 45487700, will finish Mon May  2 21:53:58 2022
step 45487800, will finish Mon May  2 21:54:00 2022
step 45487900, will finish Mon May  2 21:53:57 2022
imb F 93% pme/F 0.26 step 45488000, will finish Mon May  2 21:53:55 2022
step 45488100, will finish Mon May  2 21:53:52 2022
step 45488200, will finish Mon May  2 21:53:50 2022
step 45488300, will finish Mon May  2 21:53:56 2022
imb F 18% pme/F 1.24 step 45488400, will finish Mon May  2 21:54:14 2022
step 45488500, will finish Mon May  2 21:54:22 2022
step 45488600, will finish Mon May  2 21:54:19 2022
step 45488700, will finish Mon May  2 21:54:17 2022
imb F 69% pme/F 0.29 step 45488800, will finish Mon May  2 21:54:14 2022
step 45488900, will finish Mon May  2 21:54:12 2022
step 45489000, will finish Mon May  2 21:54:12 2022
step 45489100, will finish Mon May  2 21:54:10 2022
imb F 17% pme/F 0.11 step 45489200, will finish Mon May  2 21:54:14 2022
step 45489300, will finish Mon May  2 21:54:11 2022
step 45489400, will finish Mon May  2 21:54:09 2022
step 45489500, will finish Mon May  2 21:54:07 2022
imb F 28% pme/F 0.16 step 45489600, will finish Mon May  2 21:54:08 2022
step 45489700, will finish Mon May  2 21:54:12 2022
step 45489800, will finish Mon May  2 21:54:10 2022
step 45489900, will finish Mon May  2 21:54:07 2022
imb F  5% pme/F 1.68 step 45490000, will finish Mon May  2 21:54:05 2022
step 45490100, will finish Mon May  2 21:54:03 2022
step 45490200, will finish Mon May  2 21:54:00 2022
step 45490300, will finish Mon May  2 21:53:58 2022
imb F  3% pme/F 1.80 step 45490400, will finish Mon May  2 21:53:56 2022
step 45490500, will finish Mon May  2 21:53:53 2022
step 45490600, will finish Mon May  2 21:53:58 2022
step 45490700, will finish Mon May  2 21:54:07 2022
imb F 75% pme/F 0.26 step 45490800, will finish Mon May  2 21:54:05 2022
step 45490900, will finish Mon May  2 21:54:13 2022
step 45491000, will finish Mon May  2 21:54:12 2022
step 45491100, will finish Mon May  2 21:54:10 2022
imb F 31% pme/F 0.31 step 45491200, will finish Mon May  2 21:54:10 2022
step 45491300, will finish Mon May  2 21:54:07 2022
step 45491400, will finish Mon May  2 21:54:05 2022
step 45491500, will finish Mon May  2 21:54:03 2022
imb F 22% pme/F 0.12 step 45491600, will finish Mon May  2 21:54:07 2022
step 45491700, will finish Mon May  2 21:54:04 2022
step 45491800, will finish Mon May  2 21:54:02 2022
step 45491900, will finish Mon May  2 21:54:00 2022
imb F 84% pme/F 0.34 step 45492000, will finish Mon May  2 21:53:57 2022
step 45492100, will finish Mon May  2 21:53:55 2022
step 45492200, will finish Mon May  2 21:53:52 2022
step 45492300, will finish Mon May  2 21:53:50 2022
imb F  5% pme/F 1.40 step 45492400, will finish Mon May  2 21:53:47 2022
step 45492500, will finish Mon May  2 21:53:45 2022
step 45492600, will finish Mon May  2 21:53:50 2022
step 45492700, will finish Mon May  2 21:54:05 2022
imb F 30% pme/F 0.28 step 45492800, will finish Mon May  2 21:54:02 2022
step 45492900, will finish Mon May  2 21:54:02 2022
step 45493000, will finish Mon May  2 21:54:00 2022
step 45493100, will finish Mon May  2 21:53:58 2022
imb F 66% pme/F 0.26 step 45493200, will finish Mon May  2 21:53:55 2022
step 45493300, will finish Mon May  2 21:53:53 2022
step 45493400, will finish Mon May  2 21:53:51 2022
step 45493500, will finish Mon May  2 21:53:49 2022
imb F 17% pme/F 0.28 step 45493600, will finish Mon May  2 21:53:46 2022
step 45493700, will finish Mon May  2 21:53:44 2022
step 45493800, will finish Mon May  2 21:53:44 2022
step 45493900, will finish Mon May  2 21:53:41 2022
imb F 14% pme/F 0.54 step 45494000, will finish Mon May  2 21:53:39 2022
step 45494100, will finish Mon May  2 21:53:37 2022
step 45494200, will finish Mon May  2 21:53:34 2022
step 45494300, will finish Mon May  2 21:53:36 2022
imb F 86% pme/F 0.25 step 45494400, will finish Mon May  2 21:53:34 2022
step 45494500, will finish Mon May  2 21:53:31 2022
step 45494600, will finish Mon May  2 21:53:29 2022
step 45494700, will finish Mon May  2 21:53:27 2022
imb F 74% pme/F 0.28 step 45494800, will finish Mon May  2 21:53:24 2022
step 45494900, will finish Mon May  2 21:53:22 2022
step 45495000, will finish Mon May  2 21:53:19 2022
step 45495100, will finish Mon May  2 21:53:17 2022
imb F 59% pme/F 0.26 step 45495200, will finish Mon May  2 21:53:15 2022
step 45495300, will finish Mon May  2 21:53:12 2022
step 45495400, will finish Mon May  2 21:53:10 2022
step 45495500, will finish Mon May  2 21:53:08 2022
imb F 12% pme/F 0.46 step 45495600, will finish Mon May  2 21:53:05 2022
step 45495700, will finish Mon May  2 21:53:03 2022
step 45495800, will finish Mon May  2 21:53:01 2022
step 45495900, will finish Mon May  2 21:53:01 2022
imb F 29% pme/F 2.76 step 45496000, will finish Mon May  2 21:53:18 2022
step 45496100, will finish Mon May  2 21:53:32 2022
step 45496200, will finish Mon May  2 21:53:30 2022
step 45496300, will finish Mon May  2 21:53:27 2022
imb F 79% pme/F 0.26 step 45496400, will finish Mon May  2 21:53:25 2022
step 45496500, will finish Mon May  2 21:53:23 2022
step 45496600, will finish Mon May  2 21:53:20 2022
step 45496700, will finish Mon May  2 21:53:18 2022
imb F 28% pme/F 3.59 step 45496800, will finish Mon May  2 21:53:22 2022
step 45496900, will finish Mon May  2 21:53:23 2022
step 45497000, will finish Mon May  2 21:53:21 2022
step 45497100, will finish Mon May  2 21:53:21 2022
imb F 27% pme/F 0.37 step 45497200, will finish Mon May  2 21:53:19 2022
step 45497300, will finish Mon May  2 21:53:16 2022
step 45497400, will finish Mon May  2 21:53:14 2022
step 45497500, will finish Mon May  2 21:53:24 2022
imb F 62% pme/F 4.14 step 45497600, will finish Mon May  2 21:53:30 2022
step 45497700, will finish Mon May  2 21:53:28 2022
step 45497800, will finish Mon May  2 21:53:38 2022
step 45497900, will finish Mon May  2 21:53:35 2022
imb F 20% pme/F 0.29 step 45498000, will finish Mon May  2 21:53:33 2022
step 45498100, will finish Mon May  2 21:53:37 2022
step 45498200, will finish Mon May  2 21:53:34 2022
step 45498300, will finish Mon May  2 21:53:32 2022
imb F 28% pme/F 0.37 step 45498400, will finish Mon May  2 21:53:30 2022
step 45498500, will finish Mon May  2 21:53:27 2022
step 45498600, will finish Mon May  2 21:53:25 2022
step 45498700, will finish Mon May  2 21:53:22 2022
imb F 14% pme/F 0.48 step 45498800, will finish Mon May  2 21:53:20 2022
step 45498900, will finish Mon May  2 21:53:18 2022
step 45499000, will finish Mon May  2 21:53:15 2022
step 45499100, will finish Mon May  2 21:53:21 2022
imb F 16% pme/F 0.36 step 45499200, will finish Mon May  2 21:53:19 2022
step 45499300, will finish Mon May  2 21:53:23 2022
step 45499400, will finish Mon May  2 21:53:20 2022
step 45499500, will finish Mon May  2 21:53:18 2022
imb F 17% pme/F 4.64 step 45499600, will finish Mon May  2 21:53:32 2022
step 45499700, will finish Mon May  2 21:53:30 2022
step 45499800, will finish Mon May  2 21:53:32 2022
step 45499900, will finish Mon May  2 21:53:29 2022
imb F  5% pme/F 1.94 step 45500000, will finish Mon May  2 21:53:27 2022
step 45500100, will finish Mon May  2 21:53:24 2022
step 45500200, will finish Mon May  2 21:53:22 2022
step 45500300, will finish Mon May  2 21:53:20 2022
imb F  4% pme/F 1.82 step 45500400, will finish Mon May  2 21:53:17 2022
step 45500500, will finish Mon May  2 21:53:15 2022
step 45500600, will finish Mon May  2 21:53:17 2022
step 45500700, will finish Mon May  2 21:53:14 2022
imb F  5% pme/F 2.17 step 45500800, will finish Mon May  2 21:53:12 2022
step 45500900, will finish Mon May  2 21:53:10 2022
step 45501000, will finish Mon May  2 21:53:07 2022
step 45501100, will finish Mon May  2 21:53:23 2022
imb F 42% pme/F 0.23 step 45501200, will finish Mon May  2 21:53:21 2022
step 45501300, will finish Mon May  2 21:53:19 2022
step 45501400, will finish Mon May  2 21:53:28 2022
step 45501500, will finish Mon May  2 21:53:26 2022
imb F  7% pme/F 1.93 step 45501600, will finish Mon May  2 21:53:24 2022
step 45501700, will finish Mon May  2 21:53:22 2022
step 45501800, will finish Mon May  2 21:53:19 2022
step 45501900, will finish Mon May  2 21:53:17 2022
imb F  2% pme/F 1.71 step 45502000, will finish Mon May  2 21:53:15 2022
step 45502100, will finish Mon May  2 21:53:12 2022
step 45502200, will finish Mon May  2 21:53:10 2022
step 45502300, will finish Mon May  2 21:53:10 2022
imb F  6% pme/F 1.71 step 45502400, will finish Mon May  2 21:53:07 2022
step 45502500, will finish Mon May  2 21:53:05 2022
step 45502600, will finish Mon May  2 21:53:03 2022
step 45502700, will finish Mon May  2 21:53:00 2022
imb F  8% pme/F 1.34 step 45502800, will finish Mon May  2 21:52:58 2022
step 45502900, will finish Mon May  2 21:52:56 2022
step 45503000, will finish Mon May  2 21:53:02 2022
step 45503100, will finish Mon May  2 21:53:03 2022
imb F  5% pme/F 1.90 step 45503200, will finish Mon May  2 21:53:01 2022
step 45503300, will finish Mon May  2 21:52:58 2022
step 45503400, will finish Mon May  2 21:52:56 2022
step 45503500, will finish Mon May  2 21:52:54 2022
imb F 45% pme/F 0.36 step 45503600, will finish Mon May  2 21:52:51 2022
step 45503700, will finish Mon May  2 21:52:49 2022
step 45503800, will finish Mon May  2 21:53:03 2022
step 45503900, will finish Mon May  2 21:53:14 2022
imb F 35% pme/F 2.94 step 45504000, will finish Mon May  2 21:53:30 2022
step 45504100, will finish Mon May  2 21:53:28 2022
step 45504200, will finish Mon May  2 21:53:25 2022
step 45504300, will finish Mon May  2 21:53:33 2022
imb F 95% pme/F 0.23 step 45504400, will finish Mon May  2 21:53:31 2022
step 45504500, will finish Mon May  2 21:53:35 2022
step 45504600, will finish Mon May  2 21:53:40 2022
step 45504700, will finish Mon May  2 21:53:38 2022
imb F 26% pme/F 1.02 step 45504800, will finish Mon May  2 21:53:46 2022
step 45504900, will finish Mon May  2 21:53:43 2022
step 45505000, will finish Mon May  2 21:53:41 2022
step 45505100, will finish Mon May  2 21:53:39 2022
imb F  4% pme/F 1.69 step 45505200, will finish Mon May  2 21:53:36 2022
step 45505300, will finish Mon May  2 21:53:38 2022
step 45505400, will finish Mon May  2 21:53:36 2022
step 45505500, will finish Mon May  2 21:53:34 2022
imb F 95% pme/F 0.23 step 45505600, will finish Mon May  2 21:53:32 2022
step 45505700, will finish Mon May  2 21:53:29 2022
step 45505800, will finish Mon May  2 21:53:27 2022
step 45505900, will finish Mon May  2 21:53:24 2022
imb F 14% pme/F 0.51 step 45506000, will finish Mon May  2 21:53:32 2022
step 45506100, will finish Mon May  2 21:53:30 2022
step 45506200, will finish Mon May  2 21:53:28 2022
step 45506300, will finish Mon May  2 21:53:25 2022
imb F  7% pme/F 1.92 step 45506400, will finish Mon May  2 21:53:23 2022
step 45506500, will finish Mon May  2 21:53:23 2022
step 45506600, will finish Mon May  2 21:53:20 2022
step 45506700, will finish Mon May  2 21:53:18 2022
imb F  6% pme/F 1.70 step 45506800, will finish Mon May  2 21:53:16 2022
step 45506900, will finish Mon May  2 21:53:13 2022
step 45507000, will finish Mon May  2 21:53:11 2022
step 45507100, will finish Mon May  2 21:53:09 2022
imb F 27% pme/F 4.09 step 45507200, will finish Mon May  2 21:53:08 2022
step 45507300, will finish Mon May  2 21:53:06 2022
step 45507400, will finish Mon May  2 21:53:04 2022
step 45507500, will finish Mon May  2 21:53:03 2022
imb F  4% pme/F 1.83 step 45507600, will finish Mon May  2 21:53:01 2022
step 45507700, will finish Mon May  2 21:52:59 2022
step 45507800, will finish Mon May  2 21:52:56 2022
step 45507900, will finish Mon May  2 21:52:54 2022
imb F  4% pme/F 1.31 step 45508000, will finish Mon May  2 21:52:52 2022
step 45508100, will finish Mon May  2 21:52:49 2022
step 45508200, will finish Mon May  2 21:52:47 2022
step 45508300, will finish Mon May  2 21:52:45 2022
imb F 42% pme/F 0.34 step 45508400, will finish Mon May  2 21:52:42 2022
step 45508500, will finish Mon May  2 21:52:40 2022
step 45508600, will finish Mon May  2 21:52:38 2022
step 45508700, will finish Mon May  2 21:52:35 2022
imb F  6% pme/F 1.69 step 45508800, will finish Mon May  2 21:52:33 2022
step 45508900, will finish Mon May  2 21:52:31 2022
step 45509000, will finish Mon May  2 21:52:28 2022
step 45509100, will finish Mon May  2 21:52:26 2022
imb F 57% pme/F 0.33 step 45509200, will finish Mon May  2 21:52:24 2022
step 45509300, will finish Mon May  2 21:52:22 2022
step 45509400, will finish Mon May  2 21:52:19 2022
step 45509500, will finish Mon May  2 21:52:17 2022
imb F  5% pme/F 1.07 step 45509600, will finish Mon May  2 21:52:14 2022
step 45509700, will finish Mon May  2 21:52:12 2022
step 45509800, will finish Mon May  2 21:52:10 2022
step 45509900, will finish Mon May  2 21:52:28 2022
imb F 25% pme/F 0.78 step 45510000, will finish Mon May  2 21:52:37 2022
step 45510100, will finish Mon May  2 21:52:35 2022
step 45510200, will finish Mon May  2 21:52:32 2022
step 45510300, will finish Mon May  2 21:52:30 2022
imb F 63% pme/F 0.27 step 45510400, will finish Mon May  2 21:52:28 2022
step 45510500, will finish Mon May  2 21:52:26 2022
step 45510600, will finish Mon May  2 21:52:23 2022
step 45510700, will finish Mon May  2 21:52:21 2022
imb F 61% pme/F 0.27 step 45510800, will finish Mon May  2 21:52:19 2022
step 45510900, will finish Mon May  2 21:52:18 2022
step 45511000, will finish Mon May  2 21:52:16 2022
step 45511100, will finish Mon May  2 21:52:14 2022
imb F 31% pme/F 0.34 step 45511200, will finish Mon May  2 21:52:12 2022
step 45511300, will finish Mon May  2 21:52:09 2022
step 45511400, will finish Mon May  2 21:52:07 2022
step 45511500, will finish Mon May  2 21:52:05 2022
imb F 41% pme/F 1.00 step 45511600, will finish Mon May  2 21:52:07 2022
step 45511700, will finish Mon May  2 21:52:25 2022
step 45511800, will finish Mon May  2 21:52:23 2022
step 45511900, will finish Mon May  2 21:52:21 2022
imb F  9% pme/F 1.27 step 45512000, will finish Mon May  2 21:52:19 2022
step 45512100, will finish Mon May  2 21:52:16 2022
step 45512200, will finish Mon May  2 21:52:14 2022
step 45512300, will finish Mon May  2 21:52:12 2022
imb F  9% pme/F 1.77 step 45512400, will finish Mon May  2 21:52:09 2022
step 45512500, will finish Mon May  2 21:52:07 2022
step 45512600, will finish Mon May  2 21:52:05 2022
step 45512700, will finish Mon May  2 21:52:02 2022
imb F  5% pme/F 1.75 step 45512800, will finish Mon May  2 21:52:00 2022
step 45512900, will finish Mon May  2 21:51:58 2022
step 45513000, will finish Mon May  2 21:51:55 2022
step 45513100, will finish Mon May  2 21:51:53 2022
imb F  3% pme/F 1.47 step 45513200, will finish Mon May  2 21:51:51 2022
step 45513300, will finish Mon May  2 21:51:48 2022
step 45513400, will finish Mon May  2 21:51:46 2022
step 45513500, will finish Mon May  2 21:51:48 2022
imb F  3% pme/F 1.72 step 45513600, will finish Mon May  2 21:51:46 2022
step 45513700, will finish Mon May  2 21:51:43 2022
step 45513800, will finish Mon May  2 21:51:41 2022
step 45513900, will finish Mon May  2 21:51:38 2022
imb F 49% pme/F 0.35 step 45514000, will finish Mon May  2 21:51:38 2022
step 45514100, will finish Mon May  2 21:51:36 2022
step 45514200, will finish Mon May  2 21:51:34 2022
step 45514300, will finish Mon May  2 21:51:31 2022
imb F 49% pme/F 0.30 step 45514400, will finish Mon May  2 21:51:29 2022
step 45514500, will finish Mon May  2 21:51:27 2022
step 45514600, will finish Mon May  2 21:51:25 2022
step 45514700, will finish Mon May  2 21:51:22 2022
imb F 94% pme/F 0.24 step 45514800, will finish Mon May  2 21:51:20 2022
step 45514900, will finish Mon May  2 21:51:18 2022
step 45515000, will finish Mon May  2 21:51:15 2022
step 45515100, will finish Mon May  2 21:51:13 2022
imb F 82% pme/F 0.24 step 45515200, will finish Mon May  2 21:51:11 2022
step 45515300, will finish Mon May  2 21:51:09 2022
step 45515400, will finish Mon May  2 21:51:06 2022
step 45515500, will finish Mon May  2 21:51:04 2022
imb F 26% pme/F 0.34 step 45515600, will finish Mon May  2 21:51:02 2022
step 45515700, will finish Mon May  2 21:50:59 2022
step 45515800, will finish Mon May  2 21:50:57 2022
step 45515900, will finish Mon May  2 21:51:12 2022
imb F 64% pme/F 0.35 step 45516000, will finish Mon May  2 21:51:10 2022
step 45516100, will finish Mon May  2 21:51:08 2022
step 45516200, will finish Mon May  2 21:51:05 2022
step 45516300, will finish Mon May  2 21:51:03 2022
imb F 42% pme/F 5.38 step 45516400, will finish Mon May  2 21:51:04 2022
step 45516500, will finish Mon May  2 21:51:06 2022
step 45516600, will finish Mon May  2 21:51:04 2022
step 45516700, will finish Mon May  2 21:51:06 2022
imb F  6% pme/F 1.83 step 45516800, will finish Mon May  2 21:51:04 2022
step 45516900, will finish Mon May  2 21:51:03 2022
step 45517000, will finish Mon May  2 21:51:15 2022
step 45517100, will finish Mon May  2 21:51:13 2022
imb F  2% pme/F 1.73 step 45517200, will finish Mon May  2 21:51:10 2022
step 45517300, will finish Mon May  2 21:51:08 2022
step 45517400, will finish Mon May  2 21:51:06 2022
step 45517500, will finish Mon May  2 21:51:03 2022
imb F 78% pme/F 0.25 step 45517600, will finish Mon May  2 21:51:01 2022
step 45517700, will finish Mon May  2 21:51:07 2022
step 45517800, will finish Mon May  2 21:51:14 2022
step 45517900, will finish Mon May  2 21:51:12 2022
imb F 55% pme/F 0.28 step 45518000, will finish Mon May  2 21:51:10 2022
step 45518100, will finish Mon May  2 21:51:07 2022
step 45518200, will finish Mon May  2 21:51:05 2022
step 45518300, will finish Mon May  2 21:51:03 2022
imb F  8% pme/F 1.88 step 45518400, will finish Mon May  2 21:51:01 2022
step 45518500, will finish Mon May  2 21:50:58 2022
step 45518600, will finish Mon May  2 21:50:56 2022
step 45518700, will finish Mon May  2 21:50:54 2022
imb F 32% pme/F 1.84 step 45518800, will finish Mon May  2 21:51:03 2022
step 45518900, will finish Mon May  2 21:51:01 2022
step 45519000, will finish Mon May  2 21:50:59 2022
step 45519100, will finish Mon May  2 21:50:56 2022
imb F 55% pme/F 0.27 step 45519200, will finish Mon May  2 21:50:54 2022
step 45519300, will finish Mon May  2 21:50:54 2022
step 45519400, will finish Mon May  2 21:50:51 2022
step 45519500, will finish Mon May  2 21:50:55 2022
imb F 43% pme/F 0.35 step 45519600, will finish Mon May  2 21:50:55 2022
step 45519700, will finish Mon May  2 21:50:53 2022
step 45519800, will finish Mon May  2 21:50:50 2022
step 45519900, will finish Mon May  2 21:50:48 2022
imb F  6% pme/F 1.76 step 45520000, will finish Mon May  2 21:50:46 2022
step 45520100, will finish Mon May  2 21:50:43 2022
step 45520200, will finish Mon May  2 21:50:41 2022
step 45520300, will finish Mon May  2 21:50:39 2022
imb F  8% pme/F 1.72 step 45520400, will finish Mon May  2 21:50:36 2022
step 45520500, will finish Mon May  2 21:50:36 2022
step 45520600, will finish Mon May  2 21:50:34 2022
step 45520700, will finish Mon May  2 21:50:32 2022
imb F  3% pme/F 1.59 step 45520800, will finish Mon May  2 21:50:29 2022
step 45520900, will finish Mon May  2 21:50:27 2022
step 45521000, will finish Mon May  2 21:50:31 2022
step 45521100, will finish Mon May  2 21:50:28 2022
imb F  9% pme/F 2.11 step 45521200, will finish Mon May  2 21:50:27 2022
step 45521300, will finish Mon May  2 21:50:32 2022
step 45521400, will finish Mon May  2 21:50:30 2022
step 45521500, will finish Mon May  2 21:50:27 2022
imb F  7% pme/F 2.14 step 45521600, will finish Mon May  2 21:50:25 2022
step 45521700, will finish Mon May  2 21:50:25 2022
step 45521800, will finish Mon May  2 21:50:23 2022
step 45521900, will finish Mon May  2 21:50:21 2022
imb F 60% pme/F 0.33 step 45522000, will finish Mon May  2 21:50:19 2022
step 45522100, will finish Mon May  2 21:50:16 2022
step 45522200, will finish Mon May  2 21:50:14 2022
step 45522300, will finish Mon May  2 21:50:12 2022
imb F 32% pme/F 0.36 step 45522400, will finish Mon May  2 21:50:09 2022
step 45522500, will finish Mon May  2 21:50:07 2022
step 45522600, will finish Mon May  2 21:50:07 2022
step 45522700, will finish Mon May  2 21:50:05 2022
imb F 55% pme/F 0.70 step 45522800, will finish Mon May  2 21:50:04 2022
step 45522900, will finish Mon May  2 21:50:10 2022
step 45523000, will finish Mon May  2 21:50:08 2022
step 45523100, will finish Mon May  2 21:50:09 2022
imb F 37% pme/F 3.22 step 45523200, will finish Mon May  2 21:50:15 2022
step 45523300, will finish Mon May  2 21:50:13 2022
step 45523400, will finish Mon May  2 21:50:13 2022
step 45523500, will finish Mon May  2 21:50:10 2022
imb F 10% pme/F 2.14 step 45523600, will finish Mon May  2 21:50:08 2022
step 45523700, will finish Mon May  2 21:50:18 2022
step 45523800, will finish Mon May  2 21:50:16 2022
step 45523900, will finish Mon May  2 21:50:20 2022
imb F 19% pme/F 1.73 step 45524000, will finish Mon May  2 21:50:38 2022
step 45524100, will finish Mon May  2 21:50:46 2022
step 45524200, will finish Mon May  2 21:50:44 2022
step 45524300, will finish Mon May  2 21:50:52 2022
imb F 76% pme/F 0.28 step 45524400, will finish Mon May  2 21:50:49 2022
step 45524500, will finish Mon May  2 21:50:47 2022
step 45524600, will finish Mon May  2 21:50:45 2022
step 45524700, will finish Mon May  2 21:50:43 2022
imb F  6% pme/F 0.84 step 45524800, will finish Mon May  2 21:50:41 2022
step 45524900, will finish Mon May  2 21:50:39 2022
step 45525000, will finish Mon May  2 21:50:46 2022
step 45525100, will finish Mon May  2 21:50:44 2022
imb F  2% pme/F 1.72 step 45525200, will finish Mon May  2 21:50:42 2022
step 45525300, will finish Mon May  2 21:50:40 2022
step 45525400, will finish Mon May  2 21:50:37 2022
step 45525500, will finish Mon May  2 21:50:35 2022
imb F 70% pme/F 0.27 step 45525600, will finish Mon May  2 21:50:33 2022
step 45525700, will finish Mon May  2 21:50:38 2022
step 45525800, will finish Mon May  2 21:50:40 2022
step 45525900, will finish Mon May  2 21:50:38 2022
imb F  7% pme/F 0.47 step 45526000, will finish Mon May  2 21:50:35 2022
step 45526100, will finish Mon May  2 21:50:33 2022
step 45526200, will finish Mon May  2 21:50:31 2022
step 45526300, will finish Mon May  2 21:50:28 2022
imb F  7% pme/F 1.85 step 45526400, will finish Mon May  2 21:50:26 2022
step 45526500, will finish Mon May  2 21:50:28 2022
step 45526600, will finish Mon May  2 21:50:26 2022
step 45526700, will finish Mon May  2 21:50:28 2022
imb F 22% pme/F 0.59 step 45526800, will finish Mon May  2 21:50:31 2022
step 45526900, will finish Mon May  2 21:50:29 2022
step 45527000, will finish Mon May  2 21:50:27 2022
step 45527100, will finish Mon May  2 21:50:25 2022
imb F 42% pme/F 1.59 step 45527200, will finish Mon May  2 21:50:24 2022
step 45527300, will finish Mon May  2 21:50:22 2022
step 45527400, will finish Mon May  2 21:50:20 2022
step 45527500, will finish Mon May  2 21:50:17 2022
imb F 88% pme/F 0.27 step 45527600, will finish Mon May  2 21:50:15 2022
step 45527700, will finish Mon May  2 21:50:13 2022
step 45527800, will finish Mon May  2 21:50:10 2022
step 45527900, will finish Mon May  2 21:50:09 2022
imb F 75% pme/F 0.23 step 45528000, will finish Mon May  2 21:50:10 2022
step 45528100, will finish Mon May  2 21:50:08 2022
step 45528200, will finish Mon May  2 21:50:06 2022
step 45528300, will finish Mon May  2 21:50:04 2022
imb F 15% pme/F 0.25 step 45528400, will finish Mon May  2 21:50:03 2022
step 45528500, will finish Mon May  2 21:50:01 2022
step 45528600, will finish Mon May  2 21:49:59 2022
step 45528700, will finish Mon May  2 21:49:57 2022
imb F 54% pme/F 0.31 step 45528800, will finish Mon May  2 21:49:55 2022
step 45528900, will finish Mon May  2 21:49:53 2022
step 45529000, will finish Mon May  2 21:49:51 2022
step 45529100, will finish Mon May  2 21:49:49 2022
imb F 37% pme/F 0.40 step 45529200, will finish Mon May  2 21:49:46 2022
step 45529300, will finish Mon May  2 21:49:44 2022
step 45529400, will finish Mon May  2 21:49:42 2022
step 45529500, will finish Mon May  2 21:49:42 2022
imb F 55% pme/F 0.42 step 45529600, will finish Mon May  2 21:49:39 2022
step 45529700, will finish Mon May  2 21:49:37 2022
step 45529800, will finish Mon May  2 21:49:35 2022
step 45529900, will finish Mon May  2 21:49:33 2022
imb F 39% pme/F 0.34 step 45530000, will finish Mon May  2 21:49:31 2022
step 45530100, will finish Mon May  2 21:49:28 2022
step 45530200, will finish Mon May  2 21:49:26 2022
step 45530300, will finish Mon May  2 21:49:24 2022
imb F 19% pme/F 0.49 step 45530400, will finish Mon May  2 21:49:22 2022
step 45530500, will finish Mon May  2 21:49:19 2022
step 45530600, will finish Mon May  2 21:49:17 2022
step 45530700, will finish Mon May  2 21:49:15 2022
imb F  6% pme/F 2.27 step 45530800, will finish Mon May  2 21:49:13 2022
step 45530900, will finish Mon May  2 21:49:11 2022
step 45531000, will finish Mon May  2 21:49:09 2022
step 45531100, will finish Mon May  2 21:49:07 2022
imb F  7% pme/F 1.11 step 45531200, will finish Mon May  2 21:49:04 2022
step 45531300, will finish Mon May  2 21:49:02 2022
step 45531400, will finish Mon May  2 21:49:00 2022
step 45531500, will finish Mon May  2 21:48:57 2022
imb F  6% pme/F 1.78 step 45531600, will finish Mon May  2 21:48:55 2022
step 45531700, will finish Mon May  2 21:48:57 2022
step 45531800, will finish Mon May  2 21:49:00 2022
step 45531900, will finish Mon May  2 21:48:58 2022
imb F 37% pme/F 2.17 step 45532000, will finish Mon May  2 21:49:02 2022
step 45532100, will finish Mon May  2 21:49:08 2022
step 45532200, will finish Mon May  2 21:49:06 2022
step 45532300, will finish Mon May  2 21:49:04 2022
imb F 15% pme/F 1.44 step 45532400, will finish Mon May  2 21:49:03 2022
step 45532500, will finish Mon May  2 21:49:02 2022
step 45532600, will finish Mon May  2 21:49:07 2022
step 45532700, will finish Mon May  2 21:49:19 2022
imb F 12% pme/F 1.27 step 45532800, will finish Mon May  2 21:49:36 2022
step 45532900, will finish Mon May  2 21:49:33 2022
step 45533000, will finish Mon May  2 21:49:31 2022
step 45533100, will finish Mon May  2 21:49:47 2022
imb F  8% pme/F 1.71 step 45533200, will finish Mon May  2 21:49:44 2022
step 45533300, will finish Mon May  2 21:49:42 2022
step 45533400, will finish Mon May  2 21:49:40 2022
step 45533500, will finish Mon May  2 21:49:38 2022
imb F 14% pme/F 0.37 step 45533600, will finish Mon May  2 21:49:35 2022
step 45533700, will finish Mon May  2 21:49:33 2022
step 45533800, will finish Mon May  2 21:49:37 2022
step 45533900, will finish Mon May  2 21:49:37 2022
imb F 31% pme/F 0.35 step 45534000, will finish Mon May  2 21:49:35 2022
step 45534100, will finish Mon May  2 21:49:33 2022
step 45534200, will finish Mon May  2 21:49:30 2022
step 45534300, will finish Mon May  2 21:49:28 2022
imb F 52% pme/F 0.38 step 45534400, will finish Mon May  2 21:49:26 2022
step 45534500, will finish Mon May  2 21:49:24 2022
step 45534600, will finish Mon May  2 21:49:22 2022
step 45534700, will finish Mon May  2 21:49:21 2022
imb F 61% pme/F 0.26 step 45534800, will finish Mon May  2 21:49:19 2022
step 45534900, will finish Mon May  2 21:49:17 2022
step 45535000, will finish Mon May  2 21:49:23 2022
step 45535100, will finish Mon May  2 21:49:21 2022
imb F 14% pme/F 0.43 step 45535200, will finish Mon May  2 21:49:20 2022
step 45535300, will finish Mon May  2 21:49:18 2022
step 45535400, will finish Mon May  2 21:49:16 2022
step 45535500, will finish Mon May  2 21:49:14 2022
imb F 45% pme/F 0.23 step 45535600, will finish Mon May  2 21:49:12 2022
step 45535700, will finish Mon May  2 21:49:09 2022
step 45535800, will finish Mon May  2 21:49:07 2022
step 45535900, will finish Mon May  2 21:49:05 2022
imb F 83% pme/F 0.25 step 45536000, will finish Mon May  2 21:49:03 2022
step 45536100, will finish Mon May  2 21:49:00 2022
step 45536200, will finish Mon May  2 21:48:58 2022
step 45536300, will finish Mon May  2 21:48:56 2022
imb F  6% pme/F 1.32 step 45536400, will finish Mon May  2 21:48:53 2022
step 45536500, will finish Mon May  2 21:48:51 2022
step 45536600, will finish Mon May  2 21:48:49 2022
step 45536700, will finish Mon May  2 21:48:47 2022
imb F  6% pme/F 1.50 step 45536800, will finish Mon May  2 21:48:44 2022
step 45536900, will finish Mon May  2 21:48:48 2022
step 45537000, will finish Mon May  2 21:48:46 2022
step 45537100, will finish Mon May  2 21:48:43 2022
imb F 93% pme/F 0.24 step 45537200, will finish Mon May  2 21:48:41 2022
step 45537300, will finish Mon May  2 21:48:39 2022
step 45537400, will finish Mon May  2 21:48:42 2022
step 45537500, will finish Mon May  2 21:48:40 2022
imb F  5% pme/F 1.41 step 45537600, will finish Mon May  2 21:48:38 2022
step 45537700, will finish Mon May  2 21:48:36 2022
step 45537800, will finish Mon May  2 21:48:36 2022
step 45537900, will finish Mon May  2 21:48:34 2022
imb F 18% pme/F 0.37 step 45538000, will finish Mon May  2 21:48:31 2022
step 45538100, will finish Mon May  2 21:48:29 2022
step 45538200, will finish Mon May  2 21:48:27 2022
step 45538300, will finish Mon May  2 21:48:25 2022
imb F 69% pme/F 0.34 step 45538400, will finish Mon May  2 21:48:22 2022
step 45538500, will finish Mon May  2 21:48:20 2022
step 45538600, will finish Mon May  2 21:48:18 2022
step 45538700, will finish Mon May  2 21:48:16 2022
imb F 30% pme/F 1.16 step 45538800, will finish Mon May  2 21:48:19 2022
step 45538900, will finish Mon May  2 21:48:17 2022
step 45539000, will finish Mon May  2 21:48:20 2022
step 45539100, will finish Mon May  2 21:48:23 2022
imb F  4% pme/F 1.83 step 45539200, will finish Mon May  2 21:48:20 2022
step 45539300, will finish Mon May  2 21:48:24 2022
step 45539400, will finish Mon May  2 21:48:22 2022
step 45539500, will finish Mon May  2 21:48:20 2022
imb F 58% pme/F 0.29 step 45539600, will finish Mon May  2 21:48:17 2022
step 45539700, will finish Mon May  2 21:48:15 2022
step 45539800, will finish Mon May  2 21:48:13 2022
step 45539900, will finish Mon May  2 21:48:11 2022
imb F 37% pme/F 0.37 step 45540000, will finish Mon May  2 21:48:08 2022
step 45540100, will finish Mon May  2 21:48:06 2022
step 45540200, will finish Mon May  2 21:48:04 2022
step 45540300, will finish Mon May  2 21:48:02 2022
imb F 41% pme/F 0.34 step 45540400, will finish Mon May  2 21:48:00 2022
step 45540500, will finish Mon May  2 21:47:58 2022
step 45540600, will finish Mon May  2 21:47:56 2022
step 45540700, will finish Mon May  2 21:47:53 2022
imb F 61% pme/F 0.28 step 45540800, will finish Mon May  2 21:47:51 2022
step 45540900, will finish Mon May  2 21:47:49 2022
step 45541000, will finish Mon May  2 21:47:47 2022
step 45541100, will finish Mon May  2 21:47:52 2022
imb F 32% pme/F 0.98 step 45541200, will finish Mon May  2 21:48:02 2022
step 45541300, will finish Mon May  2 21:48:00 2022
step 45541400, will finish Mon May  2 21:47:58 2022
step 45541500, will finish Mon May  2 21:47:56 2022
imb F 28% pme/F 1.28 step 45541600, will finish Mon May  2 21:47:57 2022
step 45541700, will finish Mon May  2 21:47:55 2022
step 45541800, will finish Mon May  2 21:47:53 2022
step 45541900, will finish Mon May  2 21:47:51 2022
imb F 57% pme/F 0.35 step 45542000, will finish Mon May  2 21:47:48 2022
step 45542100, will finish Mon May  2 21:47:46 2022
step 45542200, will finish Mon May  2 21:47:44 2022
step 45542300, will finish Mon May  2 21:47:42 2022
imb F 11% pme/F 1.77 step 45542400, will finish Mon May  2 21:47:40 2022
step 45542500, will finish Mon May  2 21:47:37 2022
step 45542600, will finish Mon May  2 21:47:59 2022
step 45542700, will finish Mon May  2 21:47:58 2022
imb F 77% pme/F 0.28 step 45542800, will finish Mon May  2 21:47:56 2022
step 45542900, will finish Mon May  2 21:47:54 2022
step 45543000, will finish Mon May  2 21:47:52 2022
step 45543100, will finish Mon May  2 21:47:50 2022
imb F 28% pme/F 0.37 step 45543200, will finish Mon May  2 21:47:47 2022
step 45543300, will finish Mon May  2 21:47:45 2022
step 45543400, will finish Mon May  2 21:47:43 2022
step 45543500, will finish Mon May  2 21:47:41 2022
imb F 27% pme/F 6.87 step 45543600, will finish Mon May  2 21:47:54 2022
step 45543700, will finish Mon May  2 21:47:52 2022
step 45543800, will finish Mon May  2 21:47:51 2022
step 45543900, will finish Mon May  2 21:48:05 2022
imb F 21% pme/F 1.07 step 45544000, will finish Mon May  2 21:48:27 2022
step 45544100, will finish Mon May  2 21:48:28 2022
step 45544200, will finish Mon May  2 21:48:25 2022
step 45544300, will finish Mon May  2 21:48:25 2022
imb F 12% pme/F 1.66 step 45544400, will finish Mon May  2 21:48:23 2022
step 45544500, will finish Mon May  2 21:48:21 2022
step 45544600, will finish Mon May  2 21:48:19 2022
step 45544700, will finish Mon May  2 21:48:17 2022
imb F 49% pme/F 0.32 step 45544800, will finish Mon May  2 21:48:14 2022
step 45544900, will finish Mon May  2 21:48:12 2022
step 45545000, will finish Mon May  2 21:48:10 2022
step 45545100, will finish Mon May  2 21:48:08 2022
imb F 44% pme/F 0.32 step 45545200, will finish Mon May  2 21:48:06 2022
step 45545300, will finish Mon May  2 21:48:03 2022
step 45545400, will finish Mon May  2 21:48:05 2022
step 45545500, will finish Mon May  2 21:48:18 2022
imb F  8% pme/F 1.69 step 45545600, will finish Mon May  2 21:48:16 2022
step 45545700, will finish Mon May  2 21:48:14 2022
step 45545800, will finish Mon May  2 21:48:18 2022
step 45545900, will finish Mon May  2 21:48:15 2022
imb F 38% pme/F 9.79 step 45546000, will finish Mon May  2 21:48:17 2022
step 45546100, will finish Mon May  2 21:48:15 2022
step 45546200, will finish Mon May  2 21:48:13 2022
step 45546300, will finish Mon May  2 21:48:12 2022
imb F  6% pme/F 1.93 step 45546400, will finish Mon May  2 21:48:10 2022
step 45546500, will finish Mon May  2 21:48:08 2022
step 45546600, will finish Mon May  2 21:48:06 2022
step 45546700, will finish Mon May  2 21:48:03 2022
imb F 21% pme/F 0.40 step 45546800, will finish Mon May  2 21:48:01 2022
step 45546900, will finish Mon May  2 21:47:59 2022
step 45547000, will finish Mon May  2 21:47:57 2022
step 45547100, will finish Mon May  2 21:47:54 2022
imb F 41% pme/F 0.96 step 45547200, will finish Mon May  2 21:47:56 2022
step 45547300, will finish Mon May  2 21:48:08 2022
step 45547400, will finish Mon May  2 21:48:06 2022
step 45547500, will finish Mon May  2 21:48:11 2022
imb F  7% pme/F 2.29 step 45547600, will finish Mon May  2 21:48:09 2022
step 45547700, will finish Mon May  2 21:48:07 2022
step 45547800, will finish Mon May  2 21:48:05 2022
step 45547900, will finish Mon May  2 21:48:02 2022
imb F  7% pme/F 1.09 step 45548000, will finish Mon May  2 21:48:00 2022
step 45548100, will finish Mon May  2 21:47:58 2022
step 45548200, will finish Mon May  2 21:47:57 2022
step 45548300, will finish Mon May  2 21:47:56 2022
imb F  9% pme/F 1.69 step 45548400, will finish Mon May  2 21:47:53 2022
step 45548500, will finish Mon May  2 21:47:51 2022
step 45548600, will finish Mon May  2 21:47:49 2022
step 45548700, will finish Mon May  2 21:47:58 2022
imb F 30% pme/F 0.28 step 45548800, will finish Mon May  2 21:47:58 2022
step 45548900, will finish Mon May  2 21:47:56 2022
step 45549000, will finish Mon May  2 21:47:54 2022
step 45549100, will finish Mon May  2 21:47:51 2022
imb F 38% pme/F 3.82 step 45549200, will finish Mon May  2 21:47:53 2022
step 45549300, will finish Mon May  2 21:47:51 2022
step 45549400, will finish Mon May  2 21:47:49 2022
step 45549500, will finish Mon May  2 21:47:49 2022
imb F 82% pme/F 0.23 step 45549600, will finish Mon May  2 21:47:47 2022
step 45549700, will finish Mon May  2 21:47:44 2022
step 45549800, will finish Mon May  2 21:47:42 2022
step 45549900, will finish Mon May  2 21:47:44 2022
imb F  4% pme/F 1.73 step 45550000, will finish Mon May  2 21:47:42 2022
step 45550100, will finish Mon May  2 21:47:40 2022
step 45550200, will finish Mon May  2 21:47:37 2022
step 45550300, will finish Mon May  2 21:47:35 2022
imb F 19% pme/F 0.97 step 45550400, will finish Mon May  2 21:47:33 2022
step 45550500, will finish Mon May  2 21:47:31 2022
step 45550600, will finish Mon May  2 21:47:37 2022
step 45550700, will finish Mon May  2 21:47:38 2022
imb F 81% pme/F 0.24 step 45550800, will finish Mon May  2 21:47:36 2022
step 45550900, will finish Mon May  2 21:47:34 2022
step 45551000, will finish Mon May  2 21:47:32 2022
step 45551100, will finish Mon May  2 21:47:30 2022
imb F 48% pme/F 0.36 step 45551200, will finish Mon May  2 21:47:28 2022
step 45551300, will finish Mon May  2 21:47:27 2022
step 45551400, will finish Mon May  2 21:47:25 2022
step 45551500, will finish Mon May  2 21:47:23 2022
imb F  4% pme/F 1.68 step 45551600, will finish Mon May  2 21:47:21 2022
step 45551700, will finish Mon May  2 21:47:19 2022
step 45551800, will finish Mon May  2 21:47:22 2022
step 45551900, will finish Mon May  2 21:47:20 2022
imb F 34% pme/F 0.36 step 45552000, will finish Mon May  2 21:47:18 2022
step 45552100, will finish Mon May  2 21:47:16 2022
step 45552200, will finish Mon May  2 21:47:14 2022
step 45552300, will finish Mon May  2 21:47:11 2022
imb F 72% pme/F 0.28 step 45552400, will finish Mon May  2 21:47:09 2022
step 45552500, will finish Mon May  2 21:47:09 2022
step 45552600, will finish Mon May  2 21:47:07 2022
step 45552700, will finish Mon May  2 21:47:05 2022
imb F 43% pme/F 0.32 step 45552800, will finish Mon May  2 21:47:03 2022
step 45552900, will finish Mon May  2 21:47:05 2022
step 45553000, will finish Mon May  2 21:47:02 2022
step 45553100, will finish Mon May  2 21:47:00 2022
imb F 21% pme/F 0.17 step 45553200, will finish Mon May  2 21:47:02 2022
step 45553300, will finish Mon May  2 21:46:59 2022
step 45553400, will finish Mon May  2 21:46:59 2022
step 45553500, will finish Mon May  2 21:46:57 2022
imb F 68% pme/F 0.28 step 45553600, will finish Mon May  2 21:46:55 2022
step 45553700, will finish Mon May  2 21:47:10 2022
step 45553800, will finish Mon May  2 21:47:08 2022
step 45553900, will finish Mon May  2 21:47:06 2022
imb F  5% pme/F 1.12 step 45554000, will finish Mon May  2 21:47:03 2022
step 45554100, will finish Mon May  2 21:47:01 2022
step 45554200, will finish Mon May  2 21:46:59 2022
step 45554300, will finish Mon May  2 21:46:57 2022
imb F  5% pme/F 1.74 step 45554400, will finish Mon May  2 21:46:54 2022
step 45554500, will finish Mon May  2 21:46:52 2022
step 45554600, will finish Mon May  2 21:46:50 2022
step 45554700, will finish Mon May  2 21:46:50 2022
imb F 77% pme/F 0.30 step 45554800, will finish Mon May  2 21:46:48 2022
step 45554900, will finish Mon May  2 21:46:48 2022
step 45555000, will finish Mon May  2 21:46:45 2022
step 45555100, will finish Mon May  2 21:46:43 2022
imb F 33% pme/F 3.42 step 45555200, will finish Mon May  2 21:46:55 2022
step 45555300, will finish Mon May  2 21:47:00 2022
step 45555400, will finish Mon May  2 21:46:58 2022
step 45555500, will finish Mon May  2 21:46:56 2022
imb F 92% pme/F 0.24 step 45555600, will finish Mon May  2 21:46:53 2022
step 45555700, will finish Mon May  2 21:46:55 2022
step 45555800, will finish Mon May  2 21:46:53 2022
step 45555900, will finish Mon May  2 21:46:51 2022
imb F 32% pme/F 0.89 step 45556000, will finish Mon May  2 21:46:56 2022
step 45556100, will finish Mon May  2 21:46:54 2022
step 45556200, will finish Mon May  2 21:46:52 2022
step 45556300, will finish Mon May  2 21:46:50 2022
imb F 28% pme/F 0.28 step 45556400, will finish Mon May  2 21:46:48 2022
step 45556500, will finish Mon May  2 21:46:45 2022
step 45556600, will finish Mon May  2 21:46:43 2022
step 45556700, will finish Mon May  2 21:46:41 2022
imb F 29% pme/F 0.32 step 45556800, will finish Mon May  2 21:46:38 2022
step 45556900, will finish Mon May  2 21:46:36 2022
step 45557000, will finish Mon May  2 21:46:34 2022
step 45557100, will finish Mon May  2 21:46:32 2022
imb F 38% pme/F 9.05 step 45557200, will finish Mon May  2 21:46:41 2022
step 45557300, will finish Mon May  2 21:46:41 2022
step 45557400, will finish Mon May  2 21:46:39 2022
step 45557500, will finish Mon May  2 21:46:36 2022
imb F 88% pme/F 0.25 step 45557600, will finish Mon May  2 21:46:34 2022
step 45557700, will finish Mon May  2 21:46:32 2022
step 45557800, will finish Mon May  2 21:46:30 2022
step 45557900, will finish Mon May  2 21:46:28 2022
imb F  7% pme/F 1.75 step 45558000, will finish Mon May  2 21:46:26 2022
step 45558100, will finish Mon May  2 21:46:23 2022
step 45558200, will finish Mon May  2 21:46:25 2022
step 45558300, will finish Mon May  2 21:46:23 2022
imb F 55% pme/F 0.28 step 45558400, will finish Mon May  2 21:46:21 2022
step 45558500, will finish Mon May  2 21:46:28 2022
step 45558600, will finish Mon May  2 21:46:26 2022
step 45558700, will finish Mon May  2 21:46:36 2022
imb F  5% pme/F 1.71 step 45558800, will finish Mon May  2 21:46:34 2022
step 45558900, will finish Mon May  2 21:46:31 2022
step 45559000, will finish Mon May  2 21:46:29 2022
step 45559100, will finish Mon May  2 21:46:27 2022
imb F 39% pme/F 15.78 step 45559200, will finish Mon May  2 21:46:31 2022
step 45559300, will finish Mon May  2 21:46:29 2022
step 45559400, will finish Mon May  2 21:46:26 2022
step 45559500, will finish Mon May  2 21:46:43 2022
imb F 55% pme/F 0.34 step 45559600, will finish Mon May  2 21:46:41 2022
step 45559700, will finish Mon May  2 21:46:39 2022
step 45559800, will finish Mon May  2 21:46:37 2022
step 45559900, will finish Mon May  2 21:46:34 2022
imb F 44% pme/F 0.31 step 45560000, will finish Mon May  2 21:46:32 2022
step 45560100, will finish Mon May  2 21:46:30 2022
step 45560200, will finish Mon May  2 21:46:28 2022
step 45560300, will finish Mon May  2 21:46:26 2022
imb F 50% pme/F 0.27 step 45560400, will finish Mon May  2 21:46:24 2022
step 45560500, will finish Mon May  2 21:46:31 2022
step 45560600, will finish Mon May  2 21:46:29 2022
step 45560700, will finish Mon May  2 21:46:27 2022
imb F  6% pme/F 0.92 step 45560800, will finish Mon May  2 21:46:24 2022
step 45560900, will finish Mon May  2 21:46:22 2022
step 45561000, will finish Mon May  2 21:46:24 2022
step 45561100, will finish Mon May  2 21:46:22 2022
imb F  5% pme/F 1.77 step 45561200, will finish Mon May  2 21:46:20 2022
step 45561300, will finish Mon May  2 21:46:25 2022
step 45561400, will finish Mon May  2 21:46:23 2022
step 45561500, will finish Mon May  2 21:46:37 2022
imb F 48% pme/F 0.32 step 45561600, will finish Mon May  2 21:46:34 2022
step 45561700, will finish Mon May  2 21:46:32 2022
step 45561800, will finish Mon May  2 21:46:30 2022
step 45561900, will finish Mon May  2 21:46:28 2022
imb F 50% pme/F 0.32 step 45562000, will finish Mon May  2 21:46:25 2022
step 45562100, will finish Mon May  2 21:46:23 2022
step 45562200, will finish Mon May  2 21:46:21 2022
step 45562300, will finish Mon May  2 21:46:23 2022
imb F 61% pme/F 0.29 step 45562400, will finish Mon May  2 21:46:21 2022
step 45562500, will finish Mon May  2 21:46:19 2022
step 45562600, will finish Mon May  2 21:46:16 2022
step 45562700, will finish Mon May  2 21:46:14 2022
imb F  2% pme/F 1.64 step 45562800, will finish Mon May  2 21:46:12 2022
step 45562900, will finish Mon May  2 21:46:10 2022
step 45563000, will finish Mon May  2 21:46:07 2022
step 45563100, will finish Mon May  2 21:46:05 2022
imb F  7% pme/F 1.72 step 45563200, will finish Mon May  2 21:46:03 2022
step 45563300, will finish Mon May  2 21:46:04 2022
step 45563400, will finish Mon May  2 21:46:02 2022
step 45563500, will finish Mon May  2 21:46:00 2022
imb F  4% pme/F 1.22 step 45563600, will finish Mon May  2 21:45:58 2022
step 45563700, will finish Mon May  2 21:45:55 2022
step 45563800, will finish Mon May  2 21:45:53 2022
step 45563900, will finish Mon May  2 21:45:51 2022
imb F  4% pme/F 1.67 step 45564000, will finish Mon May  2 21:45:49 2022
step 45564100, will finish Mon May  2 21:46:05 2022
step 45564200, will finish Mon May  2 21:46:09 2022
step 45564300, will finish Mon May  2 21:46:07 2022
imb F 24% pme/F 3.52 step 45564400, will finish Mon May  2 21:46:16 2022
step 45564500, will finish Mon May  2 21:46:29 2022
step 45564600, will finish Mon May  2 21:46:27 2022
step 45564700, will finish Mon May  2 21:46:25 2022
imb F 53% pme/F 0.31 step 45564800, will finish Mon May  2 21:46:23 2022
step 45564900, will finish Mon May  2 21:46:21 2022
step 45565000, will finish Mon May  2 21:46:19 2022
step 45565100, will finish Mon May  2 21:46:17 2022
imb F 46% pme/F 14.66 step 45565200, will finish Mon May  2 21:46:20 2022
step 45565300, will finish Mon May  2 21:46:18 2022
step 45565400, will finish Mon May  2 21:46:16 2022
step 45565500, will finish Mon May  2 21:46:13 2022
imb F 80% pme/F 0.25 step 45565600, will finish Mon May  2 21:46:11 2022
step 45565700, will finish Mon May  2 21:46:11 2022
step 45565800, will finish Mon May  2 21:46:09 2022
step 45565900, will finish Mon May  2 21:46:10 2022
imb F 87% pme/F 0.24 step 45566000, will finish Mon May  2 21:46:09 2022
step 45566100, will finish Mon May  2 21:46:07 2022
step 45566200, will finish Mon May  2 21:46:10 2022
step 45566300, will finish Mon May  2 21:46:08 2022
imb F  6% pme/F 0.68 step 45566400, will finish Mon May  2 21:46:06 2022
step 45566500, will finish Mon May  2 21:46:04 2022
step 45566600, will finish Mon May  2 21:46:01 2022
step 45566700, will finish Mon May  2 21:45:59 2022
imb F  8% pme/F 1.89 step 45566800, will finish Mon May  2 21:45:57 2022
step 45566900, will finish Mon May  2 21:46:01 2022
step 45567000, will finish Mon May  2 21:46:00 2022
step 45567100, will finish Mon May  2 21:45:58 2022
imb F  5% pme/F 1.32 step 45567200, will finish Mon May  2 21:45:55 2022
step 45567300, will finish Mon May  2 21:45:53 2022
step 45567400, will finish Mon May  2 21:45:51 2022
step 45567500, will finish Mon May  2 21:45:49 2022
imb F  8% pme/F 1.76 step 45567600, will finish Mon May  2 21:45:47 2022
step 45567700, will finish Mon May  2 21:45:45 2022
step 45567800, will finish Mon May  2 21:45:43 2022
step 45567900, will finish Mon May  2 21:45:40 2022
imb F  3% pme/F 1.79 step 45568000, will finish Mon May  2 21:45:38 2022
step 45568100, will finish Mon May  2 21:45:36 2022
step 45568200, will finish Mon May  2 21:45:36 2022
step 45568300, will finish Mon May  2 21:45:34 2022
imb F  6% pme/F 1.45 step 45568400, will finish Mon May  2 21:45:31 2022
step 45568500, will finish Mon May  2 21:45:29 2022
step 45568600, will finish Mon May  2 21:45:27 2022
step 45568700, will finish Mon May  2 21:45:25 2022
imb F  5% pme/F 1.54 step 45568800, will finish Mon May  2 21:45:23 2022
step 45568900, will finish Mon May  2 21:45:21 2022
step 45569000, will finish Mon May  2 21:45:18 2022
step 45569100, will finish Mon May  2 21:45:16 2022
imb F 68% pme/F 0.30 step 45569200, will finish Mon May  2 21:45:20 2022
step 45569300, will finish Mon May  2 21:45:18 2022
step 45569400, will finish Mon May  2 21:45:15 2022
step 45569500, will finish Mon May  2 21:45:13 2022
imb F  6% pme/F 1.70 step 45569600, will finish Mon May  2 21:45:11 2022
step 45569700, will finish Mon May  2 21:45:09 2022
step 45569800, will finish Mon May  2 21:45:07 2022
step 45569900, will finish Mon May  2 21:45:05 2022
imb F 74% pme/F 0.27 step 45570000, will finish Mon May  2 21:45:03 2022
step 45570100, will finish Mon May  2 21:45:01 2022
step 45570200, will finish Mon May  2 21:44:58 2022
step 45570300, will finish Mon May  2 21:44:56 2022
imb F  5% pme/F 1.69 step 45570400, will finish Mon May  2 21:44:54 2022
step 45570500, will finish Mon May  2 21:44:52 2022
step 45570600, will finish Mon May  2 21:44:50 2022
step 45570700, will finish Mon May  2 21:44:47 2022
imb F 64% pme/F 0.25 step 45570800, will finish Mon May  2 21:44:46 2022
step 45570900, will finish Mon May  2 21:44:43 2022
step 45571000, will finish Mon May  2 21:44:41 2022
step 45571100, will finish Mon May  2 21:44:39 2022
imb F 35% pme/F 0.32 step 45571200, will finish Mon May  2 21:44:37 2022
step 45571300, will finish Mon May  2 21:44:35 2022
step 45571400, will finish Mon May  2 21:44:33 2022
step 45571500, will finish Mon May  2 21:44:35 2022
imb F 42% pme/F 0.27 step 45571600, will finish Mon May  2 21:44:32 2022
step 45571700, will finish Mon May  2 21:44:30 2022
step 45571800, will finish Mon May  2 21:44:28 2022
step 45571900, will finish Mon May  2 21:44:26 2022
imb F 19% pme/F 0.28 step 45572000, will finish Mon May  2 21:44:30 2022
step 45572100, will finish Mon May  2 21:44:28 2022
step 45572200, will finish Mon May  2 21:44:25 2022
step 45572300, will finish Mon May  2 21:44:23 2022
imb F  6% pme/F 1.82 step 45572400, will finish Mon May  2 21:44:21 2022
step 45572500, will finish Mon May  2 21:44:19 2022
step 45572600, will finish Mon May  2 21:44:16 2022
step 45572700, will finish Mon May  2 21:44:14 2022
imb F 10% pme/F 0.77 step 45572800, will finish Mon May  2 21:44:12 2022
step 45572900, will finish Mon May  2 21:44:10 2022
step 45573000, will finish Mon May  2 21:44:14 2022
step 45573100, will finish Mon May  2 21:44:33 2022
imb F 48% pme/F 0.35 step 45573200, will finish Mon May  2 21:44:33 2022
step 45573300, will finish Mon May  2 21:44:31 2022
step 45573400, will finish Mon May  2 21:44:29 2022
step 45573500, will finish Mon May  2 21:44:27 2022
imb F  5% pme/F 1.91 step 45573600, will finish Mon May  2 21:44:24 2022
step 45573700, will finish Mon May  2 21:44:32 2022
step 45573800, will finish Mon May  2 21:44:30 2022
step 45573900, will finish Mon May  2 21:44:28 2022
imb F 59% pme/F 0.26 step 45574000, will finish Mon May  2 21:44:26 2022
step 45574100, will finish Mon May  2 21:44:23 2022
step 45574200, will finish Mon May  2 21:44:21 2022
step 45574300, will finish Mon May  2 21:44:19 2022
imb F 54% pme/F 0.28 step 45574400, will finish Mon May  2 21:44:17 2022
step 45574500, will finish Mon May  2 21:44:15 2022
step 45574600, will finish Mon May  2 21:44:14 2022
step 45574700, will finish Mon May  2 21:44:12 2022
imb F 52% pme/F 0.34 step 45574800, will finish Mon May  2 21:44:10 2022
step 45574900, will finish Mon May  2 21:44:08 2022
step 45575000, will finish Mon May  2 21:44:06 2022
step 45575100, will finish Mon May  2 21:44:03 2022
imb F 25% pme/F 3.22 step 45575200, will finish Mon May  2 21:44:04 2022
step 45575300, will finish Mon May  2 21:44:01 2022
step 45575400, will finish Mon May  2 21:43:59 2022
step 45575500, will finish Mon May  2 21:43:57 2022
imb F 35% pme/F 1.10 step 45575600, will finish Mon May  2 21:44:01 2022
step 45575700, will finish Mon May  2 21:44:13 2022
step 45575800, will finish Mon May  2 21:44:11 2022
step 45575900, will finish Mon May  2 21:44:09 2022
imb F 31% pme/F 0.15 step 45576000, will finish Mon May  2 21:44:08 2022
step 45576100, will finish Mon May  2 21:44:06 2022
step 45576200, will finish Mon May  2 21:44:04 2022
step 45576300, will finish Mon May  2 21:44:02 2022
imb F 95% pme/F 0.35 step 45576400, will finish Mon May  2 21:44:00 2022
step 45576500, will finish Mon May  2 21:43:58 2022
step 45576600, will finish Mon May  2 21:43:55 2022
step 45576700, will finish Mon May  2 21:43:53 2022
imb F 57% pme/F 0.31 step 45576800, will finish Mon May  2 21:43:51 2022
step 45576900, will finish Mon May  2 21:43:49 2022
step 45577000, will finish Mon May  2 21:43:48 2022
step 45577100, will finish Mon May  2 21:43:46 2022
imb F 27% pme/F 3.82 step 45577200, will finish Mon May  2 21:43:47 2022
step 45577300, will finish Mon May  2 21:43:45 2022
step 45577400, will finish Mon May  2 21:43:43 2022
step 45577500, will finish Mon May  2 21:43:41 2022
imb F  7% pme/F 1.99 step 45577600, will finish Mon May  2 21:43:38 2022
step 45577700, will finish Mon May  2 21:43:37 2022
step 45577800, will finish Mon May  2 21:43:35 2022
step 45577900, will finish Mon May  2 21:43:35 2022
imb F 78% pme/F 0.25 step 45578000, will finish Mon May  2 21:43:33 2022
step 45578100, will finish Mon May  2 21:43:30 2022
step 45578200, will finish Mon May  2 21:43:28 2022
step 45578300, will finish Mon May  2 21:43:26 2022
imb F  5% pme/F 1.81 step 45578400, will finish Mon May  2 21:43:24 2022
step 45578500, will finish Mon May  2 21:43:26 2022
step 45578600, will finish Mon May  2 21:43:24 2022
step 45578700, will finish Mon May  2 21:43:22 2022
imb F 15% pme/F 0.36 step 45578800, will finish Mon May  2 21:43:29 2022
step 45578900, will finish Mon May  2 21:43:27 2022
step 45579000, will finish Mon May  2 21:43:25 2022
step 45579100, will finish Mon May  2 21:43:34 2022
imb F  6% pme/F 1.73 step 45579200, will finish Mon May  2 21:43:32 2022
step 45579300, will finish Mon May  2 21:43:29 2022
step 45579400, will finish Mon May  2 21:43:27 2022
step 45579500, will finish Mon May  2 21:43:25 2022
imb F 65% pme/F 0.25 step 45579600, will finish Mon May  2 21:43:23 2022
step 45579700, will finish Mon May  2 21:43:21 2022
step 45579800, will finish Mon May  2 21:43:19 2022
step 45579900, will finish Mon May  2 21:43:17 2022
imb F 38% pme/F 2.71 step 45580000, will finish Mon May  2 21:43:23 2022
step 45580100, will finish Mon May  2 21:43:20 2022
step 45580200, will finish Mon May  2 21:43:18 2022
step 45580300, will finish Mon May  2 21:43:42 2022
imb F 45% pme/F 2.17 step 45580400, will finish Mon May  2 21:43:44 2022
step 45580500, will finish Mon May  2 21:43:42 2022
step 45580600, will finish Mon May  2 21:43:40 2022
step 45580700, will finish Mon May  2 21:43:38 2022
imb F 42% pme/F 0.28 step 45580800, will finish Mon May  2 21:43:36 2022
step 45580900, will finish Mon May  2 21:43:34 2022
step 45581000, will finish Mon May  2 21:43:32 2022
step 45581100, will finish Mon May  2 21:43:29 2022
imb F  2% pme/F 1.70 step 45581200, will finish Mon May  2 21:43:27 2022
step 45581300, will finish Mon May  2 21:43:29 2022
step 45581400, will finish Mon May  2 21:43:27 2022
step 45581500, will finish Mon May  2 21:43:25 2022
imb F 29% pme/F 0.41 step 45581600, will finish Mon May  2 21:43:23 2022
step 45581700, will finish Mon May  2 21:43:20 2022
step 45581800, will finish Mon May  2 21:43:19 2022
step 45581900, will finish Mon May  2 21:43:17 2022
imb F 22% pme/F 0.85 step 45582000, will finish Mon May  2 21:43:18 2022
step 45582100, will finish Mon May  2 21:43:16 2022
step 45582200, will finish Mon May  2 21:43:14 2022
step 45582300, will finish Mon May  2 21:43:12 2022
imb F 50% pme/F 0.26 step 45582400, will finish Mon May  2 21:43:10 2022
step 45582500, will finish Mon May  2 21:43:13 2022
step 45582600, will finish Mon May  2 21:43:11 2022
step 45582700, will finish Mon May  2 21:43:09 2022
imb F 20% pme/F 1.26 step 45582800, will finish Mon May  2 21:43:24 2022
step 45582900, will finish Mon May  2 21:43:31 2022
step 45583000, will finish Mon May  2 21:43:29 2022
step 45583100, will finish Mon May  2 21:43:27 2022
imb F 73% pme/F 0.26 step 45583200, will finish Mon May  2 21:43:25 2022
step 45583300, will finish Mon May  2 21:43:31 2022
step 45583400, will finish Mon May  2 21:43:30 2022
step 45583500, will finish Mon May  2 21:43:28 2022
imb F  7% pme/F 0.94 step 45583600, will finish Mon May  2 21:43:26 2022
step 45583700, will finish Mon May  2 21:43:24 2022
step 45583800, will finish Mon May  2 21:43:22 2022
step 45583900, will finish Mon May  2 21:43:19 2022
imb F 73% pme/F 0.26 step 45584000, will finish Mon May  2 21:43:17 2022
step 45584100, will finish Mon May  2 21:43:15 2022
step 45584200, will finish Mon May  2 21:43:13 2022
step 45584300, will finish Mon May  2 21:43:17 2022
imb F  4% pme/F 1.79 step 45584400, will finish Mon May  2 21:43:15 2022
step 45584500, will finish Mon May  2 21:43:12 2022
step 45584600, will finish Mon May  2 21:43:12 2022
step 45584700, will finish Mon May  2 21:43:10 2022
imb F  9% pme/F 0.66 step 45584800, will finish Mon May  2 21:43:12 2022
step 45584900, will finish Mon May  2 21:43:10 2022
step 45585000, will finish Mon May  2 21:43:08 2022
step 45585100, will finish Mon May  2 21:43:06 2022
imb F 81% pme/F 0.25 step 45585200, will finish Mon May  2 21:43:04 2022
step 45585300, will finish Mon May  2 21:43:03 2022
step 45585400, will finish Mon May  2 21:43:01 2022
step 45585500, will finish Mon May  2 21:43:16 2022
imb F 27% pme/F 2.88 step 45585600, will finish Mon May  2 21:43:18 2022
step 45585700, will finish Mon May  2 21:43:15 2022
step 45585800, will finish Mon May  2 21:43:13 2022
step 45585900, will finish Mon May  2 21:43:11 2022
imb F  4% pme/F 1.83 step 45586000, will finish Mon May  2 21:43:09 2022
step 45586100, will finish Mon May  2 21:43:09 2022
step 45586200, will finish Mon May  2 21:43:07 2022
step 45586300, will finish Mon May  2 21:43:05 2022
imb F 46% pme/F 0.28 step 45586400, will finish Mon May  2 21:43:03 2022
step 45586500, will finish Mon May  2 21:43:01 2022
step 45586600, will finish Mon May  2 21:42:59 2022
step 45586700, will finish Mon May  2 21:42:57 2022
imb F  6% pme/F 1.95 step 45586800, will finish Mon May  2 21:42:55 2022
step 45586900, will finish Mon May  2 21:42:52 2022
step 45587000, will finish Mon May  2 21:42:54 2022
step 45587100, will finish Mon May  2 21:42:52 2022
imb F 34% pme/F 0.29 step 45587200, will finish Mon May  2 21:42:52 2022
step 45587300, will finish Mon May  2 21:42:50 2022
step 45587400, will finish Mon May  2 21:42:48 2022
step 45587500, will finish Mon May  2 21:42:51 2022
imb F  6% pme/F 1.59 step 45587600, will finish Mon May  2 21:42:49 2022
step 45587700, will finish Mon May  2 21:42:46 2022
step 45587800, will finish Mon May  2 21:42:46 2022
step 45587900, will finish Mon May  2 21:42:44 2022
imb F  5% pme/F 0.48 step 45588000, will finish Mon May  2 21:42:42 2022
step 45588100, will finish Mon May  2 21:42:40 2022
step 45588200, will finish Mon May  2 21:42:38 2022
step 45588300, will finish Mon May  2 21:42:36 2022
imb F 62% pme/F 0.28 step 45588400, will finish Mon May  2 21:42:34 2022
step 45588500, will finish Mon May  2 21:42:32 2022
step 45588600, will finish Mon May  2 21:42:30 2022
step 45588700, will finish Mon May  2 21:42:27 2022
imb F 54% pme/F 0.37 step 45588800, will finish Mon May  2 21:42:25 2022
step 45588900, will finish Mon May  2 21:42:24 2022
step 45589000, will finish Mon May  2 21:42:24 2022
step 45589100, will finish Mon May  2 21:42:22 2022
imb F 59% pme/F 0.28 step 45589200, will finish Mon May  2 21:42:20 2022
step 45589300, will finish Mon May  2 21:42:18 2022
step 45589400, will finish Mon May  2 21:42:16 2022
step 45589500, will finish Mon May  2 21:42:13 2022
imb F 41% pme/F 0.38 step 45589600, will finish Mon May  2 21:42:11 2022
step 45589700, will finish Mon May  2 21:42:09 2022
step 45589800, will finish Mon May  2 21:42:07 2022
step 45589900, will finish Mon May  2 21:42:05 2022
imb F 51% pme/F 1.83 step 45590000, will finish Mon May  2 21:42:05 2022
step 45590100, will finish Mon May  2 21:42:03 2022
step 45590200, will finish Mon May  2 21:42:01 2022
step 45590300, will finish Mon May  2 21:41:59 2022
imb F  4% pme/F 1.75 step 45590400, will finish Mon May  2 21:41:57 2022
step 45590500, will finish Mon May  2 21:42:04 2022
step 45590600, will finish Mon May  2 21:42:02 2022
step 45590700, will finish Mon May  2 21:42:02 2022
imb F 37% pme/F 0.25 step 45590800, will finish Mon May  2 21:42:00 2022
step 45590900, will finish Mon May  2 21:41:58 2022
step 45591000, will finish Mon May  2 21:41:56 2022
step 45591100, will finish Mon May  2 21:41:54 2022
imb F 71% pme/F 0.31 step 45591200, will finish Mon May  2 21:41:52 2022
step 45591300, will finish Mon May  2 21:41:50 2022
step 45591400, will finish Mon May  2 21:41:48 2022
step 45591500, will finish Mon May  2 21:41:52 2022
imb F 27% pme/F 0.45 step 45591600, will finish Mon May  2 21:41:50 2022
step 45591700, will finish Mon May  2 21:41:48 2022
step 45591800, will finish Mon May  2 21:41:46 2022
step 45591900, will finish Mon May  2 21:41:44 2022
imb F 34% pme/F 2.74 step 45592000, will finish Mon May  2 21:41:44 2022
step 45592100, will finish Mon May  2 21:41:42 2022
step 45592200, will finish Mon May  2 21:41:39 2022
step 45592300, will finish Mon May  2 21:41:37 2022
imb F 92% pme/F 0.25 step 45592400, will finish Mon May  2 21:41:35 2022
step 45592500, will finish Mon May  2 21:41:33 2022
step 45592600, will finish Mon May  2 21:41:31 2022
step 45592700, will finish Mon May  2 21:41:28 2022
imb F  2% pme/F 0.48 step 45592800, will finish Mon May  2 21:41:26 2022
step 45592900, will finish Mon May  2 21:41:24 2022
step 45593000, will finish Mon May  2 21:41:22 2022
step 45593100, will finish Mon May  2 21:41:20 2022
imb F 98% pme/F 0.22 step 45593200, will finish Mon May  2 21:41:18 2022
step 45593300, will finish Mon May  2 21:41:27 2022
step 45593400, will finish Mon May  2 21:41:25 2022
step 45593500, will finish Mon May  2 21:41:23 2022
imb F 44% pme/F 0.33 step 45593600, will finish Mon May  2 21:41:20 2022
step 45593700, will finish Mon May  2 21:41:18 2022
step 45593800, will finish Mon May  2 21:41:23 2022
step 45593900, will finish Mon May  2 21:41:23 2022
imb F 47% pme/F 0.28 step 45594000, will finish Mon May  2 21:41:21 2022
step 45594100, will finish Mon May  2 21:41:21 2022
step 45594200, will finish Mon May  2 21:41:19 2022
step 45594300, will finish Mon May  2 21:41:17 2022
imb F 64% pme/F 0.34 step 45594400, will finish Mon May  2 21:41:15 2022
step 45594500, will finish Mon May  2 21:41:14 2022
step 45594600, will finish Mon May  2 21:41:13 2022
step 45594700, will finish Mon May  2 21:41:11 2022
imb F 39% pme/F 5.09 step 45594800, will finish Mon May  2 21:41:12 2022
step 45594900, will finish Mon May  2 21:41:10 2022
step 45595000, will finish Mon May  2 21:41:08 2022
step 45595100, will finish Mon May  2 21:41:06 2022
imb F  8% pme/F 1.55 step 45595200, will finish Mon May  2 21:41:04 2022
step 45595300, will finish Mon May  2 21:41:03 2022
step 45595400, will finish Mon May  2 21:41:01 2022
step 45595500, will finish Mon May  2 21:40:59 2022
imb F 17% pme/F 0.40 step 45595600, will finish Mon May  2 21:40:57 2022
step 45595700, will finish Mon May  2 21:40:55 2022
step 45595800, will finish Mon May  2 21:40:53 2022
step 45595900, will finish Mon May  2 21:40:51 2022
imb F 23% pme/F 1.87 step 45596000, will finish Mon May  2 21:40:57 2022
step 45596100, will finish Mon May  2 21:40:54 2022
step 45596200, will finish Mon May  2 21:40:53 2022
step 45596300, will finish Mon May  2 21:40:50 2022
imb F 64% pme/F 0.36 step 45596400, will finish Mon May  2 21:40:48 2022
step 45596500, will finish Mon May  2 21:40:57 2022
step 45596600, will finish Mon May  2 21:40:55 2022
step 45596700, will finish Mon May  2 21:40:53 2022
imb F 16% pme/F 0.21 step 45596800, will finish Mon May  2 21:40:58 2022
step 45596900, will finish Mon May  2 21:40:56 2022
step 45597000, will finish Mon May  2 21:40:56 2022
step 45597100, will finish Mon May  2 21:40:54 2022
imb F  8% pme/F 1.73 step 45597200, will finish Mon May  2 21:40:52 2022
step 45597300, will finish Mon May  2 21:40:50 2022
step 45597400, will finish Mon May  2 21:40:48 2022
step 45597500, will finish Mon May  2 21:40:46 2022
imb F 80% pme/F 0.28 step 45597600, will finish Mon May  2 21:40:44 2022
step 45597700, will finish Mon May  2 21:40:42 2022
step 45597800, will finish Mon May  2 21:40:42 2022
step 45597900, will finish Mon May  2 21:40:40 2022
imb F  5% pme/F 1.52 step 45598000, will finish Mon May  2 21:40:38 2022
step 45598100, will finish Mon May  2 21:40:36 2022
step 45598200, will finish Mon May  2 21:40:34 2022
step 45598300, will finish Mon May  2 21:40:32 2022
imb F 16% pme/F 0.47 step 45598400, will finish Mon May  2 21:40:29 2022
step 45598500, will finish Mon May  2 21:40:27 2022
step 45598600, will finish Mon May  2 21:40:25 2022
step 45598700, will finish Mon May  2 21:40:23 2022
imb F  1% pme/F 1.80 step 45598800, will finish Mon May  2 21:40:21 2022
step 45598900, will finish Mon May  2 21:40:21 2022
step 45599000, will finish Mon May  2 21:40:19 2022
step 45599100, will finish Mon May  2 21:40:17 2022
imb F 35% pme/F 0.36 step 45599200, will finish Mon May  2 21:40:14 2022
step 45599300, will finish Mon May  2 21:40:13 2022
step 45599400, will finish Mon May  2 21:40:10 2022
step 45599500, will finish Mon May  2 21:40:09 2022
imb F 17% pme/F 0.44 step 45599600, will finish Mon May  2 21:40:10 2022
step 45599700, will finish Mon May  2 21:40:08 2022
step 45599800, will finish Mon May  2 21:40:06 2022
step 45599900, will finish Mon May  2 21:40:04 2022
imb F 77% pme/F 0.26 step 45600000, will finish Mon May  2 21:40:02 2022
step 45600100, will finish Mon May  2 21:40:02 2022
step 45600200, will finish Mon May  2 21:40:00 2022
step 45600300, will finish Mon May  2 21:40:03 2022
imb F 71% pme/F 0.29 step 45600400, will finish Mon May  2 21:40:01 2022
step 45600500, will finish Mon May  2 21:39:59 2022
step 45600600, will finish Mon May  2 21:39:57 2022
step 45600700, will finish Mon May  2 21:39:55 2022
imb F 50% pme/F 0.33 step 45600800, will finish Mon May  2 21:39:53 2022
step 45600900, will finish Mon May  2 21:39:51 2022
step 45601000, will finish Mon May  2 21:39:49 2022
step 45601100, will finish Mon May  2 21:39:47 2022
imb F  1% pme/F 1.71 step 45601200, will finish Mon May  2 21:39:45 2022
step 45601300, will finish Mon May  2 21:39:42 2022
step 45601400, will finish Mon May  2 21:39:40 2022
step 45601500, will finish Mon May  2 21:39:38 2022
imb F  8% pme/F 1.09 step 45601600, will finish Mon May  2 21:39:36 2022
step 45601700, will finish Mon May  2 21:39:34 2022
step 45601800, will finish Mon May  2 21:39:34 2022
step 45601900, will finish Mon May  2 21:39:32 2022
imb F 28% pme/F 4.52 step 45602000, will finish Mon May  2 21:39:31 2022
step 45602100, will finish Mon May  2 21:39:43 2022
step 45602200, will finish Mon May  2 21:39:41 2022
step 45602300, will finish Mon May  2 21:39:38 2022
imb F  4% pme/F 1.56 step 45602400, will finish Mon May  2 21:39:36 2022
step 45602500, will finish Mon May  2 21:39:34 2022
step 45602600, will finish Mon May  2 21:39:34 2022
step 45602700, will finish Mon May  2 21:39:32 2022
imb F 15% pme/F 0.41 step 45602800, will finish Mon May  2 21:39:30 2022
step 45602900, will finish Mon May  2 21:39:28 2022
step 45603000, will finish Mon May  2 21:39:29 2022
step 45603100, will finish Mon May  2 21:39:31 2022
imb F 72% pme/F 0.25 step 45603200, will finish Mon May  2 21:39:29 2022
step 45603300, will finish Mon May  2 21:39:27 2022
step 45603400, will finish Mon May  2 21:39:25 2022
step 45603500, will finish Mon May  2 21:39:27 2022
imb F 25% pme/F 0.14 step 45603600, will finish Mon May  2 21:39:30 2022
step 45603700, will finish Mon May  2 21:39:28 2022
step 45603800, will finish Mon May  2 21:39:33 2022
step 45603900, will finish Mon May  2 21:39:39 2022
imb F 30% pme/F 0.28 step 45604000, will finish Mon May  2 21:39:37 2022
step 45604100, will finish Mon May  2 21:39:39 2022
step 45604200, will finish Mon May  2 21:39:38 2022
step 45604300, will finish Mon May  2 21:39:36 2022
imb F 46% pme/F 2.68 step 45604400, will finish Mon May  2 21:39:35 2022
step 45604500, will finish Mon May  2 21:39:44 2022
step 45604600, will finish Mon May  2 21:39:42 2022
step 45604700, will finish Mon May  2 21:39:40 2022
imb F 44% pme/F 0.33 step 45604800, will finish Mon May  2 21:39:38 2022
step 45604900, will finish Mon May  2 21:39:36 2022
step 45605000, will finish Mon May  2 21:39:34 2022
step 45605100, will finish Mon May  2 21:39:32 2022
imb F 42% pme/F 0.34 step 45605200, will finish Mon May  2 21:39:30 2022
step 45605300, will finish Mon May  2 21:39:28 2022
step 45605400, will finish Mon May  2 21:39:27 2022
step 45605500, will finish Mon May  2 21:39:31 2022
imb F  4% pme/F 1.88 step 45605600, will finish Mon May  2 21:39:29 2022
step 45605700, will finish Mon May  2 21:39:27 2022
step 45605800, will finish Mon May  2 21:39:25 2022
step 45605900, will finish Mon May  2 21:39:23 2022
imb F 66% pme/F 0.31 step 45606000, will finish Mon May  2 21:39:21 2022
step 45606100, will finish Mon May  2 21:39:19 2022
step 45606200, will finish Mon May  2 21:39:21 2022
step 45606300, will finish Mon May  2 21:39:19 2022
imb F 25% pme/F 1.33 step 45606400, will finish Mon May  2 21:39:26 2022
step 45606500, will finish Mon May  2 21:39:24 2022
step 45606600, will finish Mon May  2 21:39:22 2022
step 45606700, will finish Mon May  2 21:39:20 2022
imb F  7% pme/F 1.86 step 45606800, will finish Mon May  2 21:39:18 2022
step 45606900, will finish Mon May  2 21:39:18 2022
step 45607000, will finish Mon May  2 21:39:16 2022
step 45607100, will finish Mon May  2 21:39:14 2022
imb F 69% pme/F 0.29 step 45607200, will finish Mon May  2 21:39:12 2022
step 45607300, will finish Mon May  2 21:39:10 2022
step 45607400, will finish Mon May  2 21:39:08 2022
step 45607500, will finish Mon May  2 21:39:06 2022
imb F 13% pme/F 0.50 step 45607600, will finish Mon May  2 21:39:04 2022
step 45607700, will finish Mon May  2 21:39:02 2022
step 45607800, will finish Mon May  2 21:39:05 2022
step 45607900, will finish Mon May  2 21:39:03 2022
imb F 47% pme/F 0.28 step 45608000, will finish Mon May  2 21:39:01 2022
step 45608100, will finish Mon May  2 21:38:59 2022
step 45608200, will finish Mon May  2 21:38:57 2022
step 45608300, will finish Mon May  2 21:39:02 2022
imb F 79% pme/F 0.23 step 45608400, will finish Mon May  2 21:39:00 2022
step 45608500, will finish Mon May  2 21:38:58 2022
step 45608600, will finish Mon May  2 21:39:07 2022
step 45608700, will finish Mon May  2 21:39:05 2022
imb F 99% pme/F 0.23 step 45608800, will finish Mon May  2 21:39:03 2022
step 45608900, will finish Mon May  2 21:39:06 2022
step 45609000, will finish Mon May  2 21:39:04 2022
step 45609100, will finish Mon May  2 21:39:14 2022
imb F  6% pme/F 1.89 step 45609200, will finish Mon May  2 21:39:12 2022
step 45609300, will finish Mon May  2 21:39:11 2022
step 45609400, will finish Mon May  2 21:39:10 2022
step 45609500, will finish Mon May  2 21:39:08 2022
imb F 31% pme/F 3.06 step 45609600, will finish Mon May  2 21:39:18 2022
step 45609700, will finish Mon May  2 21:39:17 2022
step 45609800, will finish Mon May  2 21:39:14 2022
step 45609900, will finish Mon May  2 21:39:12 2022
imb F  5% pme/F 1.91 step 45610000, will finish Mon May  2 21:39:10 2022
step 45610100, will finish Mon May  2 21:39:08 2022
step 45610200, will finish Mon May  2 21:39:06 2022
step 45610300, will finish Mon May  2 21:39:04 2022
imb F 65% pme/F 0.28 step 45610400, will finish Mon May  2 21:39:02 2022
step 45610500, will finish Mon May  2 21:39:00 2022
step 45610600, will finish Mon May  2 21:38:58 2022
step 45610700, will finish Mon May  2 21:38:56 2022
imb F 33% pme/F 0.19 step 45610800, will finish Mon May  2 21:38:56 2022
step 45610900, will finish Mon May  2 21:38:54 2022
step 45611000, will finish Mon May  2 21:38:52 2022
step 45611100, will finish Mon May  2 21:38:50 2022
imb F 22% pme/F 1.32 step 45611200, will finish Mon May  2 21:38:48 2022
step 45611300, will finish Mon May  2 21:38:54 2022
step 45611400, will finish Mon May  2 21:38:52 2022
step 45611500, will finish Mon May  2 21:38:50 2022
imb F 26% pme/F 2.47 step 45611600, will finish Mon May  2 21:39:02 2022
step 45611700, will finish Mon May  2 21:39:12 2022
step 45611800, will finish Mon May  2 21:39:10 2022
step 45611900, will finish Mon May  2 21:39:08 2022
imb F 22% pme/F 0.15 step 45612000, will finish Mon May  2 21:39:13 2022
step 45612100, will finish Mon May  2 21:39:11 2022
step 45612200, will finish Mon May  2 21:39:13 2022
step 45612300, will finish Mon May  2 21:39:11 2022
imb F 16% pme/F 0.08 step 45612400, will finish Mon May  2 21:39:13 2022
step 45612500, will finish Mon May  2 21:39:11 2022
step 45612600, will finish Mon May  2 21:39:09 2022
step 45612700, will finish Mon May  2 21:39:16 2022
imb F  7% pme/F 1.73 step 45612800, will finish Mon May  2 21:39:14 2022
step 45612900, will finish Mon May  2 21:39:11 2022
step 45613000, will finish Mon May  2 21:39:09 2022
step 45613100, will finish Mon May  2 21:39:08 2022
imb F 44% pme/F 0.44 step 45613200, will finish Mon May  2 21:39:08 2022
step 45613300, will finish Mon May  2 21:39:06 2022
step 45613400, will finish Mon May  2 21:39:04 2022
step 45613500, will finish Mon May  2 21:39:02 2022
imb F 46% pme/F 3.23 step 45613600, will finish Mon May  2 21:39:03 2022
step 45613700, will finish Mon May  2 21:39:10 2022
step 45613800, will finish Mon May  2 21:39:09 2022
step 45613900, will finish Mon May  2 21:39:07 2022
imb F 23% pme/F 1.83 step 45614000, will finish Mon May  2 21:39:18 2022
step 45614100, will finish Mon May  2 21:39:16 2022
step 45614200, will finish Mon May  2 21:39:16 2022
step 45614300, will finish Mon May  2 21:39:14 2022
imb F 53% pme/F 5.11 step 45614400, will finish Mon May  2 21:39:16 2022
step 45614500, will finish Mon May  2 21:39:16 2022
step 45614600, will finish Mon May  2 21:39:14 2022
step 45614700, will finish Mon May  2 21:39:14 2022
imb F 49% pme/F 0.30 step 45614800, will finish Mon May  2 21:39:12 2022
step 45614900, will finish Mon May  2 21:39:20 2022
step 45615000, will finish Mon May  2 21:39:31 2022
step 45615100, will finish Mon May  2 21:39:34 2022
imb F 19% pme/F 0.56 step 45615200, will finish Mon May  2 21:39:45 2022
step 45615300, will finish Mon May  2 21:39:53 2022
step 45615400, will finish Mon May  2 21:40:10 2022
step 45615500, will finish Mon May  2 21:40:10 2022
imb F 58% pme/F 0.28 step 45615600, will finish Mon May  2 21:40:08 2022
step 45615700, will finish Mon May  2 21:40:06 2022
step 45615800, will finish Mon May  2 21:40:24 2022
step 45615900, will finish Mon May  2 21:40:22 2022
imb F 60% pme/F 2.97 step 45616000, will finish Mon May  2 21:40:22 2022
step 45616100, will finish Mon May  2 21:40:19 2022
step 45616200, will finish Mon May  2 21:40:17 2022
step 45616300, will finish Mon May  2 21:40:19 2022
imb F  5% pme/F 0.87 step 45616400, will finish Mon May  2 21:40:20 2022
step 45616500, will finish Mon May  2 21:40:18 2022
step 45616600, will finish Mon May  2 21:40:16 2022
step 45616700, will finish Mon May  2 21:40:19 2022
imb F 12% pme/F 0.21 step 45616800, will finish Mon May  2 21:40:41 2022
step 45616900, will finish Mon May  2 21:40:59 2022
step 45617000, will finish Mon May  2 21:41:00 2022
step 45617100, will finish Mon May  2 21:40:58 2022
imb F 36% pme/F 6.22 step 45617200, will finish Mon May  2 21:41:00 2022
step 45617300, will finish Mon May  2 21:40:58 2022
step 45617400, will finish Mon May  2 21:40:56 2022
step 45617500, will finish Mon May  2 21:40:54 2022
imb F 36% pme/F 6.02 step 45617600, will finish Mon May  2 21:40:55 2022
step 45617700, will finish Mon May  2 21:41:00 2022
step 45617800, will finish Mon May  2 21:41:02 2022
step 45617900, will finish Mon May  2 21:41:00 2022
imb F 24% pme/F 2.66 step 45618000, will finish Mon May  2 21:41:02 2022
step 45618100, will finish Mon May  2 21:41:00 2022
step 45618200, will finish Mon May  2 21:40:58 2022
step 45618300, will finish Mon May  2 21:40:56 2022
imb F 15% pme/F 1.55 step 45618400, will finish Mon May  2 21:40:56 2022
step 45618500, will finish Mon May  2 21:40:54 2022
step 45618600, will finish Mon May  2 21:40:51 2022
step 45618700, will finish Mon May  2 21:41:05 2022
imb F 31% pme/F 1.05 step 45618800, will finish Mon May  2 21:41:10 2022
step 45618900, will finish Mon May  2 21:41:08 2022
step 45619000, will finish Mon May  2 21:41:06 2022
step 45619100, will finish Mon May  2 21:41:20 2022
imb F 31% pme/F 1.04 step 45619200, will finish Mon May  2 21:41:21 2022
step 45619300, will finish Mon May  2 21:41:23 2022
step 45619400, will finish Mon May  2 21:41:28 2022
step 45619500, will finish Mon May  2 21:41:29 2022
imb F 49% pme/F 0.43 step 45619600, will finish Mon May  2 21:41:27 2022
step 45619700, will finish Mon May  2 21:41:35 2022
step 45619800, will finish Mon May  2 21:41:44 2022
step 45619900, will finish Mon May  2 21:41:42 2022
imb F 56% pme/F 0.32 step 45620000, will finish Mon May  2 21:41:40 2022
step 45620100, will finish Mon May  2 21:41:42 2022
step 45620200, will finish Mon May  2 21:41:40 2022
step 45620300, will finish Mon May  2 21:41:40 2022
imb F  6% pme/F 1.53 step 45620400, will finish Mon May  2 21:41:38 2022
step 45620500, will finish Mon May  2 21:41:41 2022
step 45620600, will finish Mon May  2 21:41:39 2022
step 45620700, will finish Mon May  2 21:41:39 2022
imb F  2% pme/F 1.75 step 45620800, will finish Mon May  2 21:41:37 2022
step 45620900, will finish Mon May  2 21:41:37 2022
step 45621000, will finish Mon May  2 21:41:35 2022
step 45621100, will finish Mon May  2 21:41:33 2022
imb F 30% pme/F 0.14 step 45621200, will finish Mon May  2 21:41:33 2022
step 45621300, will finish Mon May  2 21:41:31 2022
step 45621400, will finish Mon May  2 21:41:29 2022
step 45621500, will finish Mon May  2 21:41:27 2022
imb F  3% pme/F 2.67 step 45621600, will finish Mon May  2 21:41:25 2022
step 45621700, will finish Mon May  2 21:41:23 2022
step 45621800, will finish Mon May  2 21:41:21 2022
step 45621900, will finish Mon May  2 21:41:22 2022
imb F 54% pme/F 0.29 step 45622000, will finish Mon May  2 21:41:20 2022
step 45622100, will finish Mon May  2 21:41:18 2022
step 45622200, will finish Mon May  2 21:41:23 2022
step 45622300, will finish Mon May  2 21:41:21 2022
imb F 20% pme/F 1.36 step 45622400, will finish Mon May  2 21:41:22 2022
step 45622500, will finish Mon May  2 21:41:22 2022
step 45622600, will finish Mon May  2 21:41:20 2022
step 45622700, will finish Mon May  2 21:41:19 2022
imb F 44% pme/F 0.29 step 45622800, will finish Mon May  2 21:41:17 2022
step 45622900, will finish Mon May  2 21:41:15 2022
step 45623000, will finish Mon May  2 21:41:13 2022
step 45623100, will finish Mon May  2 21:41:11 2022
imb F  7% pme/F 1.52 step 45623200, will finish Mon May  2 21:41:09 2022
step 45623300, will finish Mon May  2 21:41:07 2022
step 45623400, will finish Mon May  2 21:41:12 2022
step 45623500, will finish Mon May  2 21:41:10 2022
imb F  9% pme/F 1.83 step 45623600, will finish Mon May  2 21:41:08 2022
step 45623700, will finish Mon May  2 21:41:06 2022
step 45623800, will finish Mon May  2 21:41:08 2022
step 45623900, will finish Mon May  2 21:41:16 2022
imb F 27% pme/F 0.72 step 45624000, will finish Mon May  2 21:41:15 2022
step 45624100, will finish Mon May  2 21:41:13 2022
step 45624200, will finish Mon May  2 21:41:11 2022
step 45624300, will finish Mon May  2 21:41:09 2022
imb F 83% pme/F 0.27 step 45624400, will finish Mon May  2 21:41:07 2022
step 45624500, will finish Mon May  2 21:41:05 2022
step 45624600, will finish Mon May  2 21:41:03 2022
step 45624700, will finish Mon May  2 21:41:01 2022
imb F 27% pme/F 0.31 step 45624800, will finish Mon May  2 21:41:03 2022
step 45624900, will finish Mon May  2 21:41:01 2022
step 45625000, will finish Mon May  2 21:41:06 2022
step 45625100, will finish Mon May  2 21:41:04 2022
imb F 81% pme/F 0.40 step 45625200, will finish Mon May  2 21:41:02 2022
step 45625300, will finish Mon May  2 21:41:00 2022
step 45625400, will finish Mon May  2 21:40:58 2022
step 45625500, will finish Mon May  2 21:41:06 2022
imb F 21% pme/F 1.71 step 45625600, will finish Mon May  2 21:41:23 2022
step 45625700, will finish Mon May  2 21:41:39 2022
step 45625800, will finish Mon May  2 21:41:48 2022
step 45625900, will finish Mon May  2 21:41:53 2022
imb F 85% pme/F 0.25 step 45626000, will finish Mon May  2 21:41:51 2022
step 45626100, will finish Mon May  2 21:41:54 2022
step 45626200, will finish Mon May  2 21:41:56 2022
step 45626300, will finish Mon May  2 21:41:54 2022
imb F 46% pme/F 2.41 step 45626400, will finish Mon May  2 21:41:54 2022
step 45626500, will finish Mon May  2 21:42:06 2022
step 45626600, will finish Mon May  2 21:42:14 2022
step 45626700, will finish Mon May  2 21:42:20 2022
imb F 41% pme/F 3.24 step 45626800, will finish Mon May  2 21:42:26 2022
step 45626900, will finish Mon May  2 21:42:24 2022
step 45627000, will finish Mon May  2 21:42:22 2022
step 45627100, will finish Mon May  2 21:42:32 2022
imb F 24% pme/F 0.58 step 45627200, will finish Mon May  2 21:42:42 2022
step 45627300, will finish Mon May  2 21:42:40 2022
step 45627400, will finish Mon May  2 21:42:38 2022
step 45627500, will finish Mon May  2 21:42:36 2022
imb F 82% pme/F 0.28 step 45627600, will finish Mon May  2 21:42:34 2022
step 45627700, will finish Mon May  2 21:42:43 2022
step 45627800, will finish Mon May  2 21:42:41 2022
step 45627900, will finish Mon May  2 21:42:40 2022
imb F 62% pme/F 0.28 step 45628000, will finish Mon May  2 21:42:39 2022
step 45628100, will finish Mon May  2 21:42:37 2022
step 45628200, will finish Mon May  2 21:42:35 2022
step 45628300, will finish Mon May  2 21:42:33 2022
imb F 44% pme/F 0.35 step 45628400, will finish Mon May  2 21:42:31 2022
step 45628500, will finish Mon May  2 21:42:37 2022
step 45628600, will finish Mon May  2 21:42:35 2022
step 45628700, will finish Mon May  2 21:42:36 2022
imb F  8% pme/F 1.51 step 45628800, will finish Mon May  2 21:42:35 2022
step 45628900, will finish Mon May  2 21:42:33 2022
step 45629000, will finish Mon May  2 21:42:35 2022
step 45629100, will finish Mon May  2 21:42:35 2022
imb F 84% pme/F 0.25 step 45629200, will finish Mon May  2 21:42:33 2022
step 45629300, will finish Mon May  2 21:42:33 2022
step 45629400, will finish Mon May  2 21:42:31 2022
step 45629500, will finish Mon May  2 21:42:33 2022
imb F 68% pme/F 0.23 step 45629600, will finish Mon May  2 21:42:31 2022
step 45629700, will finish Mon May  2 21:42:29 2022
step 45629800, will finish Mon May  2 21:42:40 2022
step 45629900, will finish Mon May  2 21:42:38 2022
imb F 47% pme/F 0.29 step 45630000, will finish Mon May  2 21:42:36 2022
step 45630100, will finish Mon May  2 21:42:33 2022
step 45630200, will finish Mon May  2 21:42:32 2022
step 45630300, will finish Mon May  2 21:42:44 2022
imb F 17% pme/F 0.89 step 45630400, will finish Mon May  2 21:43:05 2022
step 45630500, will finish Mon May  2 21:43:22 2022
step 45630600, will finish Mon May  2 21:43:22 2022
step 45630700, will finish Mon May  2 21:43:20 2022
imb F 18% pme/F 0.44 step 45630800, will finish Mon May  2 21:43:18 2022
step 45630900, will finish Mon May  2 21:43:25 2022
step 45631000, will finish Mon May  2 21:43:31 2022
step 45631100, will finish Mon May  2 21:43:38 2022
imb F 37% pme/F 0.24 step 45631200, will finish Mon May  2 21:43:36 2022
step 45631300, will finish Mon May  2 21:43:38 2022
step 45631400, will finish Mon May  2 21:43:36 2022
step 45631500, will finish Mon May  2 21:43:34 2022
imb F 68% pme/F 0.29 step 45631600, will finish Mon May  2 21:43:32 2022
step 45631700, will finish Mon May  2 21:43:30 2022
step 45631800, will finish Mon May  2 21:43:33 2022
step 45631900, will finish Mon May  2 21:43:31 2022
imb F  3% pme/F 0.94 step 45632000, will finish Mon May  2 21:43:29 2022
step 45632100, will finish Mon May  2 21:43:27 2022
step 45632200, will finish Mon May  2 21:43:25 2022
step 45632300, will finish Mon May  2 21:43:23 2022
imb F  6% pme/F 1.82 step 45632400, will finish Mon May  2 21:43:21 2022
step 45632500, will finish Mon May  2 21:43:19 2022
step 45632600, will finish Mon May  2 21:43:17 2022
step 45632700, will finish Mon May  2 21:43:15 2022
imb F 38% pme/F 8.87 step 45632800, will finish Mon May  2 21:43:27 2022
step 45632900, will finish Mon May  2 21:43:27 2022
step 45633000, will finish Mon May  2 21:43:25 2022
step 45633100, will finish Mon May  2 21:43:23 2022
imb F  5% pme/F 1.85 step 45633200, will finish Mon May  2 21:43:20 2022
step 45633300, will finish Mon May  2 21:43:19 2022
step 45633400, will finish Mon May  2 21:43:20 2022
step 45633500, will finish Mon May  2 21:43:18 2022
imb F 34% pme/F 1.07 step 45633600, will finish Mon May  2 21:43:22 2022
step 45633700, will finish Mon May  2 21:43:20 2022
step 45633800, will finish Mon May  2 21:43:19 2022
step 45633900, will finish Mon May  2 21:43:17 2022
imb F 60% pme/F 0.27 step 45634000, will finish Mon May  2 21:43:15 2022
step 45634100, will finish Mon May  2 21:43:13 2022
step 45634200, will finish Mon May  2 21:43:11 2022
step 45634300, will finish Mon May  2 21:43:10 2022
imb F  8% pme/F 1.90 step 45634400, will finish Mon May  2 21:43:08 2022
step 45634500, will finish Mon May  2 21:43:11 2022
step 45634600, will finish Mon May  2 21:43:09 2022
step 45634700, will finish Mon May  2 21:43:07 2022
imb F 61% pme/F 0.32 step 45634800, will finish Mon May  2 21:43:05 2022
step 45634900, will finish Mon May  2 21:43:05 2022
step 45635000, will finish Mon May  2 21:43:05 2022
step 45635100, will finish Mon May  2 21:43:03 2022
imb F  4% pme/F 0.74 step 45635200, will finish Mon May  2 21:43:01 2022
step 45635300, will finish Mon May  2 21:42:59 2022
step 45635400, will finish Mon May  2 21:42:57 2022
step 45635500, will finish Mon May  2 21:42:55 2022
imb F 55% pme/F 0.36 step 45635600, will finish Mon May  2 21:42:53 2022
step 45635700, will finish Mon May  2 21:42:50 2022
step 45635800, will finish Mon May  2 21:42:48 2022
step 45635900, will finish Mon May  2 21:42:46 2022
imb F  6% pme/F 1.08 step 45636000, will finish Mon May  2 21:42:44 2022
step 45636100, will finish Mon May  2 21:42:42 2022
step 45636200, will finish Mon May  2 21:42:40 2022
step 45636300, will finish Mon May  2 21:42:38 2022
imb F  7% pme/F 1.73 step 45636400, will finish Mon May  2 21:42:36 2022
step 45636500, will finish Mon May  2 21:42:41 2022
step 45636600, will finish Mon May  2 21:42:39 2022
step 45636700, will finish Mon May  2 21:42:45 2022
imb F 78% pme/F 0.26 step 45636800, will finish Mon May  2 21:42:43 2022
step 45636900, will finish Mon May  2 21:42:41 2022
step 45637000, will finish Mon May  2 21:42:39 2022
step 45637100, will finish Mon May  2 21:42:37 2022
imb F 29% pme/F 2.14 step 45637200, will finish Mon May  2 21:42:40 2022
step 45637300, will finish Mon May  2 21:42:38 2022
step 45637400, will finish Mon May  2 21:42:36 2022
step 45637500, will finish Mon May  2 21:42:39 2022
imb F 36% pme/F 0.23 step 45637600, will finish Mon May  2 21:42:37 2022
step 45637700, will finish Mon May  2 21:42:35 2022
step 45637800, will finish Mon May  2 21:42:33 2022
step 45637900, will finish Mon May  2 21:42:31 2022
imb F  7% pme/F 1.57 step 45638000, will finish Mon May  2 21:42:29 2022
step 45638100, will finish Mon May  2 21:42:27 2022
step 45638200, will finish Mon May  2 21:42:31 2022
step 45638300, will finish Mon May  2 21:42:29 2022
imb F 28% pme/F 0.15 step 45638400, will finish Mon May  2 21:42:31 2022
step 45638500, will finish Mon May  2 21:42:29 2022
step 45638600, will finish Mon May  2 21:42:29 2022
step 45638700, will finish Mon May  2 21:42:27 2022
imb F 68% pme/F 0.28 step 45638800, will finish Mon May  2 21:42:25 2022
step 45638900, will finish Mon May  2 21:42:23 2022
step 45639000, will finish Mon May  2 21:42:25 2022
step 45639100, will finish Mon May  2 21:42:22 2022
imb F 68% pme/F 0.24 step 45639200, will finish Mon May  2 21:42:21 2022
step 45639300, will finish Mon May  2 21:42:24 2022
step 45639400, will finish Mon May  2 21:42:22 2022
step 45639500, will finish Mon May  2 21:42:26 2022
imb F 13% pme/F 1.55 step 45639600, will finish Mon May  2 21:42:24 2022
step 45639700, will finish Mon May  2 21:42:22 2022
step 45639800, will finish Mon May  2 21:42:20 2022
step 45639900, will finish Mon May  2 21:42:22 2022
imb F  4% pme/F 1.27 step 45640000, will finish Mon May  2 21:42:20 2022
step 45640100, will finish Mon May  2 21:42:27 2022
step 45640200, will finish Mon May  2 21:42:25 2022
step 45640300, will finish Mon May  2 21:42:25 2022
imb F 79% pme/F 0.29 step 45640400, will finish Mon May  2 21:42:25 2022
step 45640500, will finish Mon May  2 21:42:23 2022
step 45640600, will finish Mon May  2 21:42:23 2022
step 45640700, will finish Mon May  2 21:42:21 2022
imb F 55% pme/F 0.45 step 45640800, will finish Mon May  2 21:42:21 2022
step 45640900, will finish Mon May  2 21:42:19 2022
step 45641000, will finish Mon May  2 21:42:19 2022
step 45641100, will finish Mon May  2 21:42:16 2022
imb F  6% pme/F 1.79 step 45641200, will finish Mon May  2 21:42:14 2022
step 45641300, will finish Mon May  2 21:42:12 2022
step 45641400, will finish Mon May  2 21:42:10 2022
step 45641500, will finish Mon May  2 21:42:16 2022
imb F 93% pme/F 0.25 step 45641600, will finish Mon May  2 21:42:14 2022
step 45641700, will finish Mon May  2 21:42:12 2022
step 45641800, will finish Mon May  2 21:42:10 2022
step 45641900, will finish Mon May  2 21:42:08 2022
imb F 47% pme/F 0.20 step 45642000, will finish Mon May  2 21:42:06 2022
step 45642100, will finish Mon May  2 21:42:04 2022
step 45642200, will finish Mon May  2 21:42:08 2022
step 45642300, will finish Mon May  2 21:42:06 2022
imb F 47% pme/F 0.28 step 45642400, will finish Mon May  2 21:42:04 2022
step 45642500, will finish Mon May  2 21:42:02 2022
step 45642600, will finish Mon May  2 21:42:02 2022
step 45642700, will finish Mon May  2 21:42:00 2022
imb F 34% pme/F 4.64 step 45642800, will finish Mon May  2 21:42:09 2022
step 45642900, will finish Mon May  2 21:42:07 2022
step 45643000, will finish Mon May  2 21:42:05 2022
step 45643100, will finish Mon May  2 21:42:03 2022
imb F  5% pme/F 1.67 step 45643200, will finish Mon May  2 21:42:01 2022
step 45643300, will finish Mon May  2 21:41:59 2022
step 45643400, will finish Mon May  2 21:41:57 2022
step 45643500, will finish Mon May  2 21:41:55 2022
imb F 29% pme/F 2.29 step 45643600, will finish Mon May  2 21:41:54 2022
step 45643700, will finish Mon May  2 21:41:56 2022
step 45643800, will finish Mon May  2 21:41:54 2022
step 45643900, will finish Mon May  2 21:41:57 2022
imb F 25% pme/F 1.79 step 45644000, will finish Mon May  2 21:42:01 2022
step 45644100, will finish Mon May  2 21:42:05 2022
step 45644200, will finish Mon May  2 21:42:03 2022
step 45644300, will finish Mon May  2 21:42:04 2022
imb F 11% pme/F 0.55 step 45644400, will finish Mon May  2 21:42:02 2022
step 45644500, will finish Mon May  2 21:42:00 2022
step 45644600, will finish Mon May  2 21:41:58 2022
step 45644700, will finish Mon May  2 21:41:55 2022
imb F 30% pme/F 0.28 step 45644800, will finish Mon May  2 21:41:54 2022
step 45644900, will finish Mon May  2 21:41:54 2022
step 45645000, will finish Mon May  2 21:41:52 2022
step 45645100, will finish Mon May  2 21:41:59 2022
imb F 97% pme/F 0.27 step 45645200, will finish Mon May  2 21:41:57 2022
step 45645300, will finish Mon May  2 21:41:57 2022
step 45645400, will finish Mon May  2 21:41:55 2022
step 45645500, will finish Mon May  2 21:41:53 2022
imb F 69% pme/F 0.28 step 45645600, will finish Mon May  2 21:41:51 2022
step 45645700, will finish Mon May  2 21:41:49 2022
step 45645800, will finish Mon May  2 21:41:47 2022
step 45645900, will finish Mon May  2 21:41:45 2022
imb F 20% pme/F 0.39 step 45646000, will finish Mon May  2 21:41:43 2022
step 45646100, will finish Mon May  2 21:41:41 2022
step 45646200, will finish Mon May  2 21:41:39 2022
step 45646300, will finish Mon May  2 21:41:36 2022
imb F 57% pme/F 0.31 step 45646400, will finish Mon May  2 21:41:35 2022
step 45646500, will finish Mon May  2 21:41:41 2022
step 45646600, will finish Mon May  2 21:41:43 2022
step 45646700, will finish Mon May  2 21:41:41 2022
imb F  7% pme/F 1.95 step 45646800, will finish Mon May  2 21:41:39 2022
step 45646900, will finish Mon May  2 21:41:36 2022
step 45647000, will finish Mon May  2 21:41:34 2022
step 45647100, will finish Mon May  2 21:41:35 2022
imb F 93% pme/F 0.27 step 45647200, will finish Mon May  2 21:41:33 2022
step 45647300, will finish Mon May  2 21:41:38 2022
step 45647400, will finish Mon May  2 21:41:41 2022
step 45647500, will finish Mon May  2 21:41:39 2022
imb F  5% pme/F 0.46 step 45647600, will finish Mon May  2 21:41:37 2022
step 45647700, will finish Mon May  2 21:41:35 2022
step 45647800, will finish Mon May  2 21:41:37 2022
step 45647900, will finish Mon May  2 21:41:35 2022
imb F 19% pme/F 0.22 step 45648000, will finish Mon May  2 21:41:37 2022
step 45648100, will finish Mon May  2 21:41:35 2022
step 45648200, will finish Mon May  2 21:41:33 2022
step 45648300, will finish Mon May  2 21:41:31 2022
imb F 71% pme/F 0.29 step 45648400, will finish Mon May  2 21:41:29 2022
step 45648500, will finish Mon May  2 21:41:27 2022
step 45648600, will finish Mon May  2 21:41:25 2022
step 45648700, will finish Mon May  2 21:41:23 2022
imb F  2% pme/F 1.71 step 45648800, will finish Mon May  2 21:41:21 2022
step 45648900, will finish Mon May  2 21:41:19 2022
step 45649000, will finish Mon May  2 21:41:18 2022
step 45649100, will finish Mon May  2 21:41:16 2022
imb F  8% pme/F 1.65 step 45649200, will finish Mon May  2 21:41:14 2022
step 45649300, will finish Mon May  2 21:41:20 2022
step 45649400, will finish Mon May  2 21:41:18 2022
step 45649500, will finish Mon May  2 21:41:16 2022
imb F 90% pme/F 0.26 step 45649600, will finish Mon May  2 21:41:14 2022
step 45649700, will finish Mon May  2 21:41:12 2022
step 45649800, will finish Mon May  2 21:41:16 2022
step 45649900, will finish Mon May  2 21:41:27 2022
imb F 89% pme/F 0.25 step 45650000, will finish Mon May  2 21:41:25 2022
step 45650100, will finish Mon May  2 21:41:34 2022
step 45650200, will finish Mon May  2 21:41:32 2022
step 45650300, will finish Mon May  2 21:41:34 2022
imb F 63% pme/F 0.29 step 45650400, will finish Mon May  2 21:41:32 2022
step 45650500, will finish Mon May  2 21:41:30 2022
step 45650600, will finish Mon May  2 21:41:28 2022
step 45650700, will finish Mon May  2 21:41:26 2022
imb F 57% pme/F 0.32 step 45650800, will finish Mon May  2 21:41:24 2022
step 45650900, will finish Mon May  2 21:41:21 2022
step 45651000, will finish Mon May  2 21:41:19 2022
step 45651100, will finish Mon May  2 21:41:17 2022
imb F 32% pme/F 0.33 step 45651200, will finish Mon May  2 21:41:15 2022
step 45651300, will finish Mon May  2 21:41:13 2022
step 45651400, will finish Mon May  2 21:41:27 2022
step 45651500, will finish Mon May  2 21:41:25 2022
imb F 47% pme/F 0.30 step 45651600, will finish Mon May  2 21:41:23 2022
step 45651700, will finish Mon May  2 21:41:25 2022
step 45651800, will finish Mon May  2 21:41:22 2022
step 45651900, will finish Mon May  2 21:41:20 2022
imb F 10% pme/F 1.08 step 45652000, will finish Mon May  2 21:41:18 2022
step 45652100, will finish Mon May  2 21:41:16 2022
step 45652200, will finish Mon May  2 21:41:20 2022
step 45652300, will finish Mon May  2 21:41:24 2022
imb F 37% pme/F 1.36 step 45652400, will finish Mon May  2 21:41:24 2022
step 45652500, will finish Mon May  2 21:41:22 2022
step 45652600, will finish Mon May  2 21:41:24 2022
step 45652700, will finish Mon May  2 21:41:22 2022
imb F 23% pme/F 0.38 step 45652800, will finish Mon May  2 21:41:20 2022
step 45652900, will finish Mon May  2 21:41:18 2022
step 45653000, will finish Mon May  2 21:41:16 2022
step 45653100, will finish Mon May  2 21:41:14 2022
imb F 63% pme/F 0.27 step 45653200, will finish Mon May  2 21:41:12 2022
step 45653300, will finish Mon May  2 21:41:10 2022
step 45653400, will finish Mon May  2 21:41:08 2022
step 45653500, will finish Mon May  2 21:41:08 2022
imb F 28% pme/F 0.29 step 45653600, will finish Mon May  2 21:41:06 2022
step 45653700, will finish Mon May  2 21:41:04 2022
step 45653800, will finish Mon May  2 21:41:02 2022
step 45653900, will finish Mon May  2 21:41:00 2022
imb F  4% pme/F 1.33 step 45654000, will finish Mon May  2 21:40:58 2022
step 45654100, will finish Mon May  2 21:40:56 2022
step 45654200, will finish Mon May  2 21:40:54 2022
step 45654300, will finish Mon May  2 21:40:51 2022
imb F 72% pme/F 0.26 step 45654400, will finish Mon May  2 21:40:49 2022
step 45654500, will finish Mon May  2 21:40:47 2022
step 45654600, will finish Mon May  2 21:40:52 2022
step 45654700, will finish Mon May  2 21:40:59 2022
imb F 39% pme/F 0.26 step 45654800, will finish Mon May  2 21:40:57 2022
step 45654900, will finish Mon May  2 21:40:57 2022
step 45655000, will finish Mon May  2 21:40:55 2022
step 45655100, will finish Mon May  2 21:40:53 2022
imb F 15% pme/F 0.83 step 45655200, will finish Mon May  2 21:40:51 2022
step 45655300, will finish Mon May  2 21:40:49 2022
step 45655400, will finish Mon May  2 21:40:47 2022
step 45655500, will finish Mon May  2 21:40:45 2022
imb F 53% pme/F 0.25 step 45655600, will finish Mon May  2 21:40:43 2022
step 45655700, will finish Mon May  2 21:40:41 2022
step 45655800, will finish Mon May  2 21:40:39 2022
step 45655900, will finish Mon May  2 21:40:44 2022
imb F  6% pme/F 1.78 step 45656000, will finish Mon May  2 21:40:42 2022
step 45656100, will finish Mon May  2 21:40:40 2022
step 45656200, will finish Mon May  2 21:40:38 2022
step 45656300, will finish Mon May  2 21:40:36 2022
imb F 18% pme/F 0.48 step 45656400, will finish Mon May  2 21:40:34 2022
step 45656500, will finish Mon May  2 21:40:32 2022
step 45656600, will finish Mon May  2 21:40:30 2022
step 45656700, will finish Mon May  2 21:40:36 2022
imb F 26% pme/F 3.05 step 45656800, will finish Mon May  2 21:40:50 2022
step 45656900, will finish Mon May  2 21:40:48 2022
step 45657000, will finish Mon May  2 21:40:46 2022
step 45657100, will finish Mon May  2 21:40:49 2022
imb F 74% pme/F 0.24 step 45657200, will finish Mon May  2 21:40:47 2022
step 45657300, will finish Mon May  2 21:40:48 2022
step 45657400, will finish Mon May  2 21:40:59 2022
step 45657500, will finish Mon May  2 21:40:57 2022
imb F 26% pme/F 1.12 step 45657600, will finish Mon May  2 21:40:59 2022
step 45657700, will finish Mon May  2 21:40:57 2022
step 45657800, will finish Mon May  2 21:40:55 2022
step 45657900, will finish Mon May  2 21:40:57 2022
imb F 47% pme/F 0.31 step 45658000, will finish Mon May  2 21:40:55 2022
step 45658100, will finish Mon May  2 21:40:53 2022
step 45658200, will finish Mon May  2 21:40:51 2022
step 45658300, will finish Mon May  2 21:40:49 2022
imb F 70% pme/F 0.35 step 45658400, will finish Mon May  2 21:40:47 2022
step 45658500, will finish Mon May  2 21:40:49 2022
step 45658600, will finish Mon May  2 21:40:49 2022
step 45658700, will finish Mon May  2 21:40:47 2022
imb F 51% pme/F 7.07 step 45658800, will finish Mon May  2 21:40:48 2022
step 45658900, will finish Mon May  2 21:40:46 2022
step 45659000, will finish Mon May  2 21:40:44 2022
step 45659100, will finish Mon May  2 21:40:42 2022
imb F 77% pme/F 0.24 step 45659200, will finish Mon May  2 21:40:40 2022
step 45659300, will finish Mon May  2 21:40:47 2022
step 45659400, will finish Mon May  2 21:40:45 2022
step 45659500, will finish Mon May  2 21:40:43 2022
imb F 66% pme/F 0.29 step 45659600, will finish Mon May  2 21:40:41 2022
step 45659700, will finish Mon May  2 21:40:39 2022
step 45659800, will finish Mon May  2 21:40:38 2022
step 45659900, will finish Mon May  2 21:40:36 2022
imb F 10% pme/F 0.53 step 45660000, will finish Mon May  2 21:40:34 2022
step 45660100, will finish Mon May  2 21:40:32 2022
step 45660200, will finish Mon May  2 21:40:43 2022
step 45660300, will finish Mon May  2 21:40:44 2022
imb F 43% pme/F 0.41 step 45660400, will finish Mon May  2 21:40:42 2022
step 45660500, will finish Mon May  2 21:40:56 2022
step 45660600, will finish Mon May  2 21:40:59 2022
step 45660700, will finish Mon May  2 21:40:57 2022
imb F  9% pme/F 0.45 step 45660800, will finish Mon May  2 21:40:55 2022
step 45660900, will finish Mon May  2 21:40:53 2022
step 45661000, will finish Mon May  2 21:40:53 2022
step 45661100, will finish Mon May  2 21:40:56 2022
imb F 67% pme/F 0.25 step 45661200, will finish Mon May  2 21:40:55 2022
step 45661300, will finish Mon May  2 21:40:52 2022
step 45661400, will finish Mon May  2 21:40:50 2022
step 45661500, will finish Mon May  2 21:40:48 2022
imb F 36% pme/F 5.82 step 45661600, will finish Mon May  2 21:40:52 2022
step 45661700, will finish Mon May  2 21:41:04 2022
step 45661800, will finish Mon May  2 21:41:03 2022
step 45661900, will finish Mon May  2 21:41:01 2022
imb F  6% pme/F 0.53 step 45662000, will finish Mon May  2 21:40:58 2022
step 45662100, will finish Mon May  2 21:40:56 2022
step 45662200, will finish Mon May  2 21:40:55 2022
step 45662300, will finish Mon May  2 21:40:56 2022
imb F  6% pme/F 1.72 step 45662400, will finish Mon May  2 21:40:54 2022
step 45662500, will finish Mon May  2 21:40:52 2022
step 45662600, will finish Mon May  2 21:40:50 2022
step 45662700, will finish Mon May  2 21:40:48 2022
imb F 13% pme/F 0.39 step 45662800, will finish Mon May  2 21:40:46 2022
step 45662900, will finish Mon May  2 21:40:44 2022
step 45663000, will finish Mon May  2 21:40:43 2022
step 45663100, will finish Mon May  2 21:40:50 2022
imb F 35% pme/F 0.36 step 45663200, will finish Mon May  2 21:40:48 2022
step 45663300, will finish Mon May  2 21:40:47 2022
step 45663400, will finish Mon May  2 21:40:45 2022
step 45663500, will finish Mon May  2 21:40:43 2022
imb F 63% pme/F 0.35 step 45663600, will finish Mon May  2 21:40:42 2022
step 45663700, will finish Mon May  2 21:40:39 2022
step 45663800, will finish Mon May  2 21:40:37 2022
step 45663900, will finish Mon May  2 21:40:35 2022
imb F 15% pme/F 0.45 step 45664000, will finish Mon May  2 21:40:33 2022
step 45664100, will finish Mon May  2 21:40:31 2022
step 45664200, will finish Mon May  2 21:40:29 2022
step 45664300, will finish Mon May  2 21:40:27 2022
imb F 56% pme/F 0.30 step 45664400, will finish Mon May  2 21:40:25 2022
step 45664500, will finish Mon May  2 21:40:25 2022
step 45664600, will finish Mon May  2 21:40:23 2022
step 45664700, will finish Mon May  2 21:40:21 2022
imb F 15% pme/F 0.38 step 45664800, will finish Mon May  2 21:40:28 2022
step 45664900, will finish Mon May  2 21:40:26 2022
step 45665000, will finish Mon May  2 21:40:26 2022
step 45665100, will finish Mon May  2 21:40:27 2022
imb F 79% pme/F 0.25 step 45665200, will finish Mon May  2 21:40:25 2022
step 45665300, will finish Mon May  2 21:40:23 2022
step 45665400, will finish Mon May  2 21:40:21 2022
step 45665500, will finish Mon May  2 21:40:19 2022
imb F 17% pme/F 0.76 step 45665600, will finish Mon May  2 21:40:25 2022
step 45665700, will finish Mon May  2 21:40:27 2022
step 45665800, will finish Mon May  2 21:40:25 2022
step 45665900, will finish Mon May  2 21:40:23 2022
imb F  5% pme/F 1.00 step 45666000, will finish Mon May  2 21:40:22 2022
step 45666100, will finish Mon May  2 21:40:20 2022
step 45666200, will finish Mon May  2 21:40:24 2022
step 45666300, will finish Mon May  2 21:40:23 2022
imb F 73% pme/F 0.26 step 45666400, will finish Mon May  2 21:40:21 2022
step 45666500, will finish Mon May  2 21:40:19 2022
step 45666600, will finish Mon May  2 21:40:34 2022
step 45666700, will finish Mon May  2 21:40:36 2022
imb F 25% pme/F 0.30 step 45666800, will finish Mon May  2 21:40:34 2022
step 45666900, will finish Mon May  2 21:40:32 2022
step 45667000, will finish Mon May  2 21:40:30 2022
step 45667100, will finish Mon May  2 21:40:28 2022
imb F 71% pme/F 0.29 step 45667200, will finish Mon May  2 21:40:26 2022
step 45667300, will finish Mon May  2 21:40:24 2022
step 45667400, will finish Mon May  2 21:40:24 2022
step 45667500, will finish Mon May  2 21:40:24 2022
imb F 61% pme/F 0.39 step 45667600, will finish Mon May  2 21:40:24 2022
step 45667700, will finish Mon May  2 21:40:22 2022
step 45667800, will finish Mon May  2 21:40:25 2022
step 45667900, will finish Mon May  2 21:40:23 2022
imb F 56% pme/F 0.36 step 45668000, will finish Mon May  2 21:40:21 2022
step 45668100, will finish Mon May  2 21:40:23 2022
step 45668200, will finish Mon May  2 21:40:23 2022
step 45668300, will finish Mon May  2 21:40:24 2022
imb F 71% pme/F 0.34 step 45668400, will finish Mon May  2 21:40:23 2022
step 45668500, will finish Mon May  2 21:40:34 2022
step 45668600, will finish Mon May  2 21:40:38 2022
step 45668700, will finish Mon May  2 21:40:36 2022
imb F 21% pme/F 0.15 step 45668800, will finish Mon May  2 21:40:40 2022
step 45668900, will finish Mon May  2 21:40:38 2022
step 45669000, will finish Mon May  2 21:40:36 2022
step 45669100, will finish Mon May  2 21:40:34 2022
imb F 25% pme/F 0.38 step 45669200, will finish Mon May  2 21:40:36 2022
step 45669300, will finish Mon May  2 21:40:34 2022
step 45669400, will finish Mon May  2 21:40:33 2022
step 45669500, will finish Mon May  2 21:40:31 2022
imb F 41% pme/F 7.08 step 45669600, will finish Mon May  2 21:40:32 2022
step 45669700, will finish Mon May  2 21:40:51 2022
step 45669800, will finish Mon May  2 21:40:48 2022
step 45669900, will finish Mon May  2 21:40:47 2022
imb F 17% pme/F 0.16 step 45670000, will finish Mon May  2 21:40:48 2022
step 45670100, will finish Mon May  2 21:40:46 2022
step 45670200, will finish Mon May  2 21:40:44 2022
step 45670300, will finish Mon May  2 21:40:54 2022
imb F 24% pme/F 2.16 step 45670400, will finish Mon May  2 21:41:10 2022
step 45670500, will finish Mon May  2 21:41:14 2022
step 45670600, will finish Mon May  2 21:41:12 2022
step 45670700, will finish Mon May  2 21:41:14 2022
imb F 82% pme/F 0.29 step 45670800, will finish Mon May  2 21:41:12 2022
step 45670900, will finish Mon May  2 21:41:13 2022
step 45671000, will finish Mon May  2 21:41:11 2022
step 45671100, will finish Mon May  2 21:41:09 2022
imb F  4% pme/F 1.98 step 45671200, will finish Mon May  2 21:41:07 2022
step 45671300, will finish Mon May  2 21:41:05 2022
step 45671400, will finish Mon May  2 21:41:10 2022
step 45671500, will finish Mon May  2 21:41:19 2022
imb F  4% pme/F 1.69 step 45671600, will finish Mon May  2 21:41:19 2022
step 45671700, will finish Mon May  2 21:41:17 2022
step 45671800, will finish Mon May  2 21:41:31 2022
step 45671900, will finish Mon May  2 21:41:29 2022
imb F 71% pme/F 0.52 step 45672000, will finish Mon May  2 21:41:28 2022
step 45672100, will finish Mon May  2 21:41:26 2022
step 45672200, will finish Mon May  2 21:41:33 2022
step 45672300, will finish Mon May  2 21:41:34 2022
imb F 84% pme/F 0.33 step 45672400, will finish Mon May  2 21:41:33 2022
step 45672500, will finish Mon May  2 21:41:31 2022
step 45672600, will finish Mon May  2 21:41:31 2022
step 45672700, will finish Mon May  2 21:41:29 2022
imb F 61% pme/F 0.24 step 45672800, will finish Mon May  2 21:41:28 2022
step 45672900, will finish Mon May  2 21:41:26 2022
step 45673000, will finish Mon May  2 21:41:26 2022
step 45673100, will finish Mon May  2 21:41:24 2022
imb F  2% pme/F 0.78 step 45673200, will finish Mon May  2 21:41:22 2022
step 45673300, will finish Mon May  2 21:41:20 2022
step 45673400, will finish Mon May  2 21:41:22 2022
step 45673500, will finish Mon May  2 21:41:20 2022
imb F 15% pme/F 0.13 step 45673600, will finish Mon May  2 21:41:22 2022
step 45673700, will finish Mon May  2 21:41:24 2022
step 45673800, will finish Mon May  2 21:41:27 2022
step 45673900, will finish Mon May  2 21:41:28 2022
imb F 82% pme/F 0.23 step 45674000, will finish Mon May  2 21:41:27 2022
step 45674100, will finish Mon May  2 21:41:25 2022
step 45674200, will finish Mon May  2 21:41:23 2022
step 45674300, will finish Mon May  2 21:41:25 2022
imb F 83% pme/F 0.41 step 45674400, will finish Mon May  2 21:41:23 2022
step 45674500, will finish Mon May  2 21:41:23 2022
step 45674600, will finish Mon May  2 21:41:21 2022
step 45674700, will finish Mon May  2 21:41:21 2022
imb F 70% pme/F 0.27 step 45674800, will finish Mon May  2 21:41:21 2022
step 45674900, will finish Mon May  2 21:41:22 2022
step 45675000, will finish Mon May  2 21:41:34 2022
step 45675100, will finish Mon May  2 21:41:33 2022
imb F 27% pme/F 0.39 step 45675200, will finish Mon May  2 21:41:30 2022
step 45675300, will finish Mon May  2 21:41:32 2022
step 45675400, will finish Mon May  2 21:41:30 2022
step 45675500, will finish Mon May  2 21:41:28 2022
imb F 53% pme/F 0.31 step 45675600, will finish Mon May  2 21:41:26 2022
step 45675700, will finish Mon May  2 21:41:24 2022
step 45675800, will finish Mon May  2 21:41:22 2022
step 45675900, will finish Mon May  2 21:41:21 2022
imb F  5% pme/F 1.82 step 45676000, will finish Mon May  2 21:41:19 2022
step 45676100, will finish Mon May  2 21:41:17 2022
step 45676200, will finish Mon May  2 21:41:15 2022
step 45676300, will finish Mon May  2 21:41:13 2022
imb F 34% pme/F 3.81 step 45676400, will finish Mon May  2 21:41:12 2022
step 45676500, will finish Mon May  2 21:41:10 2022
step 45676600, will finish Mon May  2 21:41:08 2022
step 45676700, will finish Mon May  2 21:41:07 2022
imb F 21% pme/F 0.44 step 45676800, will finish Mon May  2 21:41:11 2022
step 45676900, will finish Mon May  2 21:41:09 2022
step 45677000, will finish Mon May  2 21:41:07 2022
step 45677100, will finish Mon May  2 21:41:06 2022
imb F 23% pme/F 1.64 step 45677200, will finish Mon May  2 21:41:04 2022
step 45677300, will finish Mon May  2 21:41:02 2022
step 45677400, will finish Mon May  2 21:41:00 2022
step 45677500, will finish Mon May  2 21:40:58 2022
imb F 20% pme/F 1.19 step 45677600, will finish Mon May  2 21:41:06 2022
step 45677700, will finish Mon May  2 21:41:04 2022
step 45677800, will finish Mon May  2 21:41:02 2022
step 45677900, will finish Mon May  2 21:41:00 2022
imb F 24% pme/F 2.13 step 45678000, will finish Mon May  2 21:41:02 2022
step 45678100, will finish Mon May  2 21:41:00 2022
step 45678200, will finish Mon May  2 21:40:59 2022
step 45678300, will finish Mon May  2 21:40:58 2022
imb F 16% pme/F 1.27 step 45678400, will finish Mon May  2 21:41:15 2022
step 45678500, will finish Mon May  2 21:41:14 2022
step 45678600, will finish Mon May  2 21:41:12 2022
step 45678700, will finish Mon May  2 21:41:13 2022
imb F  5% pme/F 1.72 step 45678800, will finish Mon May  2 21:41:11 2022
step 45678900, will finish Mon May  2 21:41:11 2022
step 45679000, will finish Mon May  2 21:41:09 2022
step 45679100, will finish Mon May  2 21:41:07 2022
imb F 31% pme/F 11.52 step 45679200, will finish Mon May  2 21:41:09 2022
step 45679300, will finish Mon May  2 21:41:13 2022
step 45679400, will finish Mon May  2 21:41:11 2022
step 45679500, will finish Mon May  2 21:41:09 2022
imb F 16% pme/F 0.37 step 45679600, will finish Mon May  2 21:41:14 2022
step 45679700, will finish Mon May  2 21:41:14 2022
step 45679800, will finish Mon May  2 21:41:12 2022
step 45679900, will finish Mon May  2 21:41:10 2022
imb F 56% pme/F 0.42 step 45680000, will finish Mon May  2 21:41:08 2022
step 45680100, will finish Mon May  2 21:41:12 2022
step 45680200, will finish Mon May  2 21:41:10 2022
step 45680300, will finish Mon May  2 21:41:08 2022
imb F 15% pme/F 3.77 step 45680400, will finish Mon May  2 21:41:07 2022
step 45680500, will finish Mon May  2 21:41:22 2022
step 45680600, will finish Mon May  2 21:41:20 2022
step 45680700, will finish Mon May  2 21:41:24 2022
imb F  4% pme/F 1.71 step 45680800, will finish Mon May  2 21:41:22 2022
step 45680900, will finish Mon May  2 21:41:24 2022
step 45681000, will finish Mon May  2 21:41:22 2022
step 45681100, will finish Mon May  2 21:41:22 2022
imb F  2% pme/F 1.74 step 45681200, will finish Mon May  2 21:41:20 2022
step 45681300, will finish Mon May  2 21:41:18 2022
step 45681400, will finish Mon May  2 21:41:24 2022
step 45681500, will finish Mon May  2 21:41:30 2022
imb F 29% pme/F 0.40 step 45681600, will finish Mon May  2 21:41:28 2022
step 45681700, will finish Mon May  2 21:41:27 2022
step 45681800, will finish Mon May  2 21:41:27 2022
step 45681900, will finish Mon May  2 21:41:25 2022
imb F 21% pme/F 1.09 step 45682000, will finish Mon May  2 21:41:33 2022
step 45682100, will finish Mon May  2 21:41:36 2022
step 45682200, will finish Mon May  2 21:41:41 2022
step 45682300, will finish Mon May  2 21:41:46 2022
imb F 58% pme/F 0.28 step 45682400, will finish Mon May  2 21:41:44 2022
step 45682500, will finish Mon May  2 21:41:45 2022
step 45682600, will finish Mon May  2 21:41:43 2022
step 45682700, will finish Mon May  2 21:41:41 2022
imb F  6% pme/F 1.69 step 45682800, will finish Mon May  2 21:41:39 2022
step 45682900, will finish Mon May  2 21:41:37 2022
step 45683000, will finish Mon May  2 21:41:36 2022
step 45683100, will finish Mon May  2 21:41:45 2022
imb F  3% pme/F 0.94 step 45683200, will finish Mon May  2 21:41:46 2022
step 45683300, will finish Mon May  2 21:41:44 2022
step 45683400, will finish Mon May  2 21:41:42 2022
step 45683500, will finish Mon May  2 21:41:56 2022
imb F 34% pme/F 1.32 step 45683600, will finish Mon May  2 21:41:59 2022
step 45683700, will finish Mon May  2 21:41:57 2022
step 45683800, will finish Mon May  2 21:41:55 2022
step 45683900, will finish Mon May  2 21:41:54 2022
imb F  4% pme/F 1.31 step 45684000, will finish Mon May  2 21:41:52 2022
step 45684100, will finish Mon May  2 21:41:50 2022
step 45684200, will finish Mon May  2 21:41:48 2022
step 45684300, will finish Mon May  2 21:41:46 2022
imb F 38% pme/F 0.35 step 45684400, will finish Mon May  2 21:41:44 2022
step 45684500, will finish Mon May  2 21:41:43 2022
step 45684600, will finish Mon May  2 21:41:53 2022
step 45684700, will finish Mon May  2 21:41:51 2022
imb F 17% pme/F 0.45 step 45684800, will finish Mon May  2 21:42:02 2022
step 45684900, will finish Mon May  2 21:42:14 2022
step 45685000, will finish Mon May  2 21:42:12 2022
step 45685100, will finish Mon May  2 21:42:10 2022
imb F 30% pme/F 3.03 step 45685200, will finish Mon May  2 21:42:10 2022
step 45685300, will finish Mon May  2 21:42:08 2022
step 45685400, will finish Mon May  2 21:42:16 2022
step 45685500, will finish Mon May  2 21:42:14 2022
imb F 67% pme/F 0.40 step 45685600, will finish Mon May  2 21:42:12 2022
step 45685700, will finish Mon May  2 21:42:10 2022
step 45685800, will finish Mon May  2 21:42:08 2022
step 45685900, will finish Mon May  2 21:42:06 2022
imb F 16% pme/F 0.50 step 45686000, will finish Mon May  2 21:42:08 2022
step 45686100, will finish Mon May  2 21:42:06 2022
step 45686200, will finish Mon May  2 21:42:16 2022
step 45686300, will finish Mon May  2 21:42:17 2022
imb F 68% pme/F 0.27 step 45686400, will finish Mon May  2 21:42:15 2022
step 45686500, will finish Mon May  2 21:42:17 2022
step 45686600, will finish Mon May  2 21:42:15 2022
step 45686700, will finish Mon May  2 21:42:22 2022
imb F  6% pme/F 0.69 step 45686800, will finish Mon May  2 21:42:22 2022
step 45686900, will finish Mon May  2 21:42:20 2022
step 45687000, will finish Mon May  2 21:42:18 2022
step 45687100, will finish Mon May  2 21:42:22 2022
imb F  5% pme/F 1.71 step 45687200, will finish Mon May  2 21:42:20 2022
step 45687300, will finish Mon May  2 21:42:18 2022
step 45687400, will finish Mon May  2 21:42:16 2022
step 45687500, will finish Mon May  2 21:42:16 2022
imb F 61% pme/F 0.37 step 45687600, will finish Mon May  2 21:42:14 2022
step 45687700, will finish Mon May  2 21:42:12 2022
step 45687800, will finish Mon May  2 21:42:10 2022
step 45687900, will finish Mon May  2 21:42:25 2022
imb F 19% pme/F 0.62 step 45688000, will finish Mon May  2 21:42:34 2022
step 45688100, will finish Mon May  2 21:42:32 2022
step 45688200, will finish Mon May  2 21:42:30 2022
step 45688300, will finish Mon May  2 21:42:28 2022
imb F  3% pme/F 1.68 step 45688400, will finish Mon May  2 21:42:26 2022
step 45688500, will finish Mon May  2 21:42:24 2022
step 45688600, will finish Mon May  2 21:42:28 2022
step 45688700, will finish Mon May  2 21:42:28 2022
imb F 48% pme/F 0.34 step 45688800, will finish Mon May  2 21:42:26 2022
step 45688900, will finish Mon May  2 21:42:33 2022
step 45689000, will finish Mon May  2 21:42:33 2022
step 45689100, will finish Mon May  2 21:42:31 2022
imb F 21% pme/F 0.59 step 45689200, will finish Mon May  2 21:42:38 2022
step 45689300, will finish Mon May  2 21:42:36 2022
step 45689400, will finish Mon May  2 21:42:38 2022
step 45689500, will finish Mon May  2 21:42:36 2022
imb F  4% pme/F 1.82 step 45689600, will finish Mon May  2 21:42:34 2022
step 45689700, will finish Mon May  2 21:42:32 2022
step 45689800, will finish Mon May  2 21:42:32 2022
step 45689900, will finish Mon May  2 21:42:32 2022
imb F 23% pme/F 0.27 step 45690000, will finish Mon May  2 21:42:32 2022
step 45690100, will finish Mon May  2 21:42:46 2022
step 45690200, will finish Mon May  2 21:42:44 2022
step 45690300, will finish Mon May  2 21:42:44 2022
imb F 59% pme/F 0.25 step 45690400, will finish Mon May  2 21:42:42 2022
step 45690500, will finish Mon May  2 21:42:40 2022
step 45690600, will finish Mon May  2 21:42:38 2022
step 45690700, will finish Mon May  2 21:42:36 2022
imb F 16% pme/F 0.35 step 45690800, will finish Mon May  2 21:42:40 2022
step 45690900, will finish Mon May  2 21:42:38 2022
step 45691000, will finish Mon May  2 21:42:38 2022
step 45691100, will finish Mon May  2 21:42:36 2022
imb F 56% pme/F 0.22 step 45691200, will finish Mon May  2 21:42:34 2022
step 45691300, will finish Mon May  2 21:42:32 2022
step 45691400, will finish Mon May  2 21:42:34 2022
step 45691500, will finish Mon May  2 21:42:32 2022
imb F 13% pme/F 0.13 step 45691600, will finish Mon May  2 21:42:37 2022
step 45691700, will finish Mon May  2 21:42:36 2022
step 45691800, will finish Mon May  2 21:42:34 2022
step 45691900, will finish Mon May  2 21:42:38 2022
imb F  2% pme/F 0.26 step 45692000, will finish Mon May  2 21:42:36 2022
step 45692100, will finish Mon May  2 21:42:35 2022
step 45692200, will finish Mon May  2 21:42:38 2022
step 45692300, will finish Mon May  2 21:42:36 2022
imb F  3% pme/F 0.31 step 45692400, will finish Mon May  2 21:42:34 2022
step 45692500, will finish Mon May  2 21:42:32 2022
step 45692600, will finish Mon May  2 21:42:33 2022
step 45692700, will finish Mon May  2 21:42:43 2022
imb F 91% pme/F 0.25 step 45692800, will finish Mon May  2 21:42:42 2022
step 45692900, will finish Mon May  2 21:42:40 2022
step 45693000, will finish Mon May  2 21:42:38 2022
step 45693100, will finish Mon May  2 21:42:36 2022
imb F 12% pme/F 0.11 step 45693200, will finish Mon May  2 21:42:39 2022
step 45693300, will finish Mon May  2 21:42:37 2022
step 45693400, will finish Mon May  2 21:42:35 2022
step 45693500, will finish Mon May  2 21:42:33 2022
imb F 78% pme/F 0.27 step 45693600, will finish Mon May  2 21:42:31 2022
step 45693700, will finish Mon May  2 21:42:29 2022
step 45693800, will finish Mon May  2 21:42:27 2022
step 45693900, will finish Mon May  2 21:42:25 2022
imb F 47% pme/F 0.30 step 45694000, will finish Mon May  2 21:42:24 2022
step 45694100, will finish Mon May  2 21:42:22 2022
step 45694200, will finish Mon May  2 21:42:26 2022
step 45694300, will finish Mon May  2 21:42:24 2022
imb F 70% pme/F 0.27 step 45694400, will finish Mon May  2 21:42:22 2022
step 45694500, will finish Mon May  2 21:42:20 2022
step 45694600, will finish Mon May  2 21:42:18 2022
step 45694700, will finish Mon May  2 21:42:18 2022
imb F 98% pme/F 0.31 step 45694800, will finish Mon May  2 21:42:16 2022
step 45694900, will finish Mon May  2 21:42:15 2022
step 45695000, will finish Mon May  2 21:42:13 2022
step 45695100, will finish Mon May  2 21:42:11 2022
imb F 74% pme/F 0.27 step 45695200, will finish Mon May  2 21:42:09 2022
step 45695300, will finish Mon May  2 21:42:09 2022
step 45695400, will finish Mon May  2 21:42:08 2022
step 45695500, will finish Mon May  2 21:42:06 2022
imb F 24% pme/F 0.40 step 45695600, will finish Mon May  2 21:42:03 2022
step 45695700, will finish Mon May  2 21:42:02 2022
step 45695800, will finish Mon May  2 21:42:05 2022
step 45695900, will finish Mon May  2 21:42:03 2022
imb F 88% pme/F 0.24 step 45696000, will finish Mon May  2 21:42:02 2022
step 45696100, will finish Mon May  2 21:42:00 2022
step 45696200, will finish Mon May  2 21:41:58 2022
step 45696300, will finish Mon May  2 21:41:56 2022
imb F 54% pme/F 0.37 step 45696400, will finish Mon May  2 21:41:54 2022
step 45696500, will finish Mon May  2 21:41:52 2022
step 45696600, will finish Mon May  2 21:41:50 2022
step 45696700, will finish Mon May  2 21:41:48 2022
imb F  9% pme/F 0.28 step 45696800, will finish Mon May  2 21:41:46 2022
step 45696900, will finish Mon May  2 21:41:46 2022
step 45697000, will finish Mon May  2 21:41:44 2022
step 45697100, will finish Mon May  2 21:41:42 2022
imb F 48% pme/F 0.39 step 45697200, will finish Mon May  2 21:41:40 2022
step 45697300, will finish Mon May  2 21:41:39 2022
step 45697400, will finish Mon May  2 21:41:37 2022
step 45697500, will finish Mon May  2 21:41:37 2022
imb F 77% pme/F 0.26 step 45697600, will finish Mon May  2 21:41:35 2022
step 45697700, will finish Mon May  2 21:41:34 2022
step 45697800, will finish Mon May  2 21:41:32 2022
step 45697900, will finish Mon May  2 21:41:30 2022
imb F  9% pme/F 0.47 step 45698000, will finish Mon May  2 21:41:28 2022
step 45698100, will finish Mon May  2 21:41:26 2022
step 45698200, will finish Mon May  2 21:41:24 2022
step 45698300, will finish Mon May  2 21:41:22 2022
imb F 81% pme/F 0.28 step 45698400, will finish Mon May  2 21:41:20 2022
step 45698500, will finish Mon May  2 21:41:18 2022
step 45698600, will finish Mon May  2 21:41:16 2022
step 45698700, will finish Mon May  2 21:41:14 2022
imb F 41% pme/F 0.41 step 45698800, will finish Mon May  2 21:41:12 2022
step 45698900, will finish Mon May  2 21:41:10 2022
step 45699000, will finish Mon May  2 21:41:24 2022
step 45699100, will finish Mon May  2 21:41:22 2022
imb F 13% pme/F 0.42 step 45699200, will finish Mon May  2 21:41:20 2022
step 45699300, will finish Mon May  2 21:41:18 2022
step 45699400, will finish Mon May  2 21:41:17 2022
step 45699500, will finish Mon May  2 21:41:15 2022
imb F 46% pme/F 0.31 step 45699600, will finish Mon May  2 21:41:13 2022
step 45699700, will finish Mon May  2 21:41:11 2022
step 45699800, will finish Mon May  2 21:41:09 2022
step 45699900, will finish Mon May  2 21:41:18 2022
imb F 67% pme/F 0.37 step 45700000, will finish Mon May  2 21:41:16 2022
step 45700100, will finish Mon May  2 21:41:17 2022
step 45700200, will finish Mon May  2 21:41:23 2022
step 45700300, will finish Mon May  2 21:41:21 2022
imb F 29% pme/F 0.34 step 45700400, will finish Mon May  2 21:41:19 2022
step 45700500, will finish Mon May  2 21:41:18 2022
step 45700600, will finish Mon May  2 21:41:16 2022
step 45700700, will finish Mon May  2 21:41:14 2022
imb F 47% pme/F 0.35 step 45700800, will finish Mon May  2 21:41:12 2022
step 45700900, will finish Mon May  2 21:41:10 2022
step 45701000, will finish Mon May  2 21:41:17 2022
step 45701100, will finish Mon May  2 21:41:15 2022
imb F 56% pme/F 0.36 step 45701200, will finish Mon May  2 21:41:13 2022
step 45701300, will finish Mon May  2 21:41:14 2022
step 45701400, will finish Mon May  2 21:41:12 2022
step 45701500, will finish Mon May  2 21:41:16 2022
imb F 79% pme/F 0.25 step 45701600, will finish Mon May  2 21:41:14 2022
step 45701700, will finish Mon May  2 21:41:12 2022
step 45701800, will finish Mon May  2 21:41:15 2022
step 45701900, will finish Mon May  2 21:41:18 2022
imb F 20% pme/F 0.49 step 45702000, will finish Mon May  2 21:41:19 2022
step 45702100, will finish Mon May  2 21:41:17 2022
step 45702200, will finish Mon May  2 21:41:15 2022
step 45702300, will finish Mon May  2 21:41:13 2022
imb F 34% pme/F 0.34 step 45702400, will finish Mon May  2 21:41:11 2022
step 45702500, will finish Mon May  2 21:41:09 2022
step 45702600, will finish Mon May  2 21:41:07 2022
step 45702700, will finish Mon May  2 21:41:05 2022
imb F 99% pme/F 0.32 step 45702800, will finish Mon May  2 21:41:03 2022
step 45702900, will finish Mon May  2 21:41:01 2022
step 45703000, will finish Mon May  2 21:41:00 2022
step 45703100, will finish Mon May  2 21:40:58 2022
imb F 27% pme/F 0.38 step 45703200, will finish Mon May  2 21:41:06 2022
step 45703300, will finish Mon May  2 21:41:05 2022
step 45703400, will finish Mon May  2 21:41:04 2022
step 45703500, will finish Mon May  2 21:41:01 2022
imb F 87% pme/F 0.29 step 45703600, will finish Mon May  2 21:41:00 2022
step 45703700, will finish Mon May  2 21:41:00 2022
step 45703800, will finish Mon May  2 21:40:58 2022
step 45703900, will finish Mon May  2 21:40:56 2022
imb F 12% pme/F 0.16 step 45704000, will finish Mon May  2 21:41:13 2022
step 45704100, will finish Mon May  2 21:41:11 2022
step 45704200, will finish Mon May  2 21:41:12 2022
step 45704300, will finish Mon May  2 21:41:12 2022
imb F 63% pme/F 0.26 step 45704400, will finish Mon May  2 21:41:14 2022
step 45704500, will finish Mon May  2 21:41:12 2022
step 45704600, will finish Mon May  2 21:41:10 2022
step 45704700, will finish Mon May  2 21:41:08 2022
imb F 68% pme/F 0.27 step 45704800, will finish Mon May  2 21:41:06 2022
step 45704900, will finish Mon May  2 21:41:05 2022
step 45705000, will finish Mon May  2 21:41:06 2022
step 45705100, will finish Mon May  2 21:41:04 2022
imb F 14% pme/F 0.39 step 45705200, will finish Mon May  2 21:41:02 2022
step 45705300, will finish Mon May  2 21:41:00 2022
step 45705400, will finish Mon May  2 21:40:59 2022
step 45705500, will finish Mon May  2 21:40:57 2022
imb F 69% pme/F 0.24 step 45705600, will finish Mon May  2 21:40:55 2022
step 45705700, will finish Mon May  2 21:40:53 2022
step 45705800, will finish Mon May  2 21:40:51 2022
step 45705900, will finish Mon May  2 21:40:49 2022
imb F 19% pme/F 0.11 step 45706000, will finish Mon May  2 21:40:54 2022
step 45706100, will finish Mon May  2 21:41:03 2022
step 45706200, will finish Mon May  2 21:41:01 2022
step 45706300, will finish Mon May  2 21:41:18 2022
imb F 48% pme/F 0.33 step 45706400, will finish Mon May  2 21:41:18 2022
step 45706500, will finish Mon May  2 21:41:16 2022
step 45706600, will finish Mon May  2 21:41:16 2022
step 45706700, will finish Mon May  2 21:41:14 2022
imb F 14% pme/F 0.10 step 45706800, will finish Mon May  2 21:41:22 2022
step 45706900, will finish Mon May  2 21:41:26 2022
step 45707000, will finish Mon May  2 21:41:24 2022
step 45707100, will finish Mon May  2 21:41:22 2022
imb F 92% pme/F 0.31 step 45707200, will finish Mon May  2 21:41:20 2022
step 45707300, will finish Mon May  2 21:41:24 2022
step 45707400, will finish Mon May  2 21:41:22 2022
step 45707500, will finish Mon May  2 21:41:20 2022
imb F 59% pme/F 0.40 step 45707600, will finish Mon May  2 21:41:18 2022
step 45707700, will finish Mon May  2 21:41:16 2022
step 45707800, will finish Mon May  2 21:41:21 2022
step 45707900, will finish Mon May  2 21:41:19 2022
imb F 59% pme/F 0.29 step 45708000, will finish Mon May  2 21:41:17 2022
step 45708100, will finish Mon May  2 21:41:15 2022
step 45708200, will finish Mon May  2 21:41:14 2022
step 45708300, will finish Mon May  2 21:41:12 2022
imb F 35% pme/F 0.36 step 45708400, will finish Mon May  2 21:41:10 2022
step 45708500, will finish Mon May  2 21:41:11 2022
step 45708600, will finish Mon May  2 21:41:09 2022
step 45708700, will finish Mon May  2 21:41:07 2022
imb F 34% pme/F 0.36 step 45708800, will finish Mon May  2 21:41:05 2022
step 45708900, will finish Mon May  2 21:41:04 2022
step 45709000, will finish Mon May  2 21:41:11 2022
step 45709100, will finish Mon May  2 21:41:18 2022
imb F 85% pme/F 0.25 step 45709200, will finish Mon May  2 21:41:16 2022
step 45709300, will finish Mon May  2 21:41:14 2022
step 45709400, will finish Mon May  2 21:41:12 2022
step 45709500, will finish Mon May  2 21:41:11 2022
imb F  9% pme/F 0.09 step 45709600, will finish Mon May  2 21:41:15 2022
step 45709700, will finish Mon May  2 21:41:13 2022
step 45709800, will finish Mon May  2 21:41:12 2022
step 45709900, will finish Mon May  2 21:41:10 2022
imb F 53% pme/F 0.40 step 45710000, will finish Mon May  2 21:41:08 2022
step 45710100, will finish Mon May  2 21:41:06 2022
step 45710200, will finish Mon May  2 21:41:04 2022
step 45710300, will finish Mon May  2 21:41:04 2022
imb F 41% pme/F 0.29 step 45710400, will finish Mon May  2 21:41:02 2022
step 45710500, will finish Mon May  2 21:41:00 2022
step 45710600, will finish Mon May  2 21:40:58 2022
step 45710700, will finish Mon May  2 21:40:57 2022
imb F 20% pme/F 0.39 step 45710800, will finish Mon May  2 21:40:55 2022
step 45710900, will finish Mon May  2 21:40:53 2022
step 45711000, will finish Mon May  2 21:40:58 2022
step 45711100, will finish Mon May  2 21:40:56 2022
imb F 80% pme/F 0.29 step 45711200, will finish Mon May  2 21:40:54 2022
step 45711300, will finish Mon May  2 21:40:52 2022
step 45711400, will finish Mon May  2 21:40:50 2022
step 45711500, will finish Mon May  2 21:40:48 2022
imb F 63% pme/F 0.26 step 45711600, will finish Mon May  2 21:40:47 2022
step 45711700, will finish Mon May  2 21:40:45 2022
step 45711800, will finish Mon May  2 21:40:43 2022
step 45711900, will finish Mon May  2 21:40:41 2022
imb F 14% pme/F 0.21 step 45712000, will finish Mon May  2 21:40:54 2022
step 45712100, will finish Mon May  2 21:40:56 2022
step 45712200, will finish Mon May  2 21:40:54 2022
step 45712300, will finish Mon May  2 21:40:58 2022
imb F 49% pme/F 0.32 step 45712400, will finish Mon May  2 21:40:56 2022
step 45712500, will finish Mon May  2 21:40:55 2022
step 45712600, will finish Mon May  2 21:40:53 2022
step 45712700, will finish Mon May  2 21:40:51 2022
imb F 64% pme/F 0.22 step 45712800, will finish Mon May  2 21:40:49 2022
step 45712900, will finish Mon May  2 21:40:47 2022
step 45713000, will finish Mon May  2 21:40:45 2022
step 45713100, will finish Mon May  2 21:40:43 2022
imb F 50% pme/F 0.31 step 45713200, will finish Mon May  2 21:40:41 2022
step 45713300, will finish Mon May  2 21:40:40 2022
step 45713400, will finish Mon May  2 21:40:38 2022
step 45713500, will finish Mon May  2 21:40:36 2022
imb F 59% pme/F 0.28 step 45713600, will finish Mon May  2 21:40:34 2022
step 45713700, will finish Mon May  2 21:40:33 2022
step 45713800, will finish Mon May  2 21:40:34 2022
step 45713900, will finish Mon May  2 21:40:32 2022
imb F 15% pme/F 0.42 step 45714000, will finish Mon May  2 21:40:30 2022
step 45714100, will finish Mon May  2 21:40:28 2022
step 45714200, will finish Mon May  2 21:40:26 2022
step 45714300, will finish Mon May  2 21:40:24 2022
imb F 74% pme/F 0.29 step 45714400, will finish Mon May  2 21:40:23 2022
step 45714500, will finish Mon May  2 21:40:21 2022
step 45714600, will finish Mon May  2 21:40:19 2022
step 45714700, will finish Mon May  2 21:40:21 2022
imb F 62% pme/F 0.38 step 45714800, will finish Mon May  2 21:40:19 2022
step 45714900, will finish Mon May  2 21:40:17 2022
step 45715000, will finish Mon May  2 21:40:15 2022
step 45715100, will finish Mon May  2 21:40:15 2022
imb F 76% pme/F 0.52 step 45715200, will finish Mon May  2 21:40:15 2022
step 45715300, will finish Mon May  2 21:40:13 2022
step 45715400, will finish Mon May  2 21:40:11 2022
step 45715500, will finish Mon May  2 21:40:09 2022
imb F 32% pme/F 0.36 step 45715600, will finish Mon May  2 21:40:07 2022
step 45715700, will finish Mon May  2 21:40:05 2022
step 45715800, will finish Mon May  2 21:40:04 2022
step 45715900, will finish Mon May  2 21:40:02 2022
imb F 78% pme/F 0.26 step 45716000, will finish Mon May  2 21:40:00 2022
step 45716100, will finish Mon May  2 21:39:58 2022
step 45716200, will finish Mon May  2 21:39:56 2022
step 45716300, will finish Mon May  2 21:39:56 2022
imb F 69% pme/F 0.31 step 45716400, will finish Mon May  2 21:39:54 2022
step 45716500, will finish Mon May  2 21:39:52 2022
step 45716600, will finish Mon May  2 21:39:50 2022
step 45716700, will finish Mon May  2 21:39:48 2022
imb F 14% pme/F 0.47 step 45716800, will finish Mon May  2 21:39:46 2022
step 45716900, will finish Mon May  2 21:39:45 2022
step 45717000, will finish Mon May  2 21:39:43 2022
step 45717100, will finish Mon May  2 21:39:41 2022
imb F 64% pme/F 0.25 step 45717200, will finish Mon May  2 21:39:39 2022
step 45717300, will finish Mon May  2 21:39:39 2022
step 45717400, will finish Mon May  2 21:39:37 2022
step 45717500, will finish Mon May  2 21:39:35 2022
imb F 85% pme/F 0.25 step 45717600, will finish Mon May  2 21:39:33 2022
step 45717700, will finish Mon May  2 21:39:31 2022
step 45717800, will finish Mon May  2 21:39:38 2022
step 45717900, will finish Mon May  2 21:39:36 2022
imb F 32% pme/F 0.42 step 45718000, will finish Mon May  2 21:39:34 2022
step 45718100, will finish Mon May  2 21:39:32 2022
step 45718200, will finish Mon May  2 21:39:30 2022
step 45718300, will finish Mon May  2 21:39:48 2022
imb F 74% pme/F 0.29 step 45718400, will finish Mon May  2 21:39:48 2022
step 45718500, will finish Mon May  2 21:39:47 2022
step 45718600, will finish Mon May  2 21:39:45 2022
step 45718700, will finish Mon May  2 21:39:43 2022
imb F 98% pme/F 0.23 step 45718800, will finish Mon May  2 21:39:41 2022
step 45718900, will finish Mon May  2 21:39:39 2022
step 45719000, will finish Mon May  2 21:39:37 2022
step 45719100, will finish Mon May  2 21:39:42 2022
imb F 12% pme/F 0.26 step 45719200, will finish Mon May  2 21:39:40 2022
step 45719300, will finish Mon May  2 21:39:41 2022
step 45719400, will finish Mon May  2 21:39:39 2022
step 45719500, will finish Mon May  2 21:39:37 2022
imb F 39% pme/F 0.41 step 45719600, will finish Mon May  2 21:39:35 2022
step 45719700, will finish Mon May  2 21:39:33 2022
step 45719800, will finish Mon May  2 21:39:31 2022
step 45719900, will finish Mon May  2 21:39:29 2022
imb F 22% pme/F 0.14 step 45720000, will finish Mon May  2 21:39:33 2022
step 45720100, will finish Mon May  2 21:39:31 2022
step 45720200, will finish Mon May  2 21:39:29 2022
step 45720300, will finish Mon May  2 21:39:27 2022
imb F 36% pme/F 0.34 step 45720400, will finish Mon May  2 21:39:25 2022
step 45720500, will finish Mon May  2 21:39:25 2022
step 45720600, will finish Mon May  2 21:39:23 2022
step 45720700, will finish Mon May  2 21:39:42 2022
imb F 90% pme/F 0.25 step 45720800, will finish Mon May  2 21:39:40 2022
step 45720900, will finish Mon May  2 21:39:42 2022
step 45721000, will finish Mon May  2 21:39:43 2022
step 45721100, will finish Mon May  2 21:39:41 2022
imb F 16% pme/F 0.45 step 45721200, will finish Mon May  2 21:39:46 2022
step 45721300, will finish Mon May  2 21:39:44 2022
step 45721400, will finish Mon May  2 21:39:42 2022
step 45721500, will finish Mon May  2 21:39:40 2022
imb F 66% pme/F 0.34 step 45721600, will finish Mon May  2 21:39:38 2022
step 45721700, will finish Mon May  2 21:39:36 2022
step 45721800, will finish Mon May  2 21:39:35 2022
step 45721900, will finish Mon May  2 21:39:33 2022
imb F 76% pme/F 0.26 step 45722000, will finish Mon May  2 21:39:31 2022
step 45722100, will finish Mon May  2 21:39:29 2022
step 45722200, will finish Mon May  2 21:39:39 2022
step 45722300, will finish Mon May  2 21:39:37 2022
imb F 29% pme/F 0.31 step 45722400, will finish Mon May  2 21:39:36 2022
step 45722500, will finish Mon May  2 21:39:34 2022
step 45722600, will finish Mon May  2 21:39:32 2022
step 45722700, will finish Mon May  2 21:39:48 2022
imb F  2% pme/F 1.30 step 45722800, will finish Mon May  2 21:39:46 2022
step 45722900, will finish Mon May  2 21:39:44 2022
step 45723000, will finish Mon May  2 21:39:44 2022
step 45723100, will finish Mon May  2 21:39:43 2022
imb F 24% pme/F 0.38 step 45723200, will finish Mon May  2 21:39:41 2022
step 45723300, will finish Mon May  2 21:39:39 2022
step 45723400, will finish Mon May  2 21:39:37 2022
step 45723500, will finish Mon May  2 21:39:36 2022
imb F 36% pme/F 3.18 step 45723600, will finish Mon May  2 21:39:40 2022
step 45723700, will finish Mon May  2 21:39:49 2022
step 45723800, will finish Mon May  2 21:39:54 2022
step 45723900, will finish Mon May  2 21:39:52 2022
imb F 14% pme/F 2.38 step 45724000, will finish Mon May  2 21:39:51 2022
step 45724100, will finish Mon May  2 21:39:49 2022
step 45724200, will finish Mon May  2 21:39:47 2022
step 45724300, will finish Mon May  2 21:39:45 2022
imb F 76% pme/F 0.28 step 45724400, will finish Mon May  2 21:39:43 2022
step 45724500, will finish Mon May  2 21:39:43 2022
step 45724600, will finish Mon May  2 21:39:49 2022
step 45724700, will finish Mon May  2 21:39:55 2022
imb F  8% pme/F 1.73 step 45724800, will finish Mon May  2 21:39:53 2022
step 45724900, will finish Mon May  2 21:39:51 2022
step 45725000, will finish Mon May  2 21:39:58 2022
step 45725100, will finish Mon May  2 21:39:56 2022
imb F  7% pme/F 1.65 step 45725200, will finish Mon May  2 21:39:54 2022
step 45725300, will finish Mon May  2 21:39:52 2022
step 45725400, will finish Mon May  2 21:39:50 2022
step 45725500, will finish Mon May  2 21:39:54 2022
imb F 43% pme/F 4.22 step 45725600, will finish Mon May  2 21:40:01 2022
step 45725700, will finish Mon May  2 21:39:59 2022
step 45725800, will finish Mon May  2 21:39:57 2022
step 45725900, will finish Mon May  2 21:39:55 2022
imb F  9% pme/F 1.87 step 45726000, will finish Mon May  2 21:39:53 2022
step 45726100, will finish Mon May  2 21:39:55 2022
step 45726200, will finish Mon May  2 21:40:04 2022
step 45726300, will finish Mon May  2 21:40:07 2022
imb F 78% pme/F 0.36 step 45726400, will finish Mon May  2 21:40:05 2022
step 45726500, will finish Mon May  2 21:40:03 2022
step 45726600, will finish Mon May  2 21:40:02 2022
step 45726700, will finish Mon May  2 21:40:02 2022
imb F 89% pme/F 0.25 step 45726800, will finish Mon May  2 21:40:00 2022
step 45726900, will finish Mon May  2 21:39:58 2022
step 45727000, will finish Mon May  2 21:39:56 2022
step 45727100, will finish Mon May  2 21:39:54 2022
imb F 49% pme/F 13.70 step 45727200, will finish Mon May  2 21:40:01 2022
step 45727300, will finish Mon May  2 21:39:59 2022
step 45727400, will finish Mon May  2 21:39:57 2022
step 45727500, will finish Mon May  2 21:39:55 2022
imb F  6% pme/F 1.69 step 45727600, will finish Mon May  2 21:39:53 2022
step 45727700, will finish Mon May  2 21:39:51 2022
step 45727800, will finish Mon May  2 21:39:49 2022
step 45727900, will finish Mon May  2 21:39:48 2022
imb F 14% pme/F 0.53 step 45728000, will finish Mon May  2 21:39:46 2022
step 45728100, will finish Mon May  2 21:39:44 2022
step 45728200, will finish Mon May  2 21:39:43 2022
step 45728300, will finish Mon May  2 21:39:44 2022
imb F 64% pme/F 0.24 step 45728400, will finish Mon May  2 21:39:43 2022
step 45728500, will finish Mon May  2 21:39:43 2022
step 45728600, will finish Mon May  2 21:39:47 2022
step 45728700, will finish Mon May  2 21:39:45 2022
imb F  6% pme/F 1.53 step 45728800, will finish Mon May  2 21:39:43 2022
step 45728900, will finish Mon May  2 21:39:41 2022
step 45729000, will finish Mon May  2 21:39:40 2022
step 45729100, will finish Mon May  2 21:39:38 2022
imb F  1% pme/F 1.86 step 45729200, will finish Mon May  2 21:39:36 2022
step 45729300, will finish Mon May  2 21:39:36 2022
step 45729400, will finish Mon May  2 21:39:34 2022
step 45729500, will finish Mon May  2 21:39:32 2022
imb F 52% pme/F 0.26 step 45729600, will finish Mon May  2 21:39:30 2022
step 45729700, will finish Mon May  2 21:39:30 2022
step 45729800, will finish Mon May  2 21:39:46 2022
step 45729900, will finish Mon May  2 21:39:45 2022
imb F 87% pme/F 0.25 step 45730000, will finish Mon May  2 21:39:43 2022
step 45730100, will finish Mon May  2 21:39:41 2022
step 45730200, will finish Mon May  2 21:39:39 2022
step 45730300, will finish Mon May  2 21:39:37 2022
imb F 71% pme/F 0.26 step 45730400, will finish Mon May  2 21:39:35 2022
step 45730500, will finish Mon May  2 21:39:34 2022
step 45730600, will finish Mon May  2 21:39:32 2022
step 45730700, will finish Mon May  2 21:39:30 2022
imb F 39% pme/F 2.08 step 45730800, will finish Mon May  2 21:39:30 2022
step 45730900, will finish Mon May  2 21:39:28 2022
step 45731000, will finish Mon May  2 21:39:30 2022
step 45731100, will finish Mon May  2 21:39:28 2022
imb F 41% pme/F 0.38 step 45731200, will finish Mon May  2 21:39:26 2022
step 45731300, will finish Mon May  2 21:39:24 2022
step 45731400, will finish Mon May  2 21:39:23 2022
step 45731500, will finish Mon May  2 21:39:21 2022
imb F  5% pme/F 1.82 step 45731600, will finish Mon May  2 21:39:19 2022
step 45731700, will finish Mon May  2 21:39:17 2022
step 45731800, will finish Mon May  2 21:39:16 2022
step 45731900, will finish Mon May  2 21:39:14 2022
imb F 86% pme/F 0.25 step 45732000, will finish Mon May  2 21:39:12 2022
step 45732100, will finish Mon May  2 21:39:18 2022
step 45732200, will finish Mon May  2 21:39:23 2022
step 45732300, will finish Mon May  2 21:39:21 2022
imb F  6% pme/F 1.72 step 45732400, will finish Mon May  2 21:39:19 2022
step 45732500, will finish Mon May  2 21:39:19 2022
step 45732600, will finish Mon May  2 21:39:17 2022
step 45732700, will finish Mon May  2 21:39:15 2022
imb F 94% pme/F 0.26 step 45732800, will finish Mon May  2 21:39:13 2022
step 45732900, will finish Mon May  2 21:39:12 2022
step 45733000, will finish Mon May  2 21:39:10 2022
step 45733100, will finish Mon May  2 21:39:08 2022
imb F 11% pme/F 0.43 step 45733200, will finish Mon May  2 21:39:06 2022
step 45733300, will finish Mon May  2 21:39:04 2022
step 45733400, will finish Mon May  2 21:39:04 2022
step 45733500, will finish Mon May  2 21:39:02 2022
imb F 20% pme/F 0.33 step 45733600, will finish Mon May  2 21:39:00 2022
step 45733700, will finish Mon May  2 21:38:58 2022
step 45733800, will finish Mon May  2 21:38:57 2022
step 45733900, will finish Mon May  2 21:39:02 2022
imb F 60% pme/F 0.38 step 45734000, will finish Mon May  2 21:39:00 2022
step 45734100, will finish Mon May  2 21:39:02 2022
step 45734200, will finish Mon May  2 21:39:00 2022
step 45734300, will finish Mon May  2 21:38:58 2022
imb F 95% pme/F 0.23 step 45734400, will finish Mon May  2 21:38:56 2022
step 45734500, will finish Mon May  2 21:38:54 2022
step 45734600, will finish Mon May  2 21:38:53 2022
step 45734700, will finish Mon May  2 21:38:51 2022
imb F  2% pme/F 1.34 step 45734800, will finish Mon May  2 21:38:52 2022
step 45734900, will finish Mon May  2 21:38:50 2022
step 45735000, will finish Mon May  2 21:38:52 2022
step 45735100, will finish Mon May  2 21:38:50 2022
imb F  6% pme/F 1.28 step 45735200, will finish Mon May  2 21:38:48 2022
step 45735300, will finish Mon May  2 21:38:53 2022
step 45735400, will finish Mon May  2 21:38:52 2022
step 45735500, will finish Mon May  2 21:38:51 2022
imb F 31% pme/F 0.15 step 45735600, will finish Mon May  2 21:38:50 2022
step 45735700, will finish Mon May  2 21:38:49 2022
step 45735800, will finish Mon May  2 21:38:47 2022
step 45735900, will finish Mon May  2 21:38:45 2022
imb F  9% pme/F 1.72 step 45736000, will finish Mon May  2 21:38:43 2022
step 45736100, will finish Mon May  2 21:38:48 2022
step 45736200, will finish Mon May  2 21:38:46 2022
step 45736300, will finish Mon May  2 21:38:44 2022
imb F 26% pme/F 0.91 step 45736400, will finish Mon May  2 21:38:54 2022
step 45736500, will finish Mon May  2 21:38:52 2022
step 45736600, will finish Mon May  2 21:38:50 2022
step 45736700, will finish Mon May  2 21:38:48 2022
imb F 52% pme/F 0.50 step 45736800, will finish Mon May  2 21:38:46 2022
step 45736900, will finish Mon May  2 21:38:46 2022
step 45737000, will finish Mon May  2 21:38:51 2022
step 45737100, will finish Mon May  2 21:38:49 2022
imb F 27% pme/F 2.72 step 45737200, will finish Mon May  2 21:38:55 2022
step 45737300, will finish Mon May  2 21:39:00 2022
step 45737400, will finish Mon May  2 21:38:58 2022
step 45737500, will finish Mon May  2 21:38:56 2022
imb F 43% pme/F 3.42 step 45737600, will finish Mon May  2 21:38:57 2022
step 45737700, will finish Mon May  2 21:38:55 2022
step 45737800, will finish Mon May  2 21:38:57 2022
step 45737900, will finish Mon May  2 21:39:00 2022
imb F 78% pme/F 0.26 step 45738000, will finish Mon May  2 21:38:58 2022
step 45738100, will finish Mon May  2 21:38:56 2022
step 45738200, will finish Mon May  2 21:38:54 2022
step 45738300, will finish Mon May  2 21:38:52 2022
imb F 55% pme/F 0.42 step 45738400, will finish Mon May  2 21:38:52 2022
step 45738500, will finish Mon May  2 21:38:51 2022
step 45738600, will finish Mon May  2 21:38:57 2022
step 45738700, will finish Mon May  2 21:39:06 2022
imb F 84% pme/F 0.34 step 45738800, will finish Mon May  2 21:39:05 2022
step 45738900, will finish Mon May  2 21:39:03 2022
step 45739000, will finish Mon May  2 21:39:26 2022
step 45739100, will finish Mon May  2 21:39:24 2022
imb F 47% pme/F 0.31 step 45739200, will finish Mon May  2 21:39:22 2022
step 45739300, will finish Mon May  2 21:39:20 2022
step 45739400, will finish Mon May  2 21:39:19 2022
step 45739500, will finish Mon May  2 21:39:22 2022
imb F 96% pme/F 0.24 step 45739600, will finish Mon May  2 21:39:20 2022
step 45739700, will finish Mon May  2 21:39:31 2022
step 45739800, will finish Mon May  2 21:39:30 2022
step 45739900, will finish Mon May  2 21:39:28 2022
imb F 18% pme/F 0.17 step 45740000, will finish Mon May  2 21:39:33 2022
step 45740100, will finish Mon May  2 21:39:31 2022
step 45740200, will finish Mon May  2 21:39:38 2022
step 45740300, will finish Mon May  2 21:39:36 2022
imb F 63% pme/F 0.27 step 45740400, will finish Mon May  2 21:39:34 2022
step 45740500, will finish Mon May  2 21:39:39 2022
step 45740600, will finish Mon May  2 21:39:37 2022
step 45740700, will finish Mon May  2 21:39:39 2022
imb F 49% pme/F 0.39 step 45740800, will finish Mon May  2 21:39:37 2022
step 45740900, will finish Mon May  2 21:39:38 2022
step 45741000, will finish Mon May  2 21:39:38 2022
step 45741100, will finish Mon May  2 21:39:36 2022
imb F 41% pme/F 0.30 step 45741200, will finish Mon May  2 21:39:34 2022
step 45741300, will finish Mon May  2 21:39:32 2022
step 45741400, will finish Mon May  2 21:39:31 2022
step 45741500, will finish Mon May  2 21:39:29 2022
imb F 47% pme/F 0.34 step 45741600, will finish Mon May  2 21:39:27 2022
step 45741700, will finish Mon May  2 21:39:25 2022
step 45741800, will finish Mon May  2 21:39:23 2022
step 45741900, will finish Mon May  2 21:39:21 2022
imb F 78% pme/F 0.27 step 45742000, will finish Mon May  2 21:39:20 2022
step 45742100, will finish Mon May  2 21:39:18 2022
step 45742200, will finish Mon May  2 21:39:18 2022
step 45742300, will finish Mon May  2 21:39:16 2022
imb F 14% pme/F 0.14 step 45742400, will finish Mon May  2 21:39:24 2022
step 45742500, will finish Mon May  2 21:39:23 2022
step 45742600, will finish Mon May  2 21:39:23 2022
step 45742700, will finish Mon May  2 21:39:21 2022
imb F  5% pme/F 0.38 step 45742800, will finish Mon May  2 21:39:19 2022
step 45742900, will finish Mon May  2 21:39:17 2022
step 45743000, will finish Mon May  2 21:39:15 2022
step 45743100, will finish Mon May  2 21:39:14 2022
imb F 96% pme/F 0.32 step 45743200, will finish Mon May  2 21:39:12 2022
step 45743300, will finish Mon May  2 21:39:20 2022
step 45743400, will finish Mon May  2 21:39:18 2022
step 45743500, will finish Mon May  2 21:39:41 2022
imb F 53% pme/F 0.26 step 45743600, will finish Mon May  2 21:39:47 2022
step 45743700, will finish Mon May  2 21:39:45 2022
step 45743800, will finish Mon May  2 21:39:45 2022
step 45743900, will finish Mon May  2 21:39:43 2022
imb F 22% pme/F 0.12 step 45744000, will finish Mon May  2 21:39:43 2022
step 45744100, will finish Mon May  2 21:39:41 2022
step 45744200, will finish Mon May  2 21:39:44 2022
step 45744300, will finish Mon May  2 21:39:43 2022
imb F 63% pme/F 0.37 step 45744400, will finish Mon May  2 21:39:41 2022
step 45744500, will finish Mon May  2 21:39:39 2022
step 45744600, will finish Mon May  2 21:39:39 2022
step 45744700, will finish Mon May  2 21:39:38 2022
imb F 60% pme/F 0.31 step 45744800, will finish Mon May  2 21:39:36 2022
step 45744900, will finish Mon May  2 21:39:34 2022
step 45745000, will finish Mon May  2 21:39:32 2022
step 45745100, will finish Mon May  2 21:39:52 2022
imb F 94% pme/F 0.26 step 45745200, will finish Mon May  2 21:39:50 2022
step 45745300, will finish Mon May  2 21:39:48 2022
step 45745400, will finish Mon May  2 21:39:46 2022
step 45745500, will finish Mon May  2 21:39:45 2022
imb F 17% pme/F 0.12 step 45745600, will finish Mon May  2 21:39:51 2022
step 45745700, will finish Mon May  2 21:39:49 2022
step 45745800, will finish Mon May  2 21:39:49 2022
step 45745900, will finish Mon May  2 21:39:58 2022
imb F 53% pme/F 0.32 step 45746000, will finish Mon May  2 21:39:56 2022
step 45746100, will finish Mon May  2 21:39:55 2022
step 45746200, will finish Mon May  2 21:39:53 2022
step 45746300, will finish Mon May  2 21:39:53 2022
imb F 86% pme/F 0.26 step 45746400, will finish Mon May  2 21:39:52 2022
step 45746500, will finish Mon May  2 21:39:57 2022
step 45746600, will finish Mon May  2 21:39:55 2022
step 45746700, will finish Mon May  2 21:39:53 2022
imb F 52% pme/F 0.27 step 45746800, will finish Mon May  2 21:39:52 2022
step 45746900, will finish Mon May  2 21:39:50 2022
step 45747000, will finish Mon May  2 21:39:58 2022
step 45747100, will finish Mon May  2 21:40:04 2022
imb F 70% pme/F 0.29 step 45747200, will finish Mon May  2 21:40:05 2022
step 45747300, will finish Mon May  2 21:40:03 2022
step 45747400, will finish Mon May  2 21:40:07 2022
step 45747500, will finish Mon May  2 21:40:05 2022
imb F 72% pme/F 0.25 step 45747600, will finish Mon May  2 21:40:04 2022
step 45747700, will finish Mon May  2 21:40:10 2022
step 45747800, will finish Mon May  2 21:40:14 2022
step 45747900, will finish Mon May  2 21:40:13 2022
imb F 75% pme/F 0.24 step 45748000, will finish Mon May  2 21:40:11 2022
step 45748100, will finish Mon May  2 21:40:09 2022
step 45748200, will finish Mon May  2 21:40:07 2022
step 45748300, will finish Mon May  2 21:40:06 2022
imb F 64% pme/F 0.23 step 45748400, will finish Mon May  2 21:40:04 2022
step 45748500, will finish Mon May  2 21:40:02 2022
step 45748600, will finish Mon May  2 21:40:05 2022
step 45748700, will finish Mon May  2 21:40:11 2022
imb F 73% pme/F 0.24 step 45748800, will finish Mon May  2 21:40:09 2022
step 45748900, will finish Mon May  2 21:40:25 2022
step 45749000, will finish Mon May  2 21:40:24 2022
step 45749100, will finish Mon May  2 21:40:23 2022
imb F 77% pme/F 0.26 step 45749200, will finish Mon May  2 21:40:27 2022
step 45749300, will finish Mon May  2 21:40:25 2022
step 45749400, will finish Mon May  2 21:40:45 2022
step 45749500, will finish Mon May  2 21:40:54 2022
imb F 103% pme/F 0.25 step 45749600, will finish Mon May  2 21:40:52 2022
step 45749700, will finish Mon May  2 21:40:53 2022
step 45749800, will finish Mon May  2 21:40:58 2022
step 45749900, will finish Mon May  2 21:40:57 2022
imb F 29% pme/F 0.44 step 45750000, will finish Mon May  2 21:40:57 2022
step 45750100, will finish Mon May  2 21:40:55 2022
step 45750200, will finish Mon May  2 21:40:53 2022
step 45750300, will finish Mon May  2 21:40:52 2022
imb F 18% pme/F 0.27 step 45750400, will finish Mon May  2 21:41:01 2022
step 45750500, will finish Mon May  2 21:40:59 2022
step 45750600, will finish Mon May  2 21:41:00 2022
step 45750700, will finish Mon May  2 21:40:59 2022
imb F 85% pme/F 0.26 step 45750800, will finish Mon May  2 21:40:57 2022
